
INSERT INTO PUBLIC.REGION (REGIONID, REGION, REGIONCODE, CREATEDDATE, CREATEDBY, UPDATEDATE, UPDATEBY, DESCRIPTION) VALUES (1, 'Region 1', '1', null, null, null, null, 'Boston');
INSERT INTO PUBLIC.REGION (REGIONID, REGION, REGIONCODE, CREATEDDATE, CREATEDBY, UPDATEDATE, UPDATEBY, DESCRIPTION) VALUES (2, 'Region 2', '2', null, null, null, null, 'New York');
INSERT INTO PUBLIC.REGION (REGIONID, REGION, REGIONCODE, CREATEDDATE, CREATEDBY, UPDATEDATE, UPDATEBY, DESCRIPTION) VALUES (3, 'Region 3', '3', null, null, null, null, 'Philadephia');
INSERT INTO PUBLIC.REGION (REGIONID, REGION, REGIONCODE, CREATEDDATE, CREATEDBY, UPDATEDATE, UPDATEBY, DESCRIPTION) VALUES (4, 'Region 4', '4', null, null, null, null, 'Atlanta');
INSERT INTO PUBLIC.REGION (REGIONID, REGION, REGIONCODE, CREATEDDATE, CREATEDBY, UPDATEDATE, UPDATEBY, DESCRIPTION) VALUES (5, 'Region 5', '5', null, null, null, null, 'Chicago');
INSERT INTO PUBLIC.REGION (REGIONID, REGION, REGIONCODE, CREATEDDATE, CREATEDBY, UPDATEDATE, UPDATEBY, DESCRIPTION) VALUES (6, 'Region 6', '6', null, null, null, null, 'Dallas');
INSERT INTO PUBLIC.REGION (REGIONID, REGION, REGIONCODE, CREATEDDATE, CREATEDBY, UPDATEDATE, UPDATEBY, DESCRIPTION) VALUES (7, 'Region 7', '7', null, null, null, null, 'Kansas City');
INSERT INTO PUBLIC.REGION (REGIONID, REGION, REGIONCODE, CREATEDDATE, CREATEDBY, UPDATEDATE, UPDATEBY, DESCRIPTION) VALUES (8, 'Region 8', '8', null, null, null, null, 'Denver');
INSERT INTO PUBLIC.REGION (REGIONID, REGION, REGIONCODE, CREATEDDATE, CREATEDBY, UPDATEDATE, UPDATEBY, DESCRIPTION) VALUES (9, 'Region 9', '9', null, null, null, null, 'San Francisco');
INSERT INTO PUBLIC.REGION (REGIONID, REGION, REGIONCODE, CREATEDDATE, CREATEDBY, UPDATEDATE, UPDATEBY, DESCRIPTION) VALUES (10, 'Region 10', '10', null, null, null, null, 'Seattle');

INSERT INTO PUBLIC.STATE (STATEID, STATENAME, ABBREVIATION, FIPSCODE, REGIONID, CREATEDDATE, CREATEDBY, UPDATEDATE, UPDATEBY, DESCRIPTION) VALUES (2, 'Alaska', 'AK', '02', 10, null, null, null, null, 'Alaska');
INSERT INTO PUBLIC.STATE (STATEID, STATENAME, ABBREVIATION, FIPSCODE, REGIONID, CREATEDDATE, CREATEDBY, UPDATEDATE, UPDATEBY, DESCRIPTION) VALUES (1, 'Alabama', 'AL', '01', 4, null, null, null, null, 'Alabama');
INSERT INTO PUBLIC.STATE (STATEID, STATENAME, ABBREVIATION, FIPSCODE, REGIONID, CREATEDDATE, CREATEDBY, UPDATEDATE, UPDATEBY, DESCRIPTION) VALUES (4, 'Arizona', 'AZ', '04', 9, null, null, null, null, 'Arizona');
INSERT INTO PUBLIC.STATE (STATEID, STATENAME, ABBREVIATION, FIPSCODE, REGIONID, CREATEDDATE, CREATEDBY, UPDATEDATE, UPDATEBY, DESCRIPTION) VALUES (5, 'Arkansas', 'AR', '05', 6, null, null, null, null, 'Arkansas');
INSERT INTO PUBLIC.STATE (STATEID, STATENAME, ABBREVIATION, FIPSCODE, REGIONID, CREATEDDATE, CREATEDBY, UPDATEDATE, UPDATEBY, DESCRIPTION) VALUES (6, 'California', 'CA', '06', 9, null, null, null, null, 'California');
INSERT INTO PUBLIC.STATE (STATEID, STATENAME, ABBREVIATION, FIPSCODE, REGIONID, CREATEDDATE, CREATEDBY, UPDATEDATE, UPDATEBY, DESCRIPTION) VALUES (7, 'Colorado', 'CO', '08', 8, null, null, null, null, 'Colorado');
INSERT INTO PUBLIC.STATE (STATEID, STATENAME, ABBREVIATION, FIPSCODE, REGIONID, CREATEDDATE, CREATEDBY, UPDATEDATE, UPDATEBY, DESCRIPTION) VALUES (9, 'Connecticut', 'CT', '09', 1, null, null, null, null, 'Connecticut');
INSERT INTO PUBLIC.STATE (STATEID, STATENAME, ABBREVIATION, FIPSCODE, REGIONID, CREATEDDATE, CREATEDBY, UPDATEDATE, UPDATEBY, DESCRIPTION) VALUES (10, 'Delaware', 'DE', '10', 3, null, null, null, null, 'Delaware');
INSERT INTO PUBLIC.STATE (STATEID, STATENAME, ABBREVIATION, FIPSCODE, REGIONID, CREATEDDATE, CREATEDBY, UPDATEDATE, UPDATEBY, DESCRIPTION) VALUES (11, 'District of Columbia', 'DC', '11', 3, null, null, null, null, 'District of Columbia');
INSERT INTO PUBLIC.STATE (STATEID, STATENAME, ABBREVIATION, FIPSCODE, REGIONID, CREATEDDATE, CREATEDBY, UPDATEDATE, UPDATEBY, DESCRIPTION) VALUES (13, 'Florida', 'FL', '12', 4, null, null, null, null, 'Florida');
INSERT INTO PUBLIC.STATE (STATEID, STATENAME, ABBREVIATION, FIPSCODE, REGIONID, CREATEDDATE, CREATEDBY, UPDATEDATE, UPDATEBY, DESCRIPTION) VALUES (14, 'Georgia', 'GA', '13', 4, null, null, null, null, 'Georgia');
INSERT INTO PUBLIC.STATE (STATEID, STATENAME, ABBREVIATION, FIPSCODE, REGIONID, CREATEDDATE, CREATEDBY, UPDATEDATE, UPDATEBY, DESCRIPTION) VALUES (16, 'Hawaii', 'HI', '15', 9, null, null, null, null, 'Hawaii');
INSERT INTO PUBLIC.STATE (STATEID, STATENAME, ABBREVIATION, FIPSCODE, REGIONID, CREATEDDATE, CREATEDBY, UPDATEDATE, UPDATEBY, DESCRIPTION) VALUES (17, 'Idaho', 'ID', '16', 10, null, null, null, null, 'Idaho');
INSERT INTO PUBLIC.STATE (STATEID, STATENAME, ABBREVIATION, FIPSCODE, REGIONID, CREATEDDATE, CREATEDBY, UPDATEDATE, UPDATEBY, DESCRIPTION) VALUES (18, 'Illinois', 'IL', '17', 5, null, null, null, null, 'Illinois');
INSERT INTO PUBLIC.STATE (STATEID, STATENAME, ABBREVIATION, FIPSCODE, REGIONID, CREATEDDATE, CREATEDBY, UPDATEDATE, UPDATEBY, DESCRIPTION) VALUES (19, 'Indiana', 'IN', '18', 5, null, null, null, null, 'Indiana');
INSERT INTO PUBLIC.STATE (STATEID, STATENAME, ABBREVIATION, FIPSCODE, REGIONID, CREATEDDATE, CREATEDBY, UPDATEDATE, UPDATEBY, DESCRIPTION) VALUES (20, 'Iowa', 'IA', '19', 7, null, null, null, null, 'Iowa');
INSERT INTO PUBLIC.STATE (STATEID, STATENAME, ABBREVIATION, FIPSCODE, REGIONID, CREATEDDATE, CREATEDBY, UPDATEDATE, UPDATEBY, DESCRIPTION) VALUES (21, 'Kansas', 'KS', '20', 7, null, null, null, null, 'Kansas');
INSERT INTO PUBLIC.STATE (STATEID, STATENAME, ABBREVIATION, FIPSCODE, REGIONID, CREATEDDATE, CREATEDBY, UPDATEDATE, UPDATEBY, DESCRIPTION) VALUES (22, 'Kentucky', 'KY', '21', 4, null, null, null, null, 'Kentucky');
INSERT INTO PUBLIC.STATE (STATEID, STATENAME, ABBREVIATION, FIPSCODE, REGIONID, CREATEDDATE, CREATEDBY, UPDATEDATE, UPDATEBY, DESCRIPTION) VALUES (23, 'Louisiana', 'LA', '22', 6, null, null, null, null, 'Louisiana');
INSERT INTO PUBLIC.STATE (STATEID, STATENAME, ABBREVIATION, FIPSCODE, REGIONID, CREATEDDATE, CREATEDBY, UPDATEDATE, UPDATEBY, DESCRIPTION) VALUES (24, 'Maine', 'ME', '23', 1, null, null, null, null, 'Maine');
INSERT INTO PUBLIC.STATE (STATEID, STATENAME, ABBREVIATION, FIPSCODE, REGIONID, CREATEDDATE, CREATEDBY, UPDATEDATE, UPDATEBY, DESCRIPTION) VALUES (26, 'Maryland', 'MD', '24', 3, null, null, null, null, 'Maryland');
INSERT INTO PUBLIC.STATE (STATEID, STATENAME, ABBREVIATION, FIPSCODE, REGIONID, CREATEDDATE, CREATEDBY, UPDATEDATE, UPDATEBY, DESCRIPTION) VALUES (27, 'Massachusetts', 'MA', '25', 1, null, null, null, null, 'Massachusetts');
INSERT INTO PUBLIC.STATE (STATEID, STATENAME, ABBREVIATION, FIPSCODE, REGIONID, CREATEDDATE, CREATEDBY, UPDATEDATE, UPDATEBY, DESCRIPTION) VALUES (28, 'Michigan', 'MI', '26', 5, null, null, null, null, 'Michigan');
INSERT INTO PUBLIC.STATE (STATEID, STATENAME, ABBREVIATION, FIPSCODE, REGIONID, CREATEDDATE, CREATEDBY, UPDATEDATE, UPDATEBY, DESCRIPTION) VALUES (29, 'Minnesota', 'MN', '27', 5, null, null, null, null, 'Minnesota');
INSERT INTO PUBLIC.STATE (STATEID, STATENAME, ABBREVIATION, FIPSCODE, REGIONID, CREATEDDATE, CREATEDBY, UPDATEDATE, UPDATEBY, DESCRIPTION) VALUES (30, 'Mississippi', 'MS', '28', 4, null, null, null, null, 'Mississippi');
INSERT INTO PUBLIC.STATE (STATEID, STATENAME, ABBREVIATION, FIPSCODE, REGIONID, CREATEDDATE, CREATEDBY, UPDATEDATE, UPDATEBY, DESCRIPTION) VALUES (31, 'Missouri', 'MO', '29', 7, null, null, null, null, 'Missouri');
INSERT INTO PUBLIC.STATE (STATEID, STATENAME, ABBREVIATION, FIPSCODE, REGIONID, CREATEDDATE, CREATEDBY, UPDATEDATE, UPDATEBY, DESCRIPTION) VALUES (32, 'Montana', 'MT', '30', 8, null, null, null, null, 'Montana');
INSERT INTO PUBLIC.STATE (STATEID, STATENAME, ABBREVIATION, FIPSCODE, REGIONID, CREATEDDATE, CREATEDBY, UPDATEDATE, UPDATEBY, DESCRIPTION) VALUES (33, 'Nebraska', 'NE', '31', 7, null, null, null, null, 'Nebraska');
INSERT INTO PUBLIC.STATE (STATEID, STATENAME, ABBREVIATION, FIPSCODE, REGIONID, CREATEDDATE, CREATEDBY, UPDATEDATE, UPDATEBY, DESCRIPTION) VALUES (34, 'Nevada', 'NV', '32', 9, null, null, null, null, 'Nevada');
INSERT INTO PUBLIC.STATE (STATEID, STATENAME, ABBREVIATION, FIPSCODE, REGIONID, CREATEDDATE, CREATEDBY, UPDATEDATE, UPDATEBY, DESCRIPTION) VALUES (35, 'New Hampshire', 'NH', '33', 1, null, null, null, null, 'New Hampshire');
INSERT INTO PUBLIC.STATE (STATEID, STATENAME, ABBREVIATION, FIPSCODE, REGIONID, CREATEDDATE, CREATEDBY, UPDATEDATE, UPDATEBY, DESCRIPTION) VALUES (36, 'New Jersey', 'NJ', '34', 2, null, null, null, null, 'New Jersey');
INSERT INTO PUBLIC.STATE (STATEID, STATENAME, ABBREVIATION, FIPSCODE, REGIONID, CREATEDDATE, CREATEDBY, UPDATEDATE, UPDATEBY, DESCRIPTION) VALUES (37, 'New Mexico', 'NM', '35', 6, null, null, null, null, 'New Mexico');
INSERT INTO PUBLIC.STATE (STATEID, STATENAME, ABBREVIATION, FIPSCODE, REGIONID, CREATEDDATE, CREATEDBY, UPDATEDATE, UPDATEBY, DESCRIPTION) VALUES (38, 'New York', 'NY', '36', 2, null, null, null, null, 'New York');
INSERT INTO PUBLIC.STATE (STATEID, STATENAME, ABBREVIATION, FIPSCODE, REGIONID, CREATEDDATE, CREATEDBY, UPDATEDATE, UPDATEBY, DESCRIPTION) VALUES (39, 'North Carolina', 'NC', '37', 4, null, null, null, null, 'North Carolina');
INSERT INTO PUBLIC.STATE (STATEID, STATENAME, ABBREVIATION, FIPSCODE, REGIONID, CREATEDDATE, CREATEDBY, UPDATEDATE, UPDATEBY, DESCRIPTION) VALUES (40, 'North Dakota', 'ND', '38', 8, null, null, null, null, 'North Dakota');
INSERT INTO PUBLIC.STATE (STATEID, STATENAME, ABBREVIATION, FIPSCODE, REGIONID, CREATEDDATE, CREATEDBY, UPDATEDATE, UPDATEBY, DESCRIPTION) VALUES (41, 'Ohio', 'OH', '39', 5, null, null, null, null, 'Ohio');
INSERT INTO PUBLIC.STATE (STATEID, STATENAME, ABBREVIATION, FIPSCODE, REGIONID, CREATEDDATE, CREATEDBY, UPDATEDATE, UPDATEBY, DESCRIPTION) VALUES (42, 'Oklahoma', 'OK', '40', 6, null, null, null, null, 'Oklahoma');
INSERT INTO PUBLIC.STATE (STATEID, STATENAME, ABBREVIATION, FIPSCODE, REGIONID, CREATEDDATE, CREATEDBY, UPDATEDATE, UPDATEBY, DESCRIPTION) VALUES (43, 'Oregon', 'OR', '41', 10, null, null, null, null, 'Oregon');
INSERT INTO PUBLIC.STATE (STATEID, STATENAME, ABBREVIATION, FIPSCODE, REGIONID, CREATEDDATE, CREATEDBY, UPDATEDATE, UPDATEBY, DESCRIPTION) VALUES (44, 'Pennsylvania', 'PA', '42', 3, null, null, null, null, 'Pennsylvania');
INSERT INTO PUBLIC.STATE (STATEID, STATENAME, ABBREVIATION, FIPSCODE, REGIONID, CREATEDDATE, CREATEDBY, UPDATEDATE, UPDATEBY, DESCRIPTION) VALUES (45, 'Puerto Rico', 'PR', '72', 2, null, null, null, null, 'Puerto Rico');
INSERT INTO PUBLIC.STATE (STATEID, STATENAME, ABBREVIATION, FIPSCODE, REGIONID, CREATEDDATE, CREATEDBY, UPDATEDATE, UPDATEBY, DESCRIPTION) VALUES (47, 'Rhode Island', 'RI', '44', 1, null, null, null, null, 'Rhode Island');
INSERT INTO PUBLIC.STATE (STATEID, STATENAME, ABBREVIATION, FIPSCODE, REGIONID, CREATEDDATE, CREATEDBY, UPDATEDATE, UPDATEBY, DESCRIPTION) VALUES (48, 'South Carolina', 'SC', '45', 4, null, null, null, null, 'South Carolina');
INSERT INTO PUBLIC.STATE (STATEID, STATENAME, ABBREVIATION, FIPSCODE, REGIONID, CREATEDDATE, CREATEDBY, UPDATEDATE, UPDATEBY, DESCRIPTION) VALUES (49, 'South Dakota', 'SD', '46', 8, null, null, null, null, 'South Dakota');
INSERT INTO PUBLIC.STATE (STATEID, STATENAME, ABBREVIATION, FIPSCODE, REGIONID, CREATEDDATE, CREATEDBY, UPDATEDATE, UPDATEBY, DESCRIPTION) VALUES (50, 'Tennessee', 'TN', '47', 4, null, null, null, null, 'Tennessee');
INSERT INTO PUBLIC.STATE (STATEID, STATENAME, ABBREVIATION, FIPSCODE, REGIONID, CREATEDDATE, CREATEDBY, UPDATEDATE, UPDATEBY, DESCRIPTION) VALUES (51, 'Texas', 'TX', '48', 6, null, null, null, null, 'Texas');
INSERT INTO PUBLIC.STATE (STATEID, STATENAME, ABBREVIATION, FIPSCODE, REGIONID, CREATEDDATE, CREATEDBY, UPDATEDATE, UPDATEBY, DESCRIPTION) VALUES (52, 'Utah', 'UT', '49', 8, null, null, null, null, 'Utah');
INSERT INTO PUBLIC.STATE (STATEID, STATENAME, ABBREVIATION, FIPSCODE, REGIONID, CREATEDDATE, CREATEDBY, UPDATEDATE, UPDATEBY, DESCRIPTION) VALUES (53, 'Vermont', 'VT', '50', 1, null, null, null, null, 'Vermont');
INSERT INTO PUBLIC.STATE (STATEID, STATENAME, ABBREVIATION, FIPSCODE, REGIONID, CREATEDDATE, CREATEDBY, UPDATEDATE, UPDATEBY, DESCRIPTION) VALUES (55, 'Virginia', 'VA', '51', 3, null, null, null, null, 'Virginia');
INSERT INTO PUBLIC.STATE (STATEID, STATENAME, ABBREVIATION, FIPSCODE, REGIONID, CREATEDDATE, CREATEDBY, UPDATEDATE, UPDATEBY, DESCRIPTION) VALUES (56, 'Washington', 'WA', '53', 10, null, null, null, null, 'Washington');
INSERT INTO PUBLIC.STATE (STATEID, STATENAME, ABBREVIATION, FIPSCODE, REGIONID, CREATEDDATE, CREATEDBY, UPDATEDATE, UPDATEBY, DESCRIPTION) VALUES (57, 'West Virginia', 'WV', '54', 3, null, null, null, null, 'West Virginia');
INSERT INTO PUBLIC.STATE (STATEID, STATENAME, ABBREVIATION, FIPSCODE, REGIONID, CREATEDDATE, CREATEDBY, UPDATEDATE, UPDATEBY, DESCRIPTION) VALUES (58, 'Wisconsin', 'WI', '55', 5, null, null, null, null, 'Wisconsin');
INSERT INTO PUBLIC.STATE (STATEID, STATENAME, ABBREVIATION, FIPSCODE, REGIONID, CREATEDDATE, CREATEDBY, UPDATEDATE, UPDATEBY, DESCRIPTION) VALUES (59, 'Wyoming', 'WY', '56', 8, null, null, null, null, 'Wyoming');
INSERT INTO PUBLIC.STATE (STATEID, STATENAME, ABBREVIATION, FIPSCODE, REGIONID, CREATEDDATE, CREATEDBY, UPDATEDATE, UPDATEBY, DESCRIPTION) VALUES (60, 'Test State', 'ST', '57', 1, null, null, null, null, 'Test State');

-- Somewhat non-volitol data

INSERT INTO PUBLIC.TRANSMISSIONTYPE (TRANSMISSIONTYPEID, NAME, CREATEDDATE, CREATEDBY, UPDATEDATE, UPDATEBY, DESCRIPTION) VALUES (1, 'Test', null, null, null, null, 'Test (used to verify connection, extraction, transmission, and format).');
INSERT INTO PUBLIC.TRANSMISSIONTYPE (TRANSMISSIONTYPEID, NAME, CREATEDDATE, CREATEDBY, UPDATEDATE, UPDATEBY, DESCRIPTION) VALUES (2, 'Regular', null, null, null, null, 'Regular (standard submission for a reporting period).');
INSERT INTO PUBLIC.TRANSMISSIONTYPE (TRANSMISSIONTYPEID, NAME, CREATEDDATE, CREATEDBY, UPDATEDATE, UPDATEBY, DESCRIPTION) VALUES (3, 'Corrected', null, null, null, null, 'Corrected (corrections to remedy compliance issues in the just-prior period).');
INSERT INTO PUBLIC.TRANSMISSIONTYPE (TRANSMISSIONTYPEID, NAME, CREATEDDATE, CREATEDBY, UPDATEDATE, UPDATEBY, DESCRIPTION) VALUES (4, 'Subsequent', null, null, null, null, 'Subsequent (resubmitted after regular or corrected data files for a report period).');

INSERT INTO PUBLIC.PRIMARYUSERROLE (PRIMARYUSERROLEID, NAME, CREATEDDATE, CREATEDBY, UPDATEDATE, UPDATEBY, DESCRIPTION) VALUES (1, 'System Administrator', null, null, null, null, 'SA');
INSERT INTO PUBLIC.PRIMARYUSERROLE (PRIMARYUSERROLEID, NAME, CREATEDDATE, CREATEDBY, UPDATEDATE, UPDATEBY, DESCRIPTION) VALUES (2, 'CB Central Office Staff Member', null, null, null, null, 'Federal');
INSERT INTO PUBLIC.PRIMARYUSERROLE (PRIMARYUSERROLEID, NAME, CREATEDDATE, CREATEDBY, UPDATEDATE, UPDATEBY, DESCRIPTION) VALUES (3, 'Regional Office User', null, null, null, null, 'Regional');
INSERT INTO PUBLIC.PRIMARYUSERROLE (PRIMARYUSERROLEID, NAME, CREATEDDATE, CREATEDBY, UPDATEDATE, UPDATEBY, DESCRIPTION) VALUES (4, 'State User', null, null, null, null, 'State');

INSERT INTO PUBLIC.SECONDARYUSERROLE (SECONDARYUSERROLEID, NAME, CREATEDDATE, CREATEDBY, UPDATEDATE, UPDATEBY, DESCRIPTION) VALUES (1, 'Data Analyst', null, null, null, null, 'The secondary role "Data Analyst" shall be defined to include members of the Children''s Bureau Data Team.');
INSERT INTO PUBLIC.SECONDARYUSERROLE (SECONDARYUSERROLEID, NAME, CREATEDDATE, CREATEDBY, UPDATEDATE, UPDATEBY, DESCRIPTION) VALUES (2, 'State Authorized Official', null, null, null, null, 'The secondary role "State Authorized Official" shall be defined to include users granted administrative responsibilities beyond their primary role.');
INSERT INTO PUBLIC.SECONDARYUSERROLE (SECONDARYUSERROLEID, NAME, CREATEDDATE, CREATEDBY, UPDATEDATE, UPDATEBY, DESCRIPTION) VALUES (3, 'Manager', null, null, null, null, 'The secondary role "Manager" shall be defined to include users granted management responsibilities beyond their primary role.');
INSERT INTO PUBLIC.SECONDARYUSERROLE (SECONDARYUSERROLEID, NAME, CREATEDDATE, CREATEDBY, UPDATEDATE, UPDATEBY, DESCRIPTION) VALUES (4, 'ICF NYTD Developer', null, null, null, null, null);

INSERT INTO PUBLIC.COHORTS (COHORTSID, NAME, REPORTYEAR17, REPORTYEAR19, REPORTYEAR21) VALUES (1, 'Cohort 1', '2011', '2013', '2015');
INSERT INTO PUBLIC.COHORTS (COHORTSID, NAME, REPORTYEAR17, REPORTYEAR19, REPORTYEAR21) VALUES (2, 'Cohort 2', '2014', '2016', '2018');
INSERT INTO PUBLIC.COHORTS (COHORTSID, NAME, REPORTYEAR17, REPORTYEAR19, REPORTYEAR21) VALUES (3, 'Cohort 3', '2017', '2019', '2021');
INSERT INTO PUBLIC.COHORTS (COHORTSID, NAME, REPORTYEAR17, REPORTYEAR19, REPORTYEAR21) VALUES (4, 'Cohort 4', '2020', '2022', '2024');

INSERT INTO PUBLIC.ELEMENT (ELEMENTID, NAME, CREATEDDATE, CREATEDBY, UPDATEDATE, UPDATEBY, DESCRIPTION, NODENAME, VARIABLENAME, SORT) VALUES (1, '1', null, null, null, null, 'State', null, null, 1);
INSERT INTO PUBLIC.ELEMENT (ELEMENTID, NAME, CREATEDDATE, CREATEDBY, UPDATEDATE, UPDATEBY, DESCRIPTION, NODENAME, VARIABLENAME, SORT) VALUES (2, '2', null, null, null, null, 'Report Date', null, null, 2);
INSERT INTO PUBLIC.ELEMENT (ELEMENTID, NAME, CREATEDDATE, CREATEDBY, UPDATEDATE, UPDATEBY, DESCRIPTION, NODENAME, VARIABLENAME, SORT) VALUES (3, '3', null, null, null, null, 'Record Number', 'E3_record_number', 'v_E3_record_number', 3);
INSERT INTO PUBLIC.ELEMENT (ELEMENTID, NAME, CREATEDDATE, CREATEDBY, UPDATEDATE, UPDATEBY, DESCRIPTION, NODENAME, VARIABLENAME, SORT) VALUES (4, '4', null, null, null, null, 'Date of Birth', 'E4_date_of_birth', 'v_E4_date_of_birth', 4);
INSERT INTO PUBLIC.ELEMENT (ELEMENTID, NAME, CREATEDDATE, CREATEDBY, UPDATEDATE, UPDATEBY, DESCRIPTION, NODENAME, VARIABLENAME, SORT) VALUES (5, '5', null, null, null, null, 'Sex', 'E5_sex', 'v_E5_sex', 5);
INSERT INTO PUBLIC.ELEMENT (ELEMENTID, NAME, CREATEDDATE, CREATEDBY, UPDATEDATE, UPDATEBY, DESCRIPTION, NODENAME, VARIABLENAME, SORT) VALUES (6, '6', null, null, null, null, 'Race - American Indian or Alaska Native', 'E6_race_american_indian_alaska_native', 'v_E6_race_american_indian_', 6);
INSERT INTO PUBLIC.ELEMENT (ELEMENTID, NAME, CREATEDDATE, CREATEDBY, UPDATEDATE, UPDATEBY, DESCRIPTION, NODENAME, VARIABLENAME, SORT) VALUES (7, '7', null, null, null, null, 'Race - Asian', 'E7_race_asian', 'v_E7_race_asian', 7);
INSERT INTO PUBLIC.ELEMENT (ELEMENTID, NAME, CREATEDDATE, CREATEDBY, UPDATEDATE, UPDATEBY, DESCRIPTION, NODENAME, VARIABLENAME, SORT) VALUES (8, '8', null, null, null, null, 'Race - Black or African American', 'E8_race_black_african_american', 'v_E8_race_black_african_', 8);
INSERT INTO PUBLIC.ELEMENT (ELEMENTID, NAME, CREATEDDATE, CREATEDBY, UPDATEDATE, UPDATEBY, DESCRIPTION, NODENAME, VARIABLENAME, SORT) VALUES (9, '9', null, null, null, null, 'Race - Native Hawaiian or Other Pacific Islander', 'E9_race_hawaiian_pacific_islander', 'v_E9_race_hawaiian_pacific_', 9);
INSERT INTO PUBLIC.ELEMENT (ELEMENTID, NAME, CREATEDDATE, CREATEDBY, UPDATEDATE, UPDATEBY, DESCRIPTION, NODENAME, VARIABLENAME, SORT) VALUES (10, '10', null, null, null, null, 'Race - White', 'E10_race_white', 'v_E10_race_white', 10);
INSERT INTO PUBLIC.ELEMENT (ELEMENTID, NAME, CREATEDDATE, CREATEDBY, UPDATEDATE, UPDATEBY, DESCRIPTION, NODENAME, VARIABLENAME, SORT) VALUES (11, '11', null, null, null, null, 'Race - Unknown', 'E11_race_unknown', 'v_E11_race_unknown', 11);
INSERT INTO PUBLIC.ELEMENT (ELEMENTID, NAME, CREATEDDATE, CREATEDBY, UPDATEDATE, UPDATEBY, DESCRIPTION, NODENAME, VARIABLENAME, SORT) VALUES (12, '12', null, null, null, null, 'Race - Declined', 'E12_race_declined', 'v_E12_race_declined', 12);
INSERT INTO PUBLIC.ELEMENT (ELEMENTID, NAME, CREATEDDATE, CREATEDBY, UPDATEDATE, UPDATEBY, DESCRIPTION, NODENAME, VARIABLENAME, SORT) VALUES (13, '13', null, null, null, null, 'Hispanic or Latino Ethnicity', 'E13_hispanic_latino', 'v_E13_hispanic_latino', 13);
INSERT INTO PUBLIC.ELEMENT (ELEMENTID, NAME, CREATEDDATE, CREATEDBY, UPDATEDATE, UPDATEBY, DESCRIPTION, NODENAME, VARIABLENAME, SORT) VALUES (14, '14', null, null, null, null, 'Foster Care Status - Services', 'E14_foster_care_status_services', 'v_E14_foster_care_status_', 14);
INSERT INTO PUBLIC.ELEMENT (ELEMENTID, NAME, CREATEDDATE, CREATEDBY, UPDATEDATE, UPDATEBY, DESCRIPTION, NODENAME, VARIABLENAME, SORT) VALUES (15, '15', null, null, null, null, 'Local Agency', 'E15_local_agency', 'v_E15_local_agency', 15);
INSERT INTO PUBLIC.ELEMENT (ELEMENTID, NAME, CREATEDDATE, CREATEDBY, UPDATEDATE, UPDATEBY, DESCRIPTION, NODENAME, VARIABLENAME, SORT) VALUES (16, '16', null, null, null, null, 'Federally Recognized Tribe', 'E16_federally_recognized_tribe', 'v_E16_federally_recognized_', 16);
INSERT INTO PUBLIC.ELEMENT (ELEMENTID, NAME, CREATEDDATE, CREATEDBY, UPDATEDATE, UPDATEBY, DESCRIPTION, NODENAME, VARIABLENAME, SORT) VALUES (17, '17', null, null, null, null, 'Adjudicated Delinquent', 'E17_adjudicated_delinquent', 'v_E17_adjudicated_delinquent', 17);
INSERT INTO PUBLIC.ELEMENT (ELEMENTID, NAME, CREATEDDATE, CREATEDBY, UPDATEDATE, UPDATEBY, DESCRIPTION, NODENAME, VARIABLENAME, SORT) VALUES (18, '18', null, null, null, null, 'Educational Level', 'E18_education_level', 'v_E18_educational_level', 18);
INSERT INTO PUBLIC.ELEMENT (ELEMENTID, NAME, CREATEDDATE, CREATEDBY, UPDATEDATE, UPDATEBY, DESCRIPTION, NODENAME, VARIABLENAME, SORT) VALUES (19, '19', null, null, null, null, 'Special Education', 'E19_special_education_status', 'v_E19_special_education', 19);
INSERT INTO PUBLIC.ELEMENT (ELEMENTID, NAME, CREATEDDATE, CREATEDBY, UPDATEDATE, UPDATEBY, DESCRIPTION, NODENAME, VARIABLENAME, SORT) VALUES (20, '20', null, null, null, null, 'Independent Living Needs Assessment', 'E20_independent_living_needs_assess', 'v_E20_independent_living_', 20);
INSERT INTO PUBLIC.ELEMENT (ELEMENTID, NAME, CREATEDDATE, CREATEDBY, UPDATEDATE, UPDATEBY, DESCRIPTION, NODENAME, VARIABLENAME, SORT) VALUES (21, '21', null, null, null, null, 'Academic Support', 'E21_academic_support', 'v_E21_academic_support', 21);
INSERT INTO PUBLIC.ELEMENT (ELEMENTID, NAME, CREATEDDATE, CREATEDBY, UPDATEDATE, UPDATEBY, DESCRIPTION, NODENAME, VARIABLENAME, SORT) VALUES (22, '22', null, null, null, null, 'Post-secondary Educational Support', 'E22_post_secondary_educ_support', 'v_E22_post_secondary_educ_', 22);
INSERT INTO PUBLIC.ELEMENT (ELEMENTID, NAME, CREATEDDATE, CREATEDBY, UPDATEDATE, UPDATEBY, DESCRIPTION, NODENAME, VARIABLENAME, SORT) VALUES (23, '23', null, null, null, null, 'Career Preparation', 'E23_career_preparation', 'v_E23_career_preparation', 23);
INSERT INTO PUBLIC.ELEMENT (ELEMENTID, NAME, CREATEDDATE, CREATEDBY, UPDATEDATE, UPDATEBY, DESCRIPTION, NODENAME, VARIABLENAME, SORT) VALUES (24, '24', null, null, null, null, 'Employment Programs or Vocational Training', 'E24_employment_programs', 'v_E24_employment_programs', 24);
INSERT INTO PUBLIC.ELEMENT (ELEMENTID, NAME, CREATEDDATE, CREATEDBY, UPDATEDATE, UPDATEBY, DESCRIPTION, NODENAME, VARIABLENAME, SORT) VALUES (25, '25', null, null, null, null, 'Budget and Financial Management', 'E25_budget_financial_mgmt', 'v_E25_budget_financial_mgmt', 25);
INSERT INTO PUBLIC.ELEMENT (ELEMENTID, NAME, CREATEDDATE, CREATEDBY, UPDATEDATE, UPDATEBY, DESCRIPTION, NODENAME, VARIABLENAME, SORT) VALUES (26, '26', null, null, null, null, 'Housing Education and Home Management Training', 'E26_housing_educ_home_mgmt_training', 'v_E26_housing_educ_home_', 26);
INSERT INTO PUBLIC.ELEMENT (ELEMENTID, NAME, CREATEDDATE, CREATEDBY, UPDATEDATE, UPDATEBY, DESCRIPTION, NODENAME, VARIABLENAME, SORT) VALUES (27, '27', null, null, null, null, 'Health Education and Risk Prevention', 'E27_health_educ_risk_prevention', 'v_E27_health_educ_risk_', 27);
INSERT INTO PUBLIC.ELEMENT (ELEMENTID, NAME, CREATEDDATE, CREATEDBY, UPDATEDATE, UPDATEBY, DESCRIPTION, NODENAME, VARIABLENAME, SORT) VALUES (28, '28', null, null, null, null, 'Family Support and Healthy Marriage Education', 'E28_family_support_healthy_marriage_educ', 'v_E28_family_support_healthy_', 28);
INSERT INTO PUBLIC.ELEMENT (ELEMENTID, NAME, CREATEDDATE, CREATEDBY, UPDATEDATE, UPDATEBY, DESCRIPTION, NODENAME, VARIABLENAME, SORT) VALUES (29, '29', null, null, null, null, 'Mentoring', 'E29_mentoring', 'v_E29_mentoring', 29);
INSERT INTO PUBLIC.ELEMENT (ELEMENTID, NAME, CREATEDDATE, CREATEDBY, UPDATEDATE, UPDATEBY, DESCRIPTION, NODENAME, VARIABLENAME, SORT) VALUES (30, '30', null, null, null, null, 'Supervised Independent Living', 'E30_supervised_independent_living', 'v_E30_supervised_independent_', 30);
INSERT INTO PUBLIC.ELEMENT (ELEMENTID, NAME, CREATEDDATE, CREATEDBY, UPDATEDATE, UPDATEBY, DESCRIPTION, NODENAME, VARIABLENAME, SORT) VALUES (31, '31', null, null, null, null, 'Room and Board Financial Assistance', 'E31_room_board_financial_assist', 'v_E31_room_board_financial_', 31);
INSERT INTO PUBLIC.ELEMENT (ELEMENTID, NAME, CREATEDDATE, CREATEDBY, UPDATEDATE, UPDATEBY, DESCRIPTION, NODENAME, VARIABLENAME, SORT) VALUES (32, '32', null, null, null, null, 'Education Financial Assistance', 'E32_educ_financial_assist', 'v_E32_educ_financial_assist', 32);
INSERT INTO PUBLIC.ELEMENT (ELEMENTID, NAME, CREATEDDATE, CREATEDBY, UPDATEDATE, UPDATEBY, DESCRIPTION, NODENAME, VARIABLENAME, SORT) VALUES (33, '33', null, null, null, null, 'Other Financial Assistance', 'E33_other_financial_assist', 'v_E33_other_financial_assist', 33);
INSERT INTO PUBLIC.ELEMENT (ELEMENTID, NAME, CREATEDDATE, CREATEDBY, UPDATEDATE, UPDATEBY, DESCRIPTION, NODENAME, VARIABLENAME, SORT) VALUES (34, '34', null, null, null, null, 'Outcomes Reporting Status', 'E34_outcomes_reporting_status', 'v_E34_outcomes_reporting_', 34);
INSERT INTO PUBLIC.ELEMENT (ELEMENTID, NAME, CREATEDDATE, CREATEDBY, UPDATEDATE, UPDATEBY, DESCRIPTION, NODENAME, VARIABLENAME, SORT) VALUES (35, '35', null, null, null, null, 'Date of Outcome Data Collection', 'E35_date_outcome_data_collection', 'v_E35_date_outcome_data_', 35);
INSERT INTO PUBLIC.ELEMENT (ELEMENTID, NAME, CREATEDDATE, CREATEDBY, UPDATEDATE, UPDATEBY, DESCRIPTION, NODENAME, VARIABLENAME, SORT) VALUES (36, '36', null, null, null, null, 'Foster Care Status - Outcomes', 'E36_foster_care_status_outcomes', 'v_E36_foster_care_status_', 36);
INSERT INTO PUBLIC.ELEMENT (ELEMENTID, NAME, CREATEDDATE, CREATEDBY, UPDATEDATE, UPDATEBY, DESCRIPTION, NODENAME, VARIABLENAME, SORT) VALUES (37, '37', null, null, null, null, 'Current Full-Time Employment', 'E37_current_full_time_employment', 'v_E37_current_full_time_', 37);
INSERT INTO PUBLIC.ELEMENT (ELEMENTID, NAME, CREATEDDATE, CREATEDBY, UPDATEDATE, UPDATEBY, DESCRIPTION, NODENAME, VARIABLENAME, SORT) VALUES (38, '38', null, null, null, null, 'Current Part-Time Employment', 'E38_current_part_time_employment', 'v_E38_current_part_time_', 38);
INSERT INTO PUBLIC.ELEMENT (ELEMENTID, NAME, CREATEDDATE, CREATEDBY, UPDATEDATE, UPDATEBY, DESCRIPTION, NODENAME, VARIABLENAME, SORT) VALUES (39, '39', null, null, null, null, 'Employment-Related Skills', 'E39_employment_related_skills', 'v_E39_employment_related_', 39);
INSERT INTO PUBLIC.ELEMENT (ELEMENTID, NAME, CREATEDDATE, CREATEDBY, UPDATEDATE, UPDATEBY, DESCRIPTION, NODENAME, VARIABLENAME, SORT) VALUES (40, '40', null, null, null, null, 'Social Security', 'E40_social_security', 'v_E40_social_security', 40);
INSERT INTO PUBLIC.ELEMENT (ELEMENTID, NAME, CREATEDDATE, CREATEDBY, UPDATEDATE, UPDATEBY, DESCRIPTION, NODENAME, VARIABLENAME, SORT) VALUES (41, '41', null, null, null, null, 'Educational Aid', 'E41_educ_aid', 'v_E41_educ_aid', 41);
INSERT INTO PUBLIC.ELEMENT (ELEMENTID, NAME, CREATEDDATE, CREATEDBY, UPDATEDATE, UPDATEBY, DESCRIPTION, NODENAME, VARIABLENAME, SORT) VALUES (42, '42', null, null, null, null, 'Public Financial Assistance', 'E42_public_financial_assist', 'v_E42_public_financial_', 42);
INSERT INTO PUBLIC.ELEMENT (ELEMENTID, NAME, CREATEDDATE, CREATEDBY, UPDATEDATE, UPDATEBY, DESCRIPTION, NODENAME, VARIABLENAME, SORT) VALUES (43, '43', null, null, null, null, 'Public Food Assistance', 'E43_public_food_assist', 'v_E43_public_food_assist', 43);
INSERT INTO PUBLIC.ELEMENT (ELEMENTID, NAME, CREATEDDATE, CREATEDBY, UPDATEDATE, UPDATEBY, DESCRIPTION, NODENAME, VARIABLENAME, SORT) VALUES (44, '44', null, null, null, null, 'Public Housing Assistance', 'E44_public_housing_assist', 'v_E44_public_housing_assist', 44);
INSERT INTO PUBLIC.ELEMENT (ELEMENTID, NAME, CREATEDDATE, CREATEDBY, UPDATEDATE, UPDATEBY, DESCRIPTION, NODENAME, VARIABLENAME, SORT) VALUES (45, '45', null, null, null, null, 'Other Financial Support', 'E45_other_financial_support', 'v_E45_other_financial_', 45);
INSERT INTO PUBLIC.ELEMENT (ELEMENTID, NAME, CREATEDDATE, CREATEDBY, UPDATEDATE, UPDATEBY, DESCRIPTION, NODENAME, VARIABLENAME, SORT) VALUES (46, '46', null, null, null, null, 'Highest Educational Certification Received', 'E46_highest_educ_certification', 'v_E46_highest_educ_', 46);
INSERT INTO PUBLIC.ELEMENT (ELEMENTID, NAME, CREATEDDATE, CREATEDBY, UPDATEDATE, UPDATEBY, DESCRIPTION, NODENAME, VARIABLENAME, SORT) VALUES (47, '47', null, null, null, null, 'Current Enrollment and Attendance', 'E47_current_enrollment_attendance', 'v_E47_current_enrollment_', 47);
INSERT INTO PUBLIC.ELEMENT (ELEMENTID, NAME, CREATEDDATE, CREATEDBY, UPDATEDATE, UPDATEBY, DESCRIPTION, NODENAME, VARIABLENAME, SORT) VALUES (48, '48', null, null, null, null, 'Connection to an Adult', 'E48_connection_adult', 'v_E48_connection_adult', 48);
INSERT INTO PUBLIC.ELEMENT (ELEMENTID, NAME, CREATEDDATE, CREATEDBY, UPDATEDATE, UPDATEBY, DESCRIPTION, NODENAME, VARIABLENAME, SORT) VALUES (49, '49', null, null, null, null, 'Homelessness', 'E49_homelessness', 'v_E49_homelessness', 49);
INSERT INTO PUBLIC.ELEMENT (ELEMENTID, NAME, CREATEDDATE, CREATEDBY, UPDATEDATE, UPDATEBY, DESCRIPTION, NODENAME, VARIABLENAME, SORT) VALUES (50, '50', null, null, null, null, 'Substance Abuse Referral', 'E50_substance_abuse_referral', 'v_E50_substance_abuse_', 50);
INSERT INTO PUBLIC.ELEMENT (ELEMENTID, NAME, CREATEDDATE, CREATEDBY, UPDATEDATE, UPDATEBY, DESCRIPTION, NODENAME, VARIABLENAME, SORT) VALUES (51, '51', null, null, null, null, 'Incarceration', 'E51_incarceration', 'v_E51_incarceration', 51);
INSERT INTO PUBLIC.ELEMENT (ELEMENTID, NAME, CREATEDDATE, CREATEDBY, UPDATEDATE, UPDATEBY, DESCRIPTION, NODENAME, VARIABLENAME, SORT) VALUES (52, '52', null, null, null, null, 'Children', 'E52_children', 'v_E52_children', 52);
INSERT INTO PUBLIC.ELEMENT (ELEMENTID, NAME, CREATEDDATE, CREATEDBY, UPDATEDATE, UPDATEBY, DESCRIPTION, NODENAME, VARIABLENAME, SORT) VALUES (53, '53', null, null, null, null, 'Marriage at Child''s Birth', 'E53_marriage_at_childs_birth', 'v_E53_marriage_at_childs_', 53);
INSERT INTO PUBLIC.ELEMENT (ELEMENTID, NAME, CREATEDDATE, CREATEDBY, UPDATEDATE, UPDATEBY, DESCRIPTION, NODENAME, VARIABLENAME, SORT) VALUES (54, '54', null, null, null, null, 'Medicaid', 'E54_medicaid', 'v_E54_medicaid', 54);
INSERT INTO PUBLIC.ELEMENT (ELEMENTID, NAME, CREATEDDATE, CREATEDBY, UPDATEDATE, UPDATEBY, DESCRIPTION, NODENAME, VARIABLENAME, SORT) VALUES (55, '55', null, null, null, null, 'Other Health Insurance Coverage', 'E55_other_health_insurance', 'v_E55_other_health_insurance', 55);
INSERT INTO PUBLIC.ELEMENT (ELEMENTID, NAME, CREATEDDATE, CREATEDBY, UPDATEDATE, UPDATEBY, DESCRIPTION, NODENAME, VARIABLENAME, SORT) VALUES (56, '56', null, null, null, null, 'Health Insurance Type: Medical', 'E56_health_insurance_type_medical', 'v_E56_health_insurance_type_', 56);
INSERT INTO PUBLIC.ELEMENT (ELEMENTID, NAME, CREATEDDATE, CREATEDBY, UPDATEDATE, UPDATEBY, DESCRIPTION, NODENAME, VARIABLENAME, SORT) VALUES (57, '57', null, null, null, null, 'Health Insurance Type: Mental Health', 'E57_health_insurance_type_mental_health', 'v_E57_health_insurance_type_', 57);
INSERT INTO PUBLIC.ELEMENT (ELEMENTID, NAME, CREATEDDATE, CREATEDBY, UPDATEDATE, UPDATEBY, DESCRIPTION, NODENAME, VARIABLENAME, SORT) VALUES (58, '58', null, null, null, null, 'Health Insurance Type: Prescription Drugs', 'E58_health_insurance_type_prescription_drugs', 'v_E58_health_insurance_type_', 58);


INSERT INTO PUBLIC.COMPLIANCESUPERCATEGORY (COMPLIANCESUPERCATEGORYID, NAME, CREATEDDATE, CREATEDBY, UPDATEDATE, UPDATEBY, DESCRIPTION) VALUES (1, 'File Submission Standards', null, null, null, null, 'File Submission Standards');
INSERT INTO PUBLIC.COMPLIANCESUPERCATEGORY (COMPLIANCESUPERCATEGORYID, NAME, CREATEDDATE, CREATEDBY, UPDATEDATE, UPDATEBY, DESCRIPTION) VALUES (2, 'Data Standards', null, null, null, null, 'Data Standards');

INSERT INTO PUBLIC.COMPLIANCECATEGORY (COMPLIANCECATEGORYID, NAME, SUPERCATEGORYID, STANDARDPENALTYVALUE, CREATEDDATE, CREATEDBY, UPDATEDATE, UPDATEBY, DESCRIPTION, PENALTYLETTERDESC, PENALTYLETTERDESC2) VALUES (10, 'Error free Information', 1, '2.5', null, null, null, null, null, 'The state submitted a data file that did not contain 100 percent error-free information for the following element(s) as required by 45 CFR 1356.85(a)(3):', 'File submission standard for error-free information set forth in 45 CFR 1356.85(a)(3).');
INSERT INTO PUBLIC.COMPLIANCECATEGORY (COMPLIANCECATEGORYID, NAME, SUPERCATEGORYID, STANDARDPENALTYVALUE, CREATEDDATE, CREATEDBY, UPDATEDATE, UPDATEBY, DESCRIPTION, PENALTYLETTERDESC, PENALTYLETTERDESC2) VALUES (1, 'Timely Data', 1, '2.5', null, null, null, null, null, 'The state did not submit a data file for the period ending {March 31 or September 30} by {May 15 or November 14} (45 CFR 1356.85(a)(1).', 'File submission standard for timely data set forth in 45 CFR 1356.85(a)(1).');
INSERT INTO PUBLIC.COMPLIANCECATEGORY (COMPLIANCECATEGORYID, NAME, SUPERCATEGORYID, STANDARDPENALTYVALUE, CREATEDDATE, CREATEDBY, UPDATEDATE, UPDATEBY, DESCRIPTION, PENALTYLETTERDESC, PENALTYLETTERDESC2) VALUES (2, 'File Format', 1, '2.5', null, null, null, null, null, 'The state submitted a data file in a format that did not meet ACF''s specifications as required by 45 CFR 1356.85(a)(2).', 'File submission standard for format set forth in 45 CFR 1356.85(a)(2).');
INSERT INTO PUBLIC.COMPLIANCECATEGORY (COMPLIANCECATEGORYID, NAME, SUPERCATEGORYID, STANDARDPENALTYVALUE, CREATEDDATE, CREATEDBY, UPDATEDATE, UPDATEBY, DESCRIPTION, PENALTYLETTERDESC, PENALTYLETTERDESC2) VALUES (3, 'Error free Information', 2, '1.25', null, null, null, null, null, 'The state submitted a data file that did not contain at least 90 percent error-free information for the following element(s) as required by 45 CFR 1356.85(b)(1).', 'Data standard for error-free information set forth in 45 CFR 1356.85(b)(1).');
INSERT INTO PUBLIC.COMPLIANCECATEGORY (COMPLIANCECATEGORYID, NAME, SUPERCATEGORYID, STANDARDPENALTYVALUE, CREATEDDATE, CREATEDBY, UPDATEDATE, UPDATEBY, DESCRIPTION, PENALTYLETTERDESC, PENALTYLETTERDESC2) VALUES (4, 'Outcomes Universe', 2, '1.25', null, null, null, null, null, 'The state submitted a data file with youth records that did not contain at least outcomes data for the outcomes reporting status element at 45 CFR 1356.83(g)(34) (45 CFR 1356.85(b)(2).', 'Data standard for outcomes universe set forth in 45 CFR 1356.85(b)(2).');
INSERT INTO PUBLIC.COMPLIANCECATEGORY (COMPLIANCECATEGORYID, NAME, SUPERCATEGORYID, STANDARDPENALTYVALUE, CREATEDDATE, CREATEDBY, UPDATEDATE, UPDATEBY, DESCRIPTION, PENALTYLETTERDESC, PENALTYLETTERDESC2) VALUES (5, 'Outcomes Participation - Foster Care Youth', 2, '0.5', null, null, null, null, null, 'The state submitted a data file that did not contain outcomes information on at least 80 percent of youth in the follow-up population who were in foster care on the date of outcomes data collection (45 CFR 1356.85(b)(3)(i))', 'Data standard for outcomes participation rate for foster youth set forth in 45 CFR 1356.85(b)(3)(i)');
INSERT INTO PUBLIC.COMPLIANCECATEGORY (COMPLIANCECATEGORYID, NAME, SUPERCATEGORYID, STANDARDPENALTYVALUE, CREATEDDATE, CREATEDBY, UPDATEDATE, UPDATEBY, DESCRIPTION, PENALTYLETTERDESC, PENALTYLETTERDESC2) VALUES (6, 'Outcomes Participation - Discharged Youth', 2, '0.5', null, null, null, null, null, 'The state submitted a data file that did not contain outcomes information on at least 60 percent of youth in the follow-up population who were not in foster care on the date of outcomes data collection (45 CFR 1356.85(b)(3)(ii))).', 'Data standard for outcomes participation rate for discharged youth set forth in 45 CFR 1356.85(b)(3)(ii).');
INSERT INTO PUBLIC.COMPLIANCECATEGORY (COMPLIANCECATEGORYID, NAME, SUPERCATEGORYID, STANDARDPENALTYVALUE, CREATEDDATE, CREATEDBY, UPDATEDATE, UPDATEBY, DESCRIPTION, PENALTYLETTERDESC, PENALTYLETTERDESC2) VALUES (7, 'Missing Data', null, null, null, null, null, null, null, null, null);
INSERT INTO PUBLIC.COMPLIANCECATEGORY (COMPLIANCECATEGORYID, NAME, SUPERCATEGORYID, STANDARDPENALTYVALUE, CREATEDDATE, CREATEDBY, UPDATEDATE, UPDATEBY, DESCRIPTION, PENALTYLETTERDESC, PENALTYLETTERDESC2) VALUES (8, 'Out of Range Data', null, null, null, null, null, null, null, null, null);
INSERT INTO PUBLIC.COMPLIANCECATEGORY (COMPLIANCECATEGORYID, NAME, SUPERCATEGORYID, STANDARDPENALTYVALUE, CREATEDDATE, CREATEDBY, UPDATEDATE, UPDATEBY, DESCRIPTION, PENALTYLETTERDESC, PENALTYLETTERDESC2) VALUES (9, 'Internally Inconsistent Data', null, null, null, null, null, null, null, null, null);
INSERT INTO PUBLIC.COMPLIANCECATEGORY (COMPLIANCECATEGORYID, NAME, SUPERCATEGORYID, STANDARDPENALTYVALUE, CREATEDDATE, CREATEDBY, UPDATEDATE, UPDATEBY, DESCRIPTION, PENALTYLETTERDESC, PENALTYLETTERDESC2) VALUES (12, 'File Format - Duplicate Records', null, null, null, null, null, null, null, null, null);
INSERT INTO PUBLIC.COMPLIANCECATEGORY (COMPLIANCECATEGORYID, NAME, SUPERCATEGORYID, STANDARDPENALTYVALUE, CREATEDDATE, CREATEDBY, UPDATEDATE, UPDATEBY, DESCRIPTION, PENALTYLETTERDESC, PENALTYLETTERDESC2) VALUES (11, 'Improperly Formatted Value', null, null, null, null, null, null, null, null, null);

INSERT INTO PUBLIC.COMPLIANCESTANDARD (COMPLIANCESTANDARDID, COMPLIANCESTANDARD, ELEMENTID, CREATEDDATE, CREATEDBY, UPDATEDATE, UPDATEBY, DESCRIPTION, PENALTYLETTERDESC) VALUES (1, 100, 1, null, null, null, null, '100% of the records must be error-free. 1356.85(a)(3)', 'Data Element 1 - State (45 CFR (1356.83(g)(1))');
INSERT INTO PUBLIC.COMPLIANCESTANDARD (COMPLIANCESTANDARDID, COMPLIANCESTANDARD, ELEMENTID, CREATEDDATE, CREATEDBY, UPDATEDATE, UPDATEBY, DESCRIPTION, PENALTYLETTERDESC) VALUES (2, 100, 2, null, null, null, null, '100% of the records must be error-free. 1356.85(a)(3)', 'Data Element 2 - Report Date (45 CFR 1356.85(a)(2))');
INSERT INTO PUBLIC.COMPLIANCESTANDARD (COMPLIANCESTANDARDID, COMPLIANCESTANDARD, ELEMENTID, CREATEDDATE, CREATEDBY, UPDATEDATE, UPDATEBY, DESCRIPTION, PENALTYLETTERDESC) VALUES (3, 100, 3, null, null, null, null, '100% of the records must be error-free. 1356.85(a)(3)', 'Data Element 3 - Record Number (45 CFR 1356.85(a)(3))');
INSERT INTO PUBLIC.COMPLIANCESTANDARD (COMPLIANCESTANDARDID, COMPLIANCESTANDARD, ELEMENTID, CREATEDDATE, CREATEDBY, UPDATEDATE, UPDATEBY, DESCRIPTION, PENALTYLETTERDESC) VALUES (4, 100, 4, null, null, null, null, '100% of the records must be error-free. 1356.85(a)(3)', 'Data Element 4 - Date of Birth (45 CFR 1356.85(a)(4))');
INSERT INTO PUBLIC.COMPLIANCESTANDARD (COMPLIANCESTANDARDID, COMPLIANCESTANDARD, ELEMENTID, CREATEDDATE, CREATEDBY, UPDATEDATE, UPDATEBY, DESCRIPTION, PENALTYLETTERDESC) VALUES (5, 100, 5, null, null, null, null, '100% of the records must be error-free. 1356.85(a)(3)', 'Data Element 5 - Sex (45 CFR 1356.85(a)(5))');
INSERT INTO PUBLIC.COMPLIANCESTANDARD (COMPLIANCESTANDARDID, COMPLIANCESTANDARD, ELEMENTID, CREATEDDATE, CREATEDBY, UPDATEDATE, UPDATEBY, DESCRIPTION, PENALTYLETTERDESC) VALUES (6, 90, 6, null, null, null, null, '90% of records must be error-free. 1356.85(b)(1)', 'Data Element 6 - Race - American Indian or Alaskan Native (45 CFR 1356.83(g)(6))');
INSERT INTO PUBLIC.COMPLIANCESTANDARD (COMPLIANCESTANDARDID, COMPLIANCESTANDARD, ELEMENTID, CREATEDDATE, CREATEDBY, UPDATEDATE, UPDATEBY, DESCRIPTION, PENALTYLETTERDESC) VALUES (7, 90, 7, null, null, null, null, '90% of records must be error-free. 1356.85(b)(1)', 'Data Element 7 - Race - Asian (45 CFR 1356.83(g)(7))');
INSERT INTO PUBLIC.COMPLIANCESTANDARD (COMPLIANCESTANDARDID, COMPLIANCESTANDARD, ELEMENTID, CREATEDDATE, CREATEDBY, UPDATEDATE, UPDATEBY, DESCRIPTION, PENALTYLETTERDESC) VALUES (8, 90, 8, null, null, null, null, '90% of records must be error-free. 1356.85(b)(1)
', 'Data Element 8 - Race - Black or African American (45 CFR 1356.83(g)(8))');
INSERT INTO PUBLIC.COMPLIANCESTANDARD (COMPLIANCESTANDARDID, COMPLIANCESTANDARD, ELEMENTID, CREATEDDATE, CREATEDBY, UPDATEDATE, UPDATEBY, DESCRIPTION, PENALTYLETTERDESC) VALUES (9, 90, 9, null, null, null, null, '90% of records must be error-free. 1356.85(b)(1)', 'Data Element 9 - Race - Native Hawaiian or Other Pacific Islander (45 CFR 1356.83(g)(9))');
INSERT INTO PUBLIC.COMPLIANCESTANDARD (COMPLIANCESTANDARDID, COMPLIANCESTANDARD, ELEMENTID, CREATEDDATE, CREATEDBY, UPDATEDATE, UPDATEBY, DESCRIPTION, PENALTYLETTERDESC) VALUES (10, 90, 10, null, null, null, null, '90% of records must be error-free. 1356.85(b)(1)', 'Data Element 10 - Race - White (45 CFR 1356.83(g)(10))');
INSERT INTO PUBLIC.COMPLIANCESTANDARD (COMPLIANCESTANDARDID, COMPLIANCESTANDARD, ELEMENTID, CREATEDDATE, CREATEDBY, UPDATEDATE, UPDATEBY, DESCRIPTION, PENALTYLETTERDESC) VALUES (11, 90, 11, null, null, null, null, '90% of records must be error-free. 1356.85(b)(1)', 'Data Element 11 - Race - Unknown (45 CFR 1356.83(g)(11))');
INSERT INTO PUBLIC.COMPLIANCESTANDARD (COMPLIANCESTANDARDID, COMPLIANCESTANDARD, ELEMENTID, CREATEDDATE, CREATEDBY, UPDATEDATE, UPDATEBY, DESCRIPTION, PENALTYLETTERDESC) VALUES (12, 90, 12, null, null, null, null, '90% of records must be error-free. 1356.85(b)(1)', 'Data Element 12 - Race - Declined (45 CFR 1356.83(g)(12))');
INSERT INTO PUBLIC.COMPLIANCESTANDARD (COMPLIANCESTANDARDID, COMPLIANCESTANDARD, ELEMENTID, CREATEDDATE, CREATEDBY, UPDATEDATE, UPDATEBY, DESCRIPTION, PENALTYLETTERDESC) VALUES (13, 90, 13, null, null, null, null, '90% of records must be error-free. 1356.85(b)(1)', 'Data Element 13 - Hispanic or Latino Ethnicity (45 CFR 1356.83(g)(13))');
INSERT INTO PUBLIC.COMPLIANCESTANDARD (COMPLIANCESTANDARDID, COMPLIANCESTANDARD, ELEMENTID, CREATEDDATE, CREATEDBY, UPDATEDATE, UPDATEBY, DESCRIPTION, PENALTYLETTERDESC) VALUES (14, 100, 14, null, null, null, null, '100% of the records must be error-free. 1356.85(a)(3)', 'Data Element 14 - Foster Care Status - Services (45 CFR 1356.85(a)(14))');
INSERT INTO PUBLIC.COMPLIANCESTANDARD (COMPLIANCESTANDARDID, COMPLIANCESTANDARD, ELEMENTID, CREATEDDATE, CREATEDBY, UPDATEDATE, UPDATEBY, DESCRIPTION, PENALTYLETTERDESC) VALUES (15, 90, 15, null, null, null, null, '90% of records must be error-free. 1356.85(b)(1)', 'Data Element 15 - Local Agency (45 CFR 1356.83(g)(15))');
INSERT INTO PUBLIC.COMPLIANCESTANDARD (COMPLIANCESTANDARDID, COMPLIANCESTANDARD, ELEMENTID, CREATEDDATE, CREATEDBY, UPDATEDATE, UPDATEBY, DESCRIPTION, PENALTYLETTERDESC) VALUES (16, 90, 16, null, null, null, null, '90% of records must be error-free. 1356.85(b)(1)', 'Data Element 16 - Federally Recognized Tribe (45 CFR 1356.83(g)(16))');
INSERT INTO PUBLIC.COMPLIANCESTANDARD (COMPLIANCESTANDARDID, COMPLIANCESTANDARD, ELEMENTID, CREATEDDATE, CREATEDBY, UPDATEDATE, UPDATEBY, DESCRIPTION, PENALTYLETTERDESC) VALUES (17, 90, 17, null, null, null, null, '90% of records must be error-free. 1356.85(b)(1)', 'Data Element 17 - Adjudicated Delinquent (45 CFR 1356.83(g)(17))');
INSERT INTO PUBLIC.COMPLIANCESTANDARD (COMPLIANCESTANDARDID, COMPLIANCESTANDARD, ELEMENTID, CREATEDDATE, CREATEDBY, UPDATEDATE, UPDATEBY, DESCRIPTION, PENALTYLETTERDESC) VALUES (18, 90, 18, null, null, null, null, '90% of records must be error-free. 1356.85(b)(1)', 'Data Element 18 - Educational Level (45 CFR 1356.83(g)(18))');
INSERT INTO PUBLIC.COMPLIANCESTANDARD (COMPLIANCESTANDARDID, COMPLIANCESTANDARD, ELEMENTID, CREATEDDATE, CREATEDBY, UPDATEDATE, UPDATEBY, DESCRIPTION, PENALTYLETTERDESC) VALUES (19, 90, 19, null, null, null, null, '90% of records must be error-free. 1356.85(b)(1)', 'Data Element 19 - Special Education (45 CFR 1356.83(g)(19))');
INSERT INTO PUBLIC.COMPLIANCESTANDARD (COMPLIANCESTANDARDID, COMPLIANCESTANDARD, ELEMENTID, CREATEDDATE, CREATEDBY, UPDATEDATE, UPDATEBY, DESCRIPTION, PENALTYLETTERDESC) VALUES (20, 90, 20, null, null, null, null, '90% of records must be error-free. 1356.85(b)(1)', 'Data Element 20 - Independent Living Needs Assessment (45 CFR 1356.83(g)(20))');
INSERT INTO PUBLIC.COMPLIANCESTANDARD (COMPLIANCESTANDARDID, COMPLIANCESTANDARD, ELEMENTID, CREATEDDATE, CREATEDBY, UPDATEDATE, UPDATEBY, DESCRIPTION, PENALTYLETTERDESC) VALUES (21, 90, 21, null, null, null, null, '90% of records must be error-free. 1356.85(b)(1)', 'Data Element 21 - Academic Support (45 CFR 1356.83(g)(21))');
INSERT INTO PUBLIC.COMPLIANCESTANDARD (COMPLIANCESTANDARDID, COMPLIANCESTANDARD, ELEMENTID, CREATEDDATE, CREATEDBY, UPDATEDATE, UPDATEBY, DESCRIPTION, PENALTYLETTERDESC) VALUES (22, 90, 22, null, null, null, null, '90% of records must be error-free. 1356.85(b)(1)', 'Data Element 22 - Post-secondary Educational Support (45 CFR 1356.83(g)(22))');
INSERT INTO PUBLIC.COMPLIANCESTANDARD (COMPLIANCESTANDARDID, COMPLIANCESTANDARD, ELEMENTID, CREATEDDATE, CREATEDBY, UPDATEDATE, UPDATEBY, DESCRIPTION, PENALTYLETTERDESC) VALUES (23, 90, 23, null, null, null, null, '90% of records must be error-free. 1356.85(b)(1)', 'Data Element 23 - Career Preparation (45 CFR 1356.83(g)(23))');
INSERT INTO PUBLIC.COMPLIANCESTANDARD (COMPLIANCESTANDARDID, COMPLIANCESTANDARD, ELEMENTID, CREATEDDATE, CREATEDBY, UPDATEDATE, UPDATEBY, DESCRIPTION, PENALTYLETTERDESC) VALUES (24, 90, 24, null, null, null, null, '90% of records must be error-free. 1356.85(b)(1)', 'Data Element 24 - Employment Programs or Vocational Training (45 CFR 1356.83(g)(24))');
INSERT INTO PUBLIC.COMPLIANCESTANDARD (COMPLIANCESTANDARDID, COMPLIANCESTANDARD, ELEMENTID, CREATEDDATE, CREATEDBY, UPDATEDATE, UPDATEBY, DESCRIPTION, PENALTYLETTERDESC) VALUES (25, 90, 25, null, null, null, null, '90% of records must be error-free. 1356.85(b)(1)', 'Data Element 25 - Budget and Financial Management (45 CFR 1356.83(g)(25))');
INSERT INTO PUBLIC.COMPLIANCESTANDARD (COMPLIANCESTANDARDID, COMPLIANCESTANDARD, ELEMENTID, CREATEDDATE, CREATEDBY, UPDATEDATE, UPDATEBY, DESCRIPTION, PENALTYLETTERDESC) VALUES (26, 90, 26, null, null, null, null, '90% of records must be error-free. 1356.85(b)(1)', 'Data Element 26 - Housing Education and Home Management Training (45 CFR 1356.83(g)(26))');
INSERT INTO PUBLIC.COMPLIANCESTANDARD (COMPLIANCESTANDARDID, COMPLIANCESTANDARD, ELEMENTID, CREATEDDATE, CREATEDBY, UPDATEDATE, UPDATEBY, DESCRIPTION, PENALTYLETTERDESC) VALUES (27, 90, 27, null, null, null, null, '90% of records must be error-free. 1356.85(b)(1)', 'Data Element 27 - Health Education and Risk Prevention (45 CFR 1356.83(g)(27))');
INSERT INTO PUBLIC.COMPLIANCESTANDARD (COMPLIANCESTANDARDID, COMPLIANCESTANDARD, ELEMENTID, CREATEDDATE, CREATEDBY, UPDATEDATE, UPDATEBY, DESCRIPTION, PENALTYLETTERDESC) VALUES (28, 90, 28, null, null, null, null, '90% of records must be error-free. 1356.85(b)(1)', 'Data Element 28 - Family Support and Healthy Marriage Education (45 CFR 1356.83(g)(28))');
INSERT INTO PUBLIC.COMPLIANCESTANDARD (COMPLIANCESTANDARDID, COMPLIANCESTANDARD, ELEMENTID, CREATEDDATE, CREATEDBY, UPDATEDATE, UPDATEBY, DESCRIPTION, PENALTYLETTERDESC) VALUES (29, 90, 29, null, null, null, null, '90% of records must be error-free. 1356.85(b)(1)', 'Data Element 29 - Mentoring (45 CFR 1356.83(g)(29))');
INSERT INTO PUBLIC.COMPLIANCESTANDARD (COMPLIANCESTANDARDID, COMPLIANCESTANDARD, ELEMENTID, CREATEDDATE, CREATEDBY, UPDATEDATE, UPDATEBY, DESCRIPTION, PENALTYLETTERDESC) VALUES (30, 90, 30, null, null, null, null, '90% of records must be error-free. 1356.85(b)(1)', 'Data Element 30 - Supervised Independent Living (45 CFR 1356.83(g)(30))');
INSERT INTO PUBLIC.COMPLIANCESTANDARD (COMPLIANCESTANDARDID, COMPLIANCESTANDARD, ELEMENTID, CREATEDDATE, CREATEDBY, UPDATEDATE, UPDATEBY, DESCRIPTION, PENALTYLETTERDESC) VALUES (31, 90, 31, null, null, null, null, '90% of records must be error-free. 1356.85(b)(1)', 'Data Element 31 - Room and Board Financial Assistance (45 CFR 1356.83(g)(31))');
INSERT INTO PUBLIC.COMPLIANCESTANDARD (COMPLIANCESTANDARDID, COMPLIANCESTANDARD, ELEMENTID, CREATEDDATE, CREATEDBY, UPDATEDATE, UPDATEBY, DESCRIPTION, PENALTYLETTERDESC) VALUES (32, 90, 32, null, null, null, null, '90% of records must be error-free. 1356.85(b)(1)', 'Data Element 32 - Education and Financial Assistance (45 CFR 1356.83(g)(32))');
INSERT INTO PUBLIC.COMPLIANCESTANDARD (COMPLIANCESTANDARDID, COMPLIANCESTANDARD, ELEMENTID, CREATEDDATE, CREATEDBY, UPDATEDATE, UPDATEBY, DESCRIPTION, PENALTYLETTERDESC) VALUES (33, 90, 33, null, null, null, null, '90% of records must be error-free. 1356.85(b)(1)', 'Data Element 33 - Other Financial Assistance (45 CFR 1356.83(g)(33))');
INSERT INTO PUBLIC.COMPLIANCESTANDARD (COMPLIANCESTANDARDID, COMPLIANCESTANDARD, ELEMENTID, CREATEDDATE, CREATEDBY, UPDATEDATE, UPDATEBY, DESCRIPTION, PENALTYLETTERDESC) VALUES (34, 90, 34, null, null, null, null, '90% of records must be error-free. 1356.85(b)(1)', 'Data Element 34 - Outcomes Reporting Status (45 CFR 1356.83(g)(34))');
INSERT INTO PUBLIC.COMPLIANCESTANDARD (COMPLIANCESTANDARDID, COMPLIANCESTANDARD, ELEMENTID, CREATEDDATE, CREATEDBY, UPDATEDATE, UPDATEBY, DESCRIPTION, PENALTYLETTERDESC) VALUES (35, 90, 35, null, null, null, null, '90% of records must be error-free. 1356.85(b)(1)', 'Data Element 35 - Date of Outcome Data Collection (45 CFR 1356.83(g)(35))');
INSERT INTO PUBLIC.COMPLIANCESTANDARD (COMPLIANCESTANDARDID, COMPLIANCESTANDARD, ELEMENTID, CREATEDDATE, CREATEDBY, UPDATEDATE, UPDATEBY, DESCRIPTION, PENALTYLETTERDESC) VALUES (36, 100, 36, null, null, null, null, '100% of the records must be error-free. 1356.85(a)(3)', 'Data Element 36 - Foster Care Status - Outcomes (45 CFR 1356.85(a)(36))');
INSERT INTO PUBLIC.COMPLIANCESTANDARD (COMPLIANCESTANDARDID, COMPLIANCESTANDARD, ELEMENTID, CREATEDDATE, CREATEDBY, UPDATEDATE, UPDATEBY, DESCRIPTION, PENALTYLETTERDESC) VALUES (37, 90, 37, null, null, null, null, '90% of records must be error-free. 1356.85(b)(1)', 'Data Element 37 - Current Full-Time Employment (45 CFR 1356.83(g)(37))');
INSERT INTO PUBLIC.COMPLIANCESTANDARD (COMPLIANCESTANDARDID, COMPLIANCESTANDARD, ELEMENTID, CREATEDDATE, CREATEDBY, UPDATEDATE, UPDATEBY, DESCRIPTION, PENALTYLETTERDESC) VALUES (38, 90, 38, null, null, null, null, '90% of records must be error-free. 1356.85(b)(1)', 'Data Element 38 - Current Part-Time Employment (45 CFR 1356.83(g)(38))');
INSERT INTO PUBLIC.COMPLIANCESTANDARD (COMPLIANCESTANDARDID, COMPLIANCESTANDARD, ELEMENTID, CREATEDDATE, CREATEDBY, UPDATEDATE, UPDATEBY, DESCRIPTION, PENALTYLETTERDESC) VALUES (39, 90, 39, null, null, null, null, '90% of records must be error-free. 1356.85(b)(1)', 'Data Element 39 - Employment-Related Skills (45 CFR 1356.83(g)(39))');
INSERT INTO PUBLIC.COMPLIANCESTANDARD (COMPLIANCESTANDARDID, COMPLIANCESTANDARD, ELEMENTID, CREATEDDATE, CREATEDBY, UPDATEDATE, UPDATEBY, DESCRIPTION, PENALTYLETTERDESC) VALUES (40, 90, 40, null, null, null, null, '90% of records must be error-free. 1356.85(b)(1)', 'Data Element 40 - Social Security (45 CFR 1356.83(g)(40))');
INSERT INTO PUBLIC.COMPLIANCESTANDARD (COMPLIANCESTANDARDID, COMPLIANCESTANDARD, ELEMENTID, CREATEDDATE, CREATEDBY, UPDATEDATE, UPDATEBY, DESCRIPTION, PENALTYLETTERDESC) VALUES (41, 90, 41, null, null, null, null, '90% of records must be error-free. 1356.85(b)(1)', 'Data Element 41 - Educational Aid (45 CFR 1356.83(g)(41))');
INSERT INTO PUBLIC.COMPLIANCESTANDARD (COMPLIANCESTANDARDID, COMPLIANCESTANDARD, ELEMENTID, CREATEDDATE, CREATEDBY, UPDATEDATE, UPDATEBY, DESCRIPTION, PENALTYLETTERDESC) VALUES (42, 90, 42, null, null, null, null, '90% of records must be error-free. 1356.85(b)(1)', 'Data Element 42 - Public Financial Assistance (45 CFR 1356.83(g)(42))');
INSERT INTO PUBLIC.COMPLIANCESTANDARD (COMPLIANCESTANDARDID, COMPLIANCESTANDARD, ELEMENTID, CREATEDDATE, CREATEDBY, UPDATEDATE, UPDATEBY, DESCRIPTION, PENALTYLETTERDESC) VALUES (43, 90, 43, null, null, null, null, '90% of records must be error-free. 1356.85(b)(1)', 'Data Element 43 - Public Food Assistance (45 CFR 1356.83(g)(43))');
INSERT INTO PUBLIC.COMPLIANCESTANDARD (COMPLIANCESTANDARDID, COMPLIANCESTANDARD, ELEMENTID, CREATEDDATE, CREATEDBY, UPDATEDATE, UPDATEBY, DESCRIPTION, PENALTYLETTERDESC) VALUES (44, 90, 44, null, null, null, null, '90% of records must be error-free. 1356.85(b)(1)', 'Data Element 44 - Public Housing Assistance (45 CFR 1356.83(g)(44))');
INSERT INTO PUBLIC.COMPLIANCESTANDARD (COMPLIANCESTANDARDID, COMPLIANCESTANDARD, ELEMENTID, CREATEDDATE, CREATEDBY, UPDATEDATE, UPDATEBY, DESCRIPTION, PENALTYLETTERDESC) VALUES (45, 90, 45, null, null, null, null, '90% of records must be error-free. 1356.85(b)(1)', 'Data Element 45 - Other Financial Support (45 CFR 1356.83(g)(45))');
INSERT INTO PUBLIC.COMPLIANCESTANDARD (COMPLIANCESTANDARDID, COMPLIANCESTANDARD, ELEMENTID, CREATEDDATE, CREATEDBY, UPDATEDATE, UPDATEBY, DESCRIPTION, PENALTYLETTERDESC) VALUES (46, 90, 46, null, null, null, null, '90% of records must be error-free. 1356.85(b)(1)', 'Data Element 46 - Highest Educational Certification Received (45 CFR 1356.83(g)(46))');
INSERT INTO PUBLIC.COMPLIANCESTANDARD (COMPLIANCESTANDARDID, COMPLIANCESTANDARD, ELEMENTID, CREATEDDATE, CREATEDBY, UPDATEDATE, UPDATEBY, DESCRIPTION, PENALTYLETTERDESC) VALUES (47, 90, 47, null, null, null, null, '90% of records must be error-free. 1356.85(b)(1)', 'Data Element 47 - Current Enrollment and Attendance (45 CFR 1356.83(g)(47))');
INSERT INTO PUBLIC.COMPLIANCESTANDARD (COMPLIANCESTANDARDID, COMPLIANCESTANDARD, ELEMENTID, CREATEDDATE, CREATEDBY, UPDATEDATE, UPDATEBY, DESCRIPTION, PENALTYLETTERDESC) VALUES (48, 90, 48, null, null, null, null, '90% of records must be error-free. 1356.85(b)(1)', 'Data Element 48 - Connection to an Adult (45 CFR 1356.83(g)(48))');
INSERT INTO PUBLIC.COMPLIANCESTANDARD (COMPLIANCESTANDARDID, COMPLIANCESTANDARD, ELEMENTID, CREATEDDATE, CREATEDBY, UPDATEDATE, UPDATEBY, DESCRIPTION, PENALTYLETTERDESC) VALUES (49, 90, 49, null, null, null, null, '90% of records must be error-free. 1356.85(b)(1)', 'Data Element 49 - Homelessness (45 CFR 1356.83(g)(49))');
INSERT INTO PUBLIC.COMPLIANCESTANDARD (COMPLIANCESTANDARDID, COMPLIANCESTANDARD, ELEMENTID, CREATEDDATE, CREATEDBY, UPDATEDATE, UPDATEBY, DESCRIPTION, PENALTYLETTERDESC) VALUES (50, 90, 50, null, null, null, null, '90% of records must be error-free. 1356.85(b)(1)', 'Data Element 50 - Substance Abuse Referral (45 CFR 1356.83(g)(50))');
INSERT INTO PUBLIC.COMPLIANCESTANDARD (COMPLIANCESTANDARDID, COMPLIANCESTANDARD, ELEMENTID, CREATEDDATE, CREATEDBY, UPDATEDATE, UPDATEBY, DESCRIPTION, PENALTYLETTERDESC) VALUES (51, 90, 51, null, null, null, null, '90% of records must be error-free. 1356.85(b)(1)', 'Data Element 51 - Incarceration (45 CFR 1356.83(g)(51))');
INSERT INTO PUBLIC.COMPLIANCESTANDARD (COMPLIANCESTANDARDID, COMPLIANCESTANDARD, ELEMENTID, CREATEDDATE, CREATEDBY, UPDATEDATE, UPDATEBY, DESCRIPTION, PENALTYLETTERDESC) VALUES (52, 90, 52, null, null, null, null, '90% of records must be error-free. 1356.85(b)(1)', 'Data Element 52 - Children (45 CFR 1356.83(g)(52))');
INSERT INTO PUBLIC.COMPLIANCESTANDARD (COMPLIANCESTANDARDID, COMPLIANCESTANDARD, ELEMENTID, CREATEDDATE, CREATEDBY, UPDATEDATE, UPDATEBY, DESCRIPTION, PENALTYLETTERDESC) VALUES (53, 90, 53, null, null, null, null, '90% of records must be error-free. 1356.85(b)(1)', 'Data Element 53 - Marriage at Childs Birth (45 CFR 1356.83(g)(53))');
INSERT INTO PUBLIC.COMPLIANCESTANDARD (COMPLIANCESTANDARDID, COMPLIANCESTANDARD, ELEMENTID, CREATEDDATE, CREATEDBY, UPDATEDATE, UPDATEBY, DESCRIPTION, PENALTYLETTERDESC) VALUES (54, 90, 54, null, null, null, null, '90% of records must be error-free. 1356.85(b)(1)', 'Data Element 54 - Medicaid (45 CFR 1356.83(g)(54))');
INSERT INTO PUBLIC.COMPLIANCESTANDARD (COMPLIANCESTANDARDID, COMPLIANCESTANDARD, ELEMENTID, CREATEDDATE, CREATEDBY, UPDATEDATE, UPDATEBY, DESCRIPTION, PENALTYLETTERDESC) VALUES (55, 90, 55, null, null, null, null, '90% of records must be error-free. 1356.85(b)(1)', 'Data Element 55 - Other Health Insurance Coverage (45 CFR 1356.83(g)(55))');
INSERT INTO PUBLIC.COMPLIANCESTANDARD (COMPLIANCESTANDARDID, COMPLIANCESTANDARD, ELEMENTID, CREATEDDATE, CREATEDBY, UPDATEDATE, UPDATEBY, DESCRIPTION, PENALTYLETTERDESC) VALUES (56, 90, 56, null, null, null, null, '90% of records must be error-free. 1356.85(b)(1)', 'Data Element 56 - Health Insurance Type: Medical (45 CFR 1356.83(g)(56))');
INSERT INTO PUBLIC.COMPLIANCESTANDARD (COMPLIANCESTANDARDID, COMPLIANCESTANDARD, ELEMENTID, CREATEDDATE, CREATEDBY, UPDATEDATE, UPDATEBY, DESCRIPTION, PENALTYLETTERDESC) VALUES (57, 90, 57, null, null, null, null, '90% of records must be error-free. 1356.85(b)(1)', 'Data Element 57 - Health Insurance Type: Mental Health (45 CFR 1356.83(g)(57))');
INSERT INTO PUBLIC.COMPLIANCESTANDARD (COMPLIANCESTANDARDID, COMPLIANCESTANDARD, ELEMENTID, CREATEDDATE, CREATEDBY, UPDATEDATE, UPDATEBY, DESCRIPTION, PENALTYLETTERDESC) VALUES (58, 90, 58, null, null, null, null, '90% of records must be error-free. 1356.85(b)(1)', 'Data Element 58 - Health Insurance Type: Prescription Drugs (45 CFR 1356.83(g)(58))');

INSERT INTO PUBLIC.PROBLEMDESCRIPTION (PROBLEMDESCRIPTIONID, NAME, CREATEDDATE, CREATEDBY, UPDATEDATE, UPDATEBY, DESCRIPTION, COMPLIANCECATEGORYID, RULENAME) VALUES (27, 'Element ${elementNumber} is missing in the data file.', null, null, null, null, 'Missing value - Internal Inconsistency', 7, 'Missing Data');
INSERT INTO PUBLIC.PROBLEMDESCRIPTION (PROBLEMDESCRIPTIONID, NAME, CREATEDDATE, CREATEDBY, UPDATEDATE, UPDATEBY, DESCRIPTION, COMPLIANCECATEGORYID, RULENAME) VALUES (22, 'Element contains value not associated with youth''s population(s).', null, null, null, null, 'Element contains value inconsistent with youth''s population(s)', null, null);
INSERT INTO PUBLIC.PROBLEMDESCRIPTION (PROBLEMDESCRIPTIONID, NAME, CREATEDDATE, CREATEDBY, UPDATEDATE, UPDATEBY, DESCRIPTION, COMPLIANCECATEGORYID, RULENAME) VALUES (23, 'Race Declined Inconsistency.', null, null, null, null, 'Race data does not match declined status', null, null);
INSERT INTO PUBLIC.PROBLEMDESCRIPTION (PROBLEMDESCRIPTIONID, NAME, CREATEDDATE, CREATEDBY, UPDATEDATE, UPDATEBY, DESCRIPTION, COMPLIANCECATEGORYID, RULENAME) VALUES (24, 'Lack of Services Inconsistency.', null, null, null, null, 'Served youth has not received any services', null, null);
INSERT INTO PUBLIC.PROBLEMDESCRIPTION (PROBLEMDESCRIPTIONID, NAME, CREATEDDATE, CREATEDBY, UPDATEDATE, UPDATEBY, DESCRIPTION, COMPLIANCECATEGORYID, RULENAME) VALUES (25, 'Survey Participation Inconsistency.', null, null, null, null, 'Survey participation status does not match supplied data', null, null);
INSERT INTO PUBLIC.PROBLEMDESCRIPTION (PROBLEMDESCRIPTIONID, NAME, CREATEDDATE, CREATEDBY, UPDATEDATE, UPDATEBY, DESCRIPTION, COMPLIANCECATEGORYID, RULENAME) VALUES (26, 'Element ${elementNumber} value (${datumValue}) is invalid in the data file.', null, null, null, null, 'Element is out of range', 8, 'Out of Range Data');
INSERT INTO PUBLIC.PROBLEMDESCRIPTION (PROBLEMDESCRIPTIONID, NAME, CREATEDDATE, CREATEDBY, UPDATEDATE, UPDATEBY, DESCRIPTION, COMPLIANCECATEGORYID, RULENAME) VALUES (14, 'Internal Inconsistency.', null, null, null, null, 'Unable to determine population', null, null);
INSERT INTO PUBLIC.PROBLEMDESCRIPTION (PROBLEMDESCRIPTIONID, NAME, CREATEDDATE, CREATEDBY, UPDATEDATE, UPDATEBY, DESCRIPTION, COMPLIANCECATEGORYID, RULENAME) VALUES (15, 'Birth Date Related Inconsistency.', null, null, null, null, 'Birth Date Related Inconsistency', null, null);
INSERT INTO PUBLIC.PROBLEMDESCRIPTION (PROBLEMDESCRIPTIONID, NAME, CREATEDDATE, CREATEDBY, UPDATEDATE, UPDATEBY, DESCRIPTION, COMPLIANCECATEGORYID, RULENAME) VALUES (16, 'Outcome Data Collection Date Inconsistency.', null, null, null, null, 'Outcome data collection date does not does not fall within the required time period', null, null);
INSERT INTO PUBLIC.PROBLEMDESCRIPTION (PROBLEMDESCRIPTIONID, NAME, CREATEDDATE, CREATEDBY, UPDATEDATE, UPDATEBY, DESCRIPTION, COMPLIANCECATEGORYID, RULENAME) VALUES (1, 'Element is missing.', null, null, null, null, 'Element is missing', null, null);
INSERT INTO PUBLIC.PROBLEMDESCRIPTION (PROBLEMDESCRIPTIONID, NAME, CREATEDDATE, CREATEDBY, UPDATEDATE, UPDATEBY, DESCRIPTION, COMPLIANCECATEGORYID, RULENAME) VALUES (17, 'Element 2 (Report date) year (${reportdate}) is out of range in the data file.', null, null, null, null, 'Invalid Report Date', 1, null);
INSERT INTO PUBLIC.PROBLEMDESCRIPTION (PROBLEMDESCRIPTIONID, NAME, CREATEDDATE, CREATEDBY, UPDATEDATE, UPDATEBY, DESCRIPTION, COMPLIANCECATEGORYID, RULENAME) VALUES (18, 'File Generation Date  in the data is missing.', null , null, null, null, 'Invalid File Generation Date', 1, null);
INSERT INTO PUBLIC.PROBLEMDESCRIPTION (PROBLEMDESCRIPTIONID, NAME, CREATEDDATE, CREATEDBY, UPDATEDATE, UPDATEBY, DESCRIPTION, COMPLIANCECATEGORYID, RULENAME) VALUES (19, 'Element 1 (state) value ("${state}") is invalid in the data file.', null , null, null, null, 'Invalid State Fipscode in xmldata', 1, null);
INSERT INTO PUBLIC.PROBLEMDESCRIPTION (PROBLEMDESCRIPTIONID, NAME, CREATEDDATE, CREATEDBY, UPDATEDATE, UPDATEBY, DESCRIPTION, COMPLIANCECATEGORYID, RULENAME) VALUES (20, 'File ID in the data is missing.',null , null, null, null, 'Missing File ID', 1, null);
INSERT INTO PUBLIC.PROBLEMDESCRIPTION (PROBLEMDESCRIPTIONID, NAME, CREATEDDATE, CREATEDBY, UPDATEDATE, UPDATEBY, DESCRIPTION, COMPLIANCECATEGORYID, RULENAME) VALUES (21, 'File Generation Date in the data is invalid.', null, null, null, null, 'Invalid File Generation Date', 1, null);
INSERT INTO PUBLIC.PROBLEMDESCRIPTION (PROBLEMDESCRIPTIONID, NAME, CREATEDDATE, CREATEDBY, UPDATEDATE, UPDATEBY, DESCRIPTION, COMPLIANCECATEGORYID, RULENAME) VALUES (2, 'Element may not be YES if Foster Care Status - Services (Element 14) is blank.', null, null, null, null, 'Element may not be YES if Foster Care Status  Services (Element 14) is blank', null, null);
INSERT INTO PUBLIC.PROBLEMDESCRIPTION (PROBLEMDESCRIPTIONID, NAME, CREATEDDATE, CREATEDBY, UPDATEDATE, UPDATEBY, DESCRIPTION, COMPLIANCECATEGORYID, RULENAME) VALUES (3, 'Submission past the due date of ${mmddyyyy}.', null, null, null, null, 'Submission past the due date of mm/dd/yyyy', 1, 'Timely Data');
INSERT INTO PUBLIC.PROBLEMDESCRIPTION (PROBLEMDESCRIPTIONID, NAME, CREATEDDATE, CREATEDBY, UPDATEDATE, UPDATEBY, DESCRIPTION, COMPLIANCECATEGORYID, RULENAME) VALUES (4, 'The data file is not a well-formed XML document. Please transmit a valid file with an ".xml" extension.', null, null, null, null, 'Invalid XML format detected', null, null);
INSERT INTO PUBLIC.PROBLEMDESCRIPTION (PROBLEMDESCRIPTIONID, NAME, CREATEDDATE, CREATEDBY, UPDATEDATE, UPDATEBY, DESCRIPTION, COMPLIANCECATEGORYID, RULENAME) VALUES (6, '${complianceRate}% of records are error-free but 100% of records must be error-free for element ${elementDescription}.', null, null, null, null, 'Foster Care Status -  Services (Element 14) has errors, but is required to be #% error free', 3, 'Error Free Information');
INSERT INTO PUBLIC.PROBLEMDESCRIPTION (PROBLEMDESCRIPTIONID, NAME, CREATEDDATE, CREATEDBY, UPDATEDATE, UPDATEBY, DESCRIPTION, COMPLIANCECATEGORYID, RULENAME) VALUES (7, '${complianceRate}% of records are error-free but at least 90% of records must be error-free for element ${elementDescription}.', null, null, null, null, '#% of records have errors for Race - Asian (Element 7), but no more than #% of records are allowed errors', 3, 'Error Free Information');
INSERT INTO PUBLIC.PROBLEMDESCRIPTION (PROBLEMDESCRIPTIONID, NAME, CREATEDDATE, CREATEDBY, UPDATEDATE, UPDATEBY, DESCRIPTION, COMPLIANCECATEGORYID, RULENAME) VALUES (11, 'Element 1 (State) is missing in the data file.',null , null, null, null, 'Missing State in the XML data', 1, null);
INSERT INTO PUBLIC.PROBLEMDESCRIPTION (PROBLEMDESCRIPTIONID, NAME, CREATEDDATE, CREATEDBY, UPDATEDATE, UPDATEBY, DESCRIPTION, COMPLIANCECATEGORYID, RULENAME) VALUES (8, 'Only ${complianceRate}% of follow-up population cohort records were reported in the file', null, null, null, null, 'Outcomes Universe', null, null);
INSERT INTO PUBLIC.PROBLEMDESCRIPTION (PROBLEMDESCRIPTIONID, NAME, CREATEDDATE, CREATEDBY, UPDATEDATE, UPDATEBY, DESCRIPTION, COMPLIANCECATEGORYID, RULENAME) VALUES (9, 'Only ${complianceRate}% of follow-up population (or sample) youth in foster care participated in the survey', null, null, null, null, 'Outcomes Participation - Fostercare youth', null, null);
INSERT INTO PUBLIC.PROBLEMDESCRIPTION (PROBLEMDESCRIPTIONID, NAME, CREATEDDATE, CREATEDBY, UPDATEDATE, UPDATEBY, DESCRIPTION, COMPLIANCECATEGORYID, RULENAME) VALUES (10, 'Only ${complianceRate}% of follow-up population (or sample) youth discharged from foster care participated in the survey', null, null, null, null, 'Outcomes Participation - Dischargedyouth', null, null);
INSERT INTO PUBLIC.PROBLEMDESCRIPTION (PROBLEMDESCRIPTIONID, NAME, CREATEDDATE, CREATEDBY, UPDATEDATE, UPDATEBY, DESCRIPTION, COMPLIANCECATEGORYID, RULENAME) VALUES (12, 'Transmission type is missing in the data file. A value of "Regular", "Corrected", "Subsequent", or "Test" is required.', null, null, null, null, 'Missing File Category in the XML data', 1, null);
INSERT INTO PUBLIC.PROBLEMDESCRIPTION (PROBLEMDESCRIPTIONID, NAME, CREATEDDATE, CREATEDBY, UPDATEDATE, UPDATEBY, DESCRIPTION, COMPLIANCECATEGORYID, RULENAME) VALUES (13, 'Element 2 (report date) is missing in the data file.', null, null, null, null, 'Missing Report Date in the XML data', 1, null);
INSERT INTO PUBLIC.PROBLEMDESCRIPTION (PROBLEMDESCRIPTIONID, NAME, CREATEDDATE, CREATEDBY, UPDATEDATE, UPDATEBY, DESCRIPTION, COMPLIANCECATEGORYID, RULENAME) VALUES (28, 'Duplicate value.', null, null, null, null, 'Duplicate value - same record number ID in use for more than one youth record', 12, null);
INSERT INTO PUBLIC.PROBLEMDESCRIPTION (PROBLEMDESCRIPTIONID, NAME, CREATEDDATE, CREATEDBY, UPDATEDATE, UPDATEBY, DESCRIPTION, COMPLIANCECATEGORYID, RULENAME) VALUES (0, null, null, null, null, null, null, null, null);
INSERT INTO PUBLIC.PROBLEMDESCRIPTION (PROBLEMDESCRIPTIONID, NAME, CREATEDDATE, CREATEDBY, UPDATEDATE, UPDATEBY, DESCRIPTION, COMPLIANCECATEGORYID, RULENAME) VALUES (86, 'ICC#13:  if element 34 is "participated" (youth participated) and element 52 is "yes," then element 53 cannot be "not applicable."', null, null, null, null, 'ICC13 - Elements 52,53', null, 'ICC#13');
INSERT INTO PUBLIC.PROBLEMDESCRIPTION (PROBLEMDESCRIPTIONID, NAME, CREATEDDATE, CREATEDBY, UPDATEDATE, UPDATEBY, DESCRIPTION, COMPLIANCECATEGORYID, RULENAME) VALUES (30, 'ICC#1:  the date of birth reported in element 4 must be prior to the month and year corresponding to the end of the report period as specified in element 2.', null, null, null, null, 'ICC#1', null, 'ICC#1');
INSERT INTO PUBLIC.PROBLEMDESCRIPTION (PROBLEMDESCRIPTIONID, NAME, CREATEDDATE, CREATEDBY, UPDATEDATE, UPDATEBY, DESCRIPTION, COMPLIANCECATEGORYID, RULENAME) VALUES (31, 'The reporting period specified (${referenceDatumValue}) in element 2 is not one in which baseline information or follow-up information should be reported.', null, null, null, null, null, null, null);
INSERT INTO PUBLIC.PROBLEMDESCRIPTION (PROBLEMDESCRIPTIONID, NAME, CREATEDDATE, CREATEDBY, UPDATEDATE, UPDATEBY, DESCRIPTION, COMPLIANCECATEGORYID, RULENAME) VALUES (32, 'The youth''s age (based on elements 2 and 4), is less than 17-years-old, greater than 21-years-old, or otherwise inconsistent with outcomes population status for a reporting period.', null, null, null, null, null, null, null);
INSERT INTO PUBLIC.PROBLEMDESCRIPTION (PROBLEMDESCRIPTIONID, NAME, CREATEDDATE, CREATEDBY, UPDATEDATE, UPDATEBY, DESCRIPTION, COMPLIANCECATEGORYID, RULENAME) VALUES (33, 'ICC#2:  if element 4 is not consistent with belonging to the baseline population, then element 14 and element 36 cannot both be blank.', null, null, null, null, 'ICC#2', null, 'ICC#2');
INSERT INTO PUBLIC.PROBLEMDESCRIPTION (PROBLEMDESCRIPTIONID, NAME, CREATEDDATE, CREATEDBY, UPDATEDATE, UPDATEBY, DESCRIPTION, COMPLIANCECATEGORYID, RULENAME) VALUES (34, 'ICC#3:  if element 4 is consistent with belonging to the baseline population and element 4 corresponds to a birthday more than 45 days before the end of the reporting period, then element 14 and element 36 cannot both be blank. ', null, null, null, null, 'ICC#3', null, 'ICC#3');
INSERT INTO PUBLIC.PROBLEMDESCRIPTION (PROBLEMDESCRIPTIONID, NAME, CREATEDDATE, CREATEDBY, UPDATEDATE, UPDATEBY, DESCRIPTION, COMPLIANCECATEGORYID, RULENAME) VALUES (35, 'Element 14 is blank, therefore element ${elementNumber} must be blank.  It has a value of "${datumValue}."', null, null, null, null, null, null, null);
INSERT INTO PUBLIC.PROBLEMDESCRIPTION (PROBLEMDESCRIPTIONID, NAME, CREATEDDATE, CREATEDBY, UPDATEDATE, UPDATEBY, DESCRIPTION, COMPLIANCECATEGORYID, RULENAME) VALUES (36, 'ICC#4:  if element 14 is not blank, then elements 15-33 must not be blank.', null, null, null, null, 'ICC#4', null, 'ICC#4');
INSERT INTO PUBLIC.PROBLEMDESCRIPTION (PROBLEMDESCRIPTIONID, NAME, CREATEDDATE, CREATEDBY, UPDATEDATE, UPDATEBY, DESCRIPTION, COMPLIANCECATEGORYID, RULENAME) VALUES (37, 'ICC#5:  if element 14 is not blank, then at least one of elements 20 through 33 must be "yes." ', null, null, null, null, 'ICC#5', null, 'ICC#5');
INSERT INTO PUBLIC.PROBLEMDESCRIPTION (PROBLEMDESCRIPTIONID, NAME, CREATEDDATE, CREATEDBY, UPDATEDATE, UPDATEBY, DESCRIPTION, COMPLIANCECATEGORYID, RULENAME) VALUES (29, 'The reporting period specified (${referenceDatumValue})  in element 2 is not one in which baseline information or follow-up information may be reported.', null, null, null, null, null, null, null);
INSERT INTO PUBLIC.PROBLEMDESCRIPTION (PROBLEMDESCRIPTIONID, NAME, CREATEDDATE, CREATEDBY, UPDATEDATE, UPDATEBY, DESCRIPTION, COMPLIANCECATEGORYID, RULENAME) VALUES (38, 'The youth is not in a baseline or follow-up population (based on element 36) therefore element 34 must be blank.   It has a value of "${datumValue}."', null, null, null, null, null, null, null);
INSERT INTO PUBLIC.PROBLEMDESCRIPTION (PROBLEMDESCRIPTIONID, NAME, CREATEDDATE, CREATEDBY, UPDATEDATE, UPDATEBY, DESCRIPTION, COMPLIANCECATEGORYID, RULENAME) VALUES (39, 'The youth is in the baseline population or a follow-up population (based on element 36) therefore element 34 must not be blank.  It has a value of "${datumValue}."', null, null, null, null, null, null, null);
INSERT INTO PUBLIC.PROBLEMDESCRIPTION (PROBLEMDESCRIPTIONID, NAME, CREATEDDATE, CREATEDBY, UPDATEDATE, UPDATEBY, DESCRIPTION, COMPLIANCECATEGORYID, RULENAME) VALUES (40, 'ICC#6:  element 34 must not be "not in sample."', null, null, null, null, 'ICC#6', null, 'ICC#6');
INSERT INTO PUBLIC.PROBLEMDESCRIPTION (PROBLEMDESCRIPTIONID, NAME, CREATEDDATE, CREATEDBY, UPDATEDATE, UPDATEBY, DESCRIPTION, COMPLIANCECATEGORYID, RULENAME) VALUES (41, 'The value of element 34 is not "participated" (Youth participated) therefore element 35 must be blank.   It has a value of "${datumValue}."', null, null, null, null, null, null, null);
INSERT INTO PUBLIC.PROBLEMDESCRIPTION (PROBLEMDESCRIPTIONID, NAME, CREATEDDATE, CREATEDBY, UPDATEDATE, UPDATEBY, DESCRIPTION, COMPLIANCECATEGORYID, RULENAME) VALUES (42, 'The youth is in the baseline population (based on elements 2, 4, and 36), but the value of element 36 is "no" (the youth was no longer in foster care at the date of outcome data collection), and element 34 is "participated" (Youth participated), therefore element 35 must be blank. It has a value of "${datumValue}."', null, null, null, null, null, null, null);
INSERT INTO PUBLIC.PROBLEMDESCRIPTION (PROBLEMDESCRIPTIONID, NAME, CREATEDDATE, CREATEDBY, UPDATEDATE, UPDATEBY, DESCRIPTION, COMPLIANCECATEGORYID, RULENAME) VALUES (43, 'The youth is in the baseline population and in foster care at the date of outcome data collection (element 36 is "yes") or in a follow-up population, and element 34 is "participated" (Youth participated), therefore element 35 must not be blank.  It has a value of "${datumValue}."', null, null, null, null, null, null, null);
INSERT INTO PUBLIC.PROBLEMDESCRIPTION (PROBLEMDESCRIPTIONID, NAME, CREATEDDATE, CREATEDBY, UPDATEDATE, UPDATEBY, DESCRIPTION, COMPLIANCECATEGORYID, RULENAME) VALUES (44, 'ICC#7:  if element 34 is "participated" (youth participated), then the date specified for element 35 must be no later than 45 days after the youth''s birthday (element 4) which occurred during the reporting period. ', null, null, null, null, 'ICC#7', null, 'ICC#7');
INSERT INTO PUBLIC.PROBLEMDESCRIPTION (PROBLEMDESCRIPTIONID, NAME, CREATEDDATE, CREATEDBY, UPDATEDATE, UPDATEBY, DESCRIPTION, COMPLIANCECATEGORYID, RULENAME) VALUES (103, 'Because the "${fileNameReportDateValue}" report period is unavailable, this file cannot be processed. Please populate the reporting period and due date information to the reporting period and file submission due date tables (REPORTINGPERIOD, DUEDATE)', null, null, null, null, null, null, null);
INSERT INTO PUBLIC.PROBLEMDESCRIPTION (PROBLEMDESCRIPTIONID, NAME, CREATEDDATE, CREATEDBY, UPDATEDATE, UPDATEBY, DESCRIPTION, COMPLIANCECATEGORYID, RULENAME) VALUES (45, 'ICC#8:  if element 34 is "participated" (youth participated), then the date specified for element 35 must occur within the 6-month reporting period ending with the month and year indicated in element 2.', null, null, null, null, 'ICC#8', null, 'ICC#8');
INSERT INTO PUBLIC.PROBLEMDESCRIPTION (PROBLEMDESCRIPTIONID, NAME, CREATEDDATE, CREATEDBY, UPDATEDATE, UPDATEBY, DESCRIPTION, COMPLIANCECATEGORYID, RULENAME) VALUES (46, 'ICC#9:  if element 36 is "yes" and element 34 is "participated" (youth participated), then elements 42-44 must be "not applicable." ', null, null, null, null, 'ICC#10', null, 'ICC#9');
INSERT INTO PUBLIC.PROBLEMDESCRIPTION (PROBLEMDESCRIPTIONID, NAME, CREATEDDATE, CREATEDBY, UPDATEDATE, UPDATEBY, DESCRIPTION, COMPLIANCECATEGORYID, RULENAME) VALUES (47, 'The value of element 34 is not "participated" (Youth participated) therefore element ${elementNumber} must be blank.   It has a value of "${datumValue}."', null, null, null, null, null, null, null);
INSERT INTO PUBLIC.PROBLEMDESCRIPTION (PROBLEMDESCRIPTIONID, NAME, CREATEDDATE, CREATEDBY, UPDATEDATE, UPDATEBY, DESCRIPTION, COMPLIANCECATEGORYID, RULENAME) VALUES (48, 'The youth is in the baseline population (based on elements 2, 4, and 36), but the value of element 36 is "no" (the youth was no longer in foster care at the date of outcome data collection), and element 34 is "participated" (Youth participated), therefore element ${elementNumber} must be blank.', null, null, null, null, null, null, null);
INSERT INTO PUBLIC.PROBLEMDESCRIPTION (PROBLEMDESCRIPTIONID, NAME, CREATEDDATE, CREATEDBY, UPDATEDATE, UPDATEBY, DESCRIPTION, COMPLIANCECATEGORYID, RULENAME) VALUES (49, 'ICC#11:  if element 34 is "participated" (youth participated), then at least one of elements 37 through 58 must be other than "declined," "not applicable," or blank. ', null, null, null, null, 'ICC#11', null, 'ICC#11');
INSERT INTO PUBLIC.PROBLEMDESCRIPTION (PROBLEMDESCRIPTIONID, NAME, CREATEDDATE, CREATEDBY, UPDATEDATE, UPDATEBY, DESCRIPTION, COMPLIANCECATEGORYID, RULENAME) VALUES (50, 'ICC#12:  if element 34 is "participated" (youth participated) and element 52 is "no" or "declined," then element 53 must be "not applicable."', null, null, null, null, 'ICC#12', null, 'ICC#12');
INSERT INTO PUBLIC.PROBLEMDESCRIPTION (PROBLEMDESCRIPTIONID, NAME, CREATEDDATE, CREATEDBY, UPDATEDATE, UPDATEBY, DESCRIPTION, COMPLIANCECATEGORYID, RULENAME) VALUES (51, 'ICC#14:  if element 34 is "participated" (youth participated) and element 55 is a valid response other than "yes," then elements 56, 57 and 58 must be "not applicable."', null, null, null, null, null, null, 'ICC#14');
INSERT INTO PUBLIC.PROBLEMDESCRIPTION (PROBLEMDESCRIPTIONID, NAME, CREATEDDATE, CREATEDBY, UPDATEDATE, UPDATEBY, DESCRIPTION, COMPLIANCECATEGORYID, RULENAME) VALUES (52, 'At least one, but not all of elements 6, 7, 8, 9, and 10 is blank, therefore element 11 must be "yes".   It has a value of "${datumValue}."', null, null, null, null, null, null, null);
INSERT INTO PUBLIC.PROBLEMDESCRIPTION (PROBLEMDESCRIPTIONID, NAME, CREATEDDATE, CREATEDBY, UPDATEDATE, UPDATEBY, DESCRIPTION, COMPLIANCECATEGORYID, RULENAME) VALUES (53, 'Elements 6, 7, 8, 9, and 10 are blank, and element 11 is not blank, therefore element 11 must be "yes".  It has a value of "${datumValue}."', null, null, null, null, null, null, null);
INSERT INTO PUBLIC.PROBLEMDESCRIPTION (PROBLEMDESCRIPTIONID, NAME, CREATEDDATE, CREATEDBY, UPDATEDATE, UPDATEBY, DESCRIPTION, COMPLIANCECATEGORYID, RULENAME) VALUES (54, 'ICC#19:  elements 6, 7, 8, 9, 10, and 11 are "no", therefore element 12 cannot be "no".', null, null, null, null, 'ICC#19', null, 'ICC#19');
INSERT INTO PUBLIC.PROBLEMDESCRIPTION (PROBLEMDESCRIPTIONID, NAME, CREATEDDATE, CREATEDBY, UPDATEDATE, UPDATEBY, DESCRIPTION, COMPLIANCECATEGORYID, RULENAME) VALUES (55, 'One or more of elements 6, 7, 8, 9, 10, or 11 is  "yes", therefore element 12 must be "no".  It has a value of "${datumValue}."', null, null, null, null, null, null, null);
INSERT INTO PUBLIC.PROBLEMDESCRIPTION (PROBLEMDESCRIPTIONID, NAME, CREATEDDATE, CREATEDBY, UPDATEDATE, UPDATEBY, DESCRIPTION, COMPLIANCECATEGORYID, RULENAME) VALUES (72, 'ICC#18:  element 12 is "yes", therefore any of elements 6,7,8,9,10 or 11 cannot be "yes."', null, null, null, null, 'IIC#18', null, 'ICC#18');
INSERT INTO PUBLIC.PROBLEMDESCRIPTION (PROBLEMDESCRIPTIONID, NAME, CREATEDDATE, CREATEDBY, UPDATEDATE, UPDATEBY, DESCRIPTION, COMPLIANCECATEGORYID, RULENAME) VALUES (73, 'ICC#14:  if element 34 is "participated" (youth participated) and element 55 is a valid response other than "yes," then elements 56, 57 and 58 must be "not applicable."', null, null, null, null, 'IIC#14', null, 'ICC#14');
INSERT INTO PUBLIC.PROBLEMDESCRIPTION (PROBLEMDESCRIPTIONID, NAME, CREATEDDATE, CREATEDBY, UPDATEDATE, UPDATEBY, DESCRIPTION, COMPLIANCECATEGORYID, RULENAME) VALUES (89, 'DQA#11: element 14 is blank in a youth''s record, therefore element ${elementNumber} in the youth''s record should be blank.', null, null, null, null, 'DQA11 - Element 14', null, 'DQA#11');
INSERT INTO PUBLIC.PROBLEMDESCRIPTION (PROBLEMDESCRIPTIONID, NAME, CREATEDDATE, CREATEDBY, UPDATEDATE, UPDATEBY, DESCRIPTION, COMPLIANCECATEGORYID, RULENAME) VALUES (98, 'Unique record numbers are required for all youth records as defined in Technical Bulletin #1.', null, null, null, null, 'Records with Dulicate Record Number', null, null);
INSERT INTO PUBLIC.PROBLEMDESCRIPTION (PROBLEMDESCRIPTIONID, NAME, CREATEDDATE, CREATEDBY, UPDATEDATE, UPDATEBY, DESCRIPTION, COMPLIANCECATEGORYID, RULENAME) VALUES (74, 'Element 2 (report date) month ("${reportdate}") is invalid in the data file. Reporting month is either "03" or "09".', null, null, null, null, 'invalid month in the report period', null, null);
INSERT INTO PUBLIC.PROBLEMDESCRIPTION (PROBLEMDESCRIPTIONID, NAME, CREATEDDATE, CREATEDBY, UPDATEDATE, UPDATEBY, DESCRIPTION, COMPLIANCECATEGORYID, RULENAME) VALUES (75, 'Element 2 (report date) year ("${datumValue}" is invalid in the data file. Reporting period year must not be before 2011.', null, null, null, null, null, null, null);
INSERT INTO PUBLIC.PROBLEMDESCRIPTION (PROBLEMDESCRIPTIONID, NAME, CREATEDDATE, CREATEDBY, UPDATEDATE, UPDATEBY, DESCRIPTION, COMPLIANCECATEGORYID, RULENAME) VALUES (76, 'Invalid file name. The reporting period in the file name ("${fileName}") is not valid. Reporting period year must not be before 2011.', null, null, null, null, null, null, null);
INSERT INTO PUBLIC.PROBLEMDESCRIPTION (PROBLEMDESCRIPTIONID, NAME, CREATEDDATE, CREATEDBY, UPDATEDATE, UPDATEBY, DESCRIPTION, COMPLIANCECATEGORYID, RULENAME) VALUES (77, 'Invalid file name. Time of transmission specified in the file name ("${fileName}") is invalid. A value of T is required in the beginning. ', null, null, null, null, null, null, null);
INSERT INTO PUBLIC.PROBLEMDESCRIPTION (PROBLEMDESCRIPTIONID, NAME, CREATEDDATE, CREATEDBY, UPDATEDATE, UPDATEBY, DESCRIPTION, COMPLIANCECATEGORYID, RULENAME) VALUES (87, 'ICC#16:  if element 34 is "participated" (youth participated) and element 56 is a valid response other than "yes," then elements 57 and 58 must be "not applicable."', null, null, null, null, 'ICC 16 - Element 56', null, 'ICC#16');
INSERT INTO PUBLIC.PROBLEMDESCRIPTION (PROBLEMDESCRIPTIONID, NAME, CREATEDDATE, CREATEDBY, UPDATEDATE, UPDATEBY, DESCRIPTION, COMPLIANCECATEGORYID, RULENAME) VALUES (88, 'ICC#17:  if element 34 is "participated" (youth participated) and element 56 is "yes," then elements 57 and 58 cannot be "not applicable."', null, null, null, null, 'ICC 17 - Element 56', null, 'ICC#17');
INSERT INTO PUBLIC.PROBLEMDESCRIPTION (PROBLEMDESCRIPTIONID, NAME, CREATEDDATE, CREATEDBY, UPDATEDATE, UPDATEBY, DESCRIPTION, COMPLIANCECATEGORYID, RULENAME) VALUES (90, 'DQA#21:  if a youth is not in the baseline or follow-up population, then element 34, element 35 and elements 37-58 should be blank in the youths record.  If not, a data quality advisory is generated for each non-blank element 34, 35, and/or 37-58 for such a youth.', null, null, null, null, 'DQA21-Element 34', null, 'DQA#21');
INSERT INTO PUBLIC.PROBLEMDESCRIPTION (PROBLEMDESCRIPTIONID, NAME, CREATEDDATE, CREATEDBY, UPDATEDATE, UPDATEBY, DESCRIPTION, COMPLIANCECATEGORYID, RULENAME) VALUES (91, 'DQA#20:  if the youths age is less than 17-years-old, greater than 21-years-old, or otherwise inconsistent with membership in the baseline or follow-up populations for a reporting period, then element 36 should be blank in the youths record.  If not, a data quality advisory is generated for element 36 for such a youth.', null, null, null, null, 'DQA20-Element 36', null, 'DQA#20');
INSERT INTO PUBLIC.PROBLEMDESCRIPTION (PROBLEMDESCRIPTIONID, NAME, CREATEDDATE, CREATEDBY, UPDATEDATE, UPDATEBY, DESCRIPTION, COMPLIANCECATEGORYID, RULENAME) VALUES (92, 'DQA#23:  if the value of element 34 is other than "participated" (youth participated), then elements 37 through 58 should be blank in a youths record.  If not, a data quality advisory is generated for element 34 and each non-blank element 37 to 58 for such a youth.  ', null, null, null, null, 'DQA23-Element 34', null, 'DQA#23');
INSERT INTO PUBLIC.PROBLEMDESCRIPTION (PROBLEMDESCRIPTIONID, NAME, CREATEDDATE, CREATEDBY, UPDATEDATE, UPDATEBY, DESCRIPTION, COMPLIANCECATEGORYID, RULENAME) VALUES (93, 'DQA#24:  if the value of element 36 is "no" and (even if) element 34 is "participated" (youth participated), then elements 37 through 58 should be blank in the youths record.  ', null, null, null, null, 'DQA24 - Element 36, 37-58', null, 'DQA#24');
INSERT INTO PUBLIC.PROBLEMDESCRIPTION (PROBLEMDESCRIPTIONID, NAME, CREATEDDATE, CREATEDBY, UPDATEDATE, UPDATEBY, DESCRIPTION, COMPLIANCECATEGORYID, RULENAME) VALUES (94, 'Youth''s age is that of a baseline youth and e36 is blank', null, null, null, null, null, null, null);
INSERT INTO PUBLIC.PROBLEMDESCRIPTION (PROBLEMDESCRIPTIONID, NAME, CREATEDDATE, CREATEDBY, UPDATEDATE, UPDATEBY, DESCRIPTION, COMPLIANCECATEGORYID, RULENAME) VALUES (95, 'Youth belongs to baseline population and e36 is "no"', null, null, null, null, null, null, null);
INSERT INTO PUBLIC.PROBLEMDESCRIPTION (PROBLEMDESCRIPTIONID, NAME, CREATEDDATE, CREATEDBY, UPDATEDATE, UPDATEBY, DESCRIPTION, COMPLIANCECATEGORYID, RULENAME) VALUES (96, 'Baseline Buffer youth not reported during the baseline report period',null, null, null, null, null, null, null);
INSERT INTO PUBLIC.PROBLEMDESCRIPTION (PROBLEMDESCRIPTIONID, NAME, CREATEDDATE, CREATEDBY, UPDATEDATE, UPDATEBY, DESCRIPTION, COMPLIANCECATEGORYID, RULENAME) VALUES (97, 'Baseline Buffer youth  not reported as Pre-Buffer during the baseline report period', null, null, null, null, null, null, null);
INSERT INTO PUBLIC.PROBLEMDESCRIPTION (PROBLEMDESCRIPTIONID, NAME, CREATEDDATE, CREATEDBY, UPDATEDATE, UPDATEBY, DESCRIPTION, COMPLIANCECATEGORYID, RULENAME) VALUES (62, 'Invalid File Category. Type of transmission specified in the data file is not valid. A value of "regular", "corrected", "subsequent", or "test" is required.', null, null, null, null, null, 1, null);
INSERT INTO PUBLIC.PROBLEMDESCRIPTION (PROBLEMDESCRIPTIONID, NAME, CREATEDDATE, CREATEDBY, UPDATEDATE, UPDATEBY, DESCRIPTION, COMPLIANCECATEGORYID, RULENAME) VALUES (63, 'Invalid file name. State abbreviation specified in the file name (" ${fileName}")  is not valid.',null, null, null, null, null, 1, null);
INSERT INTO PUBLIC.PROBLEMDESCRIPTION (PROBLEMDESCRIPTIONID, NAME, CREATEDDATE, CREATEDBY, UPDATEDATE, UPDATEBY, DESCRIPTION, COMPLIANCECATEGORYID, RULENAME) VALUES (64, 'Invalid file name. The reporting period specified in the file name ("${fileName}") is invalid.',null, null, null, null, null, 1, null);
INSERT INTO PUBLIC.PROBLEMDESCRIPTION (PROBLEMDESCRIPTIONID, NAME, CREATEDDATE, CREATEDBY, UPDATEDATE, UPDATEBY, DESCRIPTION, COMPLIANCECATEGORYID, RULENAME) VALUES (65, 'Invalid file name. Transmission type specified in the file name ("${fileName}") is invalid. A value of R, C, S, or T is required.', null, null, null, null, null, 1, null);
INSERT INTO PUBLIC.PROBLEMDESCRIPTION (PROBLEMDESCRIPTIONID, NAME, CREATEDDATE, CREATEDBY, UPDATEDATE, UPDATEBY, DESCRIPTION, COMPLIANCECATEGORYID, RULENAME) VALUES (66, 'Invalid file name. The data file must follow the required naming convention: VVG1CX4.CFI.ss.Zyyyy.Xyymmdd.Thhmm.xml Where: "VVG1CX4" is the application account number that identifies NYTD data files for storage at the NIH Center for Information Technology; "CFI" refers to Cyberfusion, the mode of transmission as described in Section 7; "ss" is the State code; "Z" is the report period "A" (corresponding to the period October 1-March 31) or "B" (corresponding to the period April 1-September 30); "yyyy" is the report year; "X" is the type of transmission, R for regular, C for corrected, S for subsequent, or T for test; "yymmdd" is the year, month, and day; "T" refers to the time of transmission; "hhmm" is the hour and minutes that correspond to the time the State transmits the data file (24-hour clock); and ".xml" is the XML file name extension.', null, null, null, null, null, 1, null);
INSERT INTO PUBLIC.PROBLEMDESCRIPTION (PROBLEMDESCRIPTIONID, NAME, CREATEDDATE, CREATEDBY, UPDATEDATE, UPDATEBY, DESCRIPTION, COMPLIANCECATEGORYID, RULENAME) VALUES (67, 'Invalid file name.  Application account number specified in the file name  ("${fileName}") is invalid. A value of "VVG1CX4" is required.',null, null, null, null, null, 1, null);
INSERT INTO PUBLIC.PROBLEMDESCRIPTION (PROBLEMDESCRIPTIONID, NAME, CREATEDDATE, CREATEDBY, UPDATEDATE, UPDATEBY, DESCRIPTION, COMPLIANCECATEGORYID, RULENAME) VALUES (68, 'Invalid file name. Mode of transmission specified in the file name ("${fileName}") is invalid. A value of "CFI" is required.', null, null, null, null, null, 1, null);
INSERT INTO PUBLIC.PROBLEMDESCRIPTION (PROBLEMDESCRIPTIONID, NAME, CREATEDDATE, CREATEDBY, UPDATEDATE, UPDATEBY, DESCRIPTION, COMPLIANCECATEGORYID, RULENAME) VALUES (69, 'Invalid file name.  Date and time of transmission specified in the file name ("${fileName}") is invalid. Year, month, and day are required in the "Xyymmdd" format and time is expected in the "Thhmm" format where:"X" in the "Xyymmdd" is the type of transmission, R for regular, C for corrected, S for subsequent, or T for test and "T" in the "Thhmm" refers to the time of transmission.', null, null, null, null, null, 1, null);
INSERT INTO PUBLIC.PROBLEMDESCRIPTION (PROBLEMDESCRIPTIONID, NAME, CREATEDDATE, CREATEDBY, UPDATEDATE, UPDATEBY, DESCRIPTION, COMPLIANCECATEGORYID, RULENAME) VALUES (70, 'Transmission type specified in the data file is inconsistent with the transmission type specified in the file name.', null, null, null, null, null, 1, null);
INSERT INTO PUBLIC.PROBLEMDESCRIPTION (PROBLEMDESCRIPTIONID, NAME, CREATEDDATE, CREATEDBY, UPDATEDATE, UPDATEBY, DESCRIPTION, COMPLIANCECATEGORYID, RULENAME) VALUES (71, 'Invalid file name. The file name does not contain a valid .xml extension.', null, null, null, null, null, 1, null);
INSERT INTO PUBLIC.PROBLEMDESCRIPTION (PROBLEMDESCRIPTIONID, NAME, CREATEDDATE, CREATEDBY, UPDATEDATE, UPDATEBY, DESCRIPTION, COMPLIANCECATEGORYID, RULENAME) VALUES (58, 'The birthday of youth record number %s occurred near the end of %s reporting period, and survey information was not previously included. Survey information should most likely appear in this reporting period but does not.', null, null, null, null, 'MISSING_POSTBUFFER', null, null);
INSERT INTO PUBLIC.PROBLEMDESCRIPTION (PROBLEMDESCRIPTIONID, NAME, CREATEDDATE, CREATEDBY, UPDATEDATE, UPDATEBY, DESCRIPTION, COMPLIANCECATEGORYID, RULENAME) VALUES (56, 'Youth record number %s specifies a value of %s for %s, but this same youth record in report period %s specified the value %s for this element.', null, null, null, null, 'Generic advisory of elements 4, 6 -11 and 13', null, null);
INSERT INTO PUBLIC.PROBLEMDESCRIPTION (PROBLEMDESCRIPTIONID, NAME, CREATEDDATE, CREATEDBY, UPDATEDATE, UPDATEBY, DESCRIPTION, COMPLIANCECATEGORYID, RULENAME) VALUES (57, 'The baseline survey information of youth record number %s already appears in reporting period %s and should not appear in this subsequent/corrected file.', null, null, null, null, 'RE_TO_POSTBUFFER_BASELINE_DUPLICATE', null, null);
INSERT INTO PUBLIC.PROBLEMDESCRIPTION (PROBLEMDESCRIPTIONID, NAME, CREATEDDATE, CREATEDBY, UPDATEDATE, UPDATEBY, DESCRIPTION, COMPLIANCECATEGORYID, RULENAME) VALUES (59, 'The baseline survey information of youth record number %s appears in this reporting period, but the youth did not turn 17 during the previous report period %s. Baseline survey information for buffer-case youth must be reported the period directly following the one in which they turn 17.', null, null, null, null, 'UNTIMELY_BUFFER', null, null);
INSERT INTO PUBLIC.PROBLEMDESCRIPTION (PROBLEMDESCRIPTIONID, NAME, CREATEDDATE, CREATEDBY, UPDATEDATE, UPDATEBY, DESCRIPTION, COMPLIANCECATEGORYID, RULENAME) VALUES (61, 'Invalid file name. The reporting period specified in the file name ("${fileName}") does not correspond with the report date ("${reportdate}) specified in Element 2.', null, null, null, null, null, 1, null);
INSERT INTO PUBLIC.PROBLEMDESCRIPTION (PROBLEMDESCRIPTIONID, NAME, CREATEDDATE, CREATEDBY, UPDATEDATE, UPDATEBY, DESCRIPTION, COMPLIANCECATEGORYID, RULENAME) VALUES (60, 'Element 1 (State) value ("${state}") does not correspond with the State abbreviation in the file name ("${fileName}").   ', null, null, null, null, 'MISSING_STATE_IN_FILENAME', 1, null);
INSERT INTO PUBLIC.PROBLEMDESCRIPTION (PROBLEMDESCRIPTIONID, NAME, CREATEDDATE, CREATEDBY, UPDATEDATE, UPDATEBY, DESCRIPTION, COMPLIANCECATEGORYID, RULENAME) VALUES (78, 'Element 2 (report date) year ("${datumValue}" is invalid in the data file. Reporting period year must not be later than the current reporting period.', null, null, null, null, null, null, null);
INSERT INTO PUBLIC.PROBLEMDESCRIPTION (PROBLEMDESCRIPTIONID, NAME, CREATEDDATE, CREATEDBY, UPDATEDATE, UPDATEBY, DESCRIPTION, COMPLIANCECATEGORYID, RULENAME) VALUES (79, 'Element ${elementNumber} value ("${datumValue}") is not properly formatted.', null, null, null, null, 'Improperly Formatted Value - Record level', 11, null);
INSERT INTO PUBLIC.PROBLEMDESCRIPTION (PROBLEMDESCRIPTIONID, NAME, CREATEDDATE, CREATEDBY, UPDATEDATE, UPDATEBY, DESCRIPTION, COMPLIANCECATEGORYID, RULENAME) VALUES (80, 'Properly formatted values are required for all elements as defined in Technical Bulletin #1.', null, null, null, null, 'Improperly Formatted Value - Transmission level', 2, null);
INSERT INTO PUBLIC.PROBLEMDESCRIPTION (PROBLEMDESCRIPTIONID, NAME, CREATEDDATE, CREATEDBY, UPDATEDATE, UPDATEBY, DESCRIPTION, COMPLIANCECATEGORYID, RULENAME) VALUES (81, 'Element 2 (report date) is invalid in the data file.', null, null, null, null, null, null, null);
INSERT INTO PUBLIC.PROBLEMDESCRIPTION (PROBLEMDESCRIPTIONID, NAME, CREATEDDATE, CREATEDBY, UPDATEDATE, UPDATEBY, DESCRIPTION, COMPLIANCECATEGORYID, RULENAME) VALUES (82, 'ICC#10:  if element 36 is "no" and element 34 is "participated" (youth participated), then elements 42-44 cannot be "not applicable." ', null, null, null, null, 'ICC10 - Elements 42, 43, 44', null, 'ICC#10');
INSERT INTO PUBLIC.PROBLEMDESCRIPTION (PROBLEMDESCRIPTIONID, NAME, CREATEDDATE, CREATEDBY, UPDATEDATE, UPDATEBY, DESCRIPTION, COMPLIANCECATEGORYID, RULENAME) VALUES (83, 'ICC#15:  if element 34 is "participated" (youth participated) and element 55 is "yes," then element 56 cannot be "not applicable." ', null, null, null, null, 'ICC15 - Elements 55, 56', null, 'ICC#15');
INSERT INTO PUBLIC.PROBLEMDESCRIPTION (PROBLEMDESCRIPTIONID, NAME, CREATEDDATE, CREATEDBY, UPDATEDATE, UPDATEBY, DESCRIPTION, COMPLIANCECATEGORYID, RULENAME) VALUES (84, 'ICC#17:  if element 34 is "participated" (youth participated) and element 56 is "yes," then elements 57 and 58 cannot be "not applicable."', null, null, null, null, 'ICC17 - Elements 56,57,58', null, 'ICC#17');
INSERT INTO PUBLIC.PROBLEMDESCRIPTION (PROBLEMDESCRIPTIONID, NAME, CREATEDDATE, CREATEDBY, UPDATEDATE, UPDATEBY, DESCRIPTION, COMPLIANCECATEGORYID, RULENAME) VALUES (85, 'ICC#16:  if element 34 is "participated" (youth participated) and element 56 is a valid response other than "yes," then elements 57 and 58 must be "not applicable."', null, null, null, null, 'ICC16 - Elements 56,57,58', null, 'ICC#16');
INSERT INTO PUBLIC.PROBLEMDESCRIPTION (PROBLEMDESCRIPTIONID, NAME, CREATEDDATE, CREATEDBY, UPDATEDATE, UPDATEBY, DESCRIPTION, COMPLIANCECATEGORYID, RULENAME) VALUES (99, 'Transmission past the due date of ${mmddyyyy}.', null, null, null, null, 'Transmission past the due date of ${mmddyyyy}.', 1, 'Timely Data');
INSERT INTO PUBLIC.PROBLEMDESCRIPTION (PROBLEMDESCRIPTIONID, NAME, CREATEDDATE, CREATEDBY, UPDATEDATE, UPDATEBY, DESCRIPTION, COMPLIANCECATEGORYID, RULENAME) VALUES (100, 'ICC#20: A follow-up youth who is part of the States sample at age 19 or 21 cannot have the value "not in sample" for element 34.', null, null, null, null, 'ICC#20', null, 'ICC#20');
INSERT INTO PUBLIC.PROBLEMDESCRIPTION (PROBLEMDESCRIPTIONID, NAME, CREATEDDATE, CREATEDBY, UPDATEDATE, UPDATEBY, DESCRIPTION, COMPLIANCECATEGORYID, RULENAME) VALUES (101, 'DQA#25: Youth is reported as a member of the follow-up population, but that youth is not actually a part of the States corresponding follow-up population cohort.', null, null, null, null, 'DQA#25', null, 'DQA#25');
INSERT INTO PUBLIC.PROBLEMDESCRIPTION (PROBLEMDESCRIPTIONID, NAME, CREATEDDATE, CREATEDBY, UPDATEDATE, UPDATEBY, DESCRIPTION, COMPLIANCECATEGORYID, RULENAME) VALUES (102, 'DQA#26: Youth is reported in a follow-up population and is in follow-up population cohort but not a part of the States follow-up sample, and the value of element 34 is other than "not in sample."', null, null, null, null, 'DQA#26', null, 'DQA#26');

INSERT INTO PUBLIC.ALLOWEDVALUE (ALLOWEDVALUEID, NAME, VALUE, ELEMENTID, POPULATIONID, CREATEDDATE, CREATEDBY, UPDATEDATE, UPDATEBY, DESCRIPTION, SORTORDER, FEDERALVALUE) VALUES (28, 'yes', 'yes', 14, null, null, null, null, null, 'The youth receiving services is or was in foster care during the reporting period if the youth is or was in the placement and care responsibility of the State title IV-B/IV-E agency in accordance with the definition of foster care in 45 CFR 1355.20.', 1, 'Yes');
INSERT INTO PUBLIC.ALLOWEDVALUE (ALLOWEDVALUEID, NAME, VALUE, ELEMENTID, POPULATIONID, CREATEDDATE, CREATEDBY, UPDATEDATE, UPDATEBY, DESCRIPTION, SORTORDER, FEDERALVALUE) VALUES (29, 'blank', null, 14, null, null, null, null, null, 'The youth receiving services is or was in foster care during the reporting period if the youth is or was in the placement and care responsibility of the State title IV-B/IV-E agency in accordance with the definition of foster care in 45 CFR 1355.20.', 3, 'null');
INSERT INTO PUBLIC.ALLOWEDVALUE (ALLOWEDVALUEID, NAME, VALUE, ELEMENTID, POPULATIONID, CREATEDDATE, CREATEDBY, UPDATEDATE, UPDATEBY, DESCRIPTION, SORTORDER, FEDERALVALUE) VALUES (33, 'no', 'no', 16, null, null, null, null, null, 'The youth is enrolled in or eligible for membership in a federally recognized tribe.  The term "federally recognized tribe," means any Indian tribe, band, nation, or other organized group or community of Indians, including any Alaska Native village or regional or village corporation as defined in or established pursuant to the Alaska Native Claims Settlement Act (43 U.S.C 1601 et seq.), that is recognized as eligible for the special programs and services provided by the United States to Indians because of their status as Indians pursuant to the Indian Self-Determination and Educational Assistance Act (25 U.S.C. 450 et seq.).', 2, 'No');
INSERT INTO PUBLIC.ALLOWEDVALUE (ALLOWEDVALUEID, NAME, VALUE, ELEMENTID, POPULATIONID, CREATEDDATE, CREATEDBY, UPDATEDATE, UPDATEBY, DESCRIPTION, SORTORDER, FEDERALVALUE) VALUES (34, 'yes', 'yes', 16, null, null, null, null, null, 'The youth is enrolled in or eligible for membership in a federally recognized tribe.  The term "federally recognized tribe," means any Indian tribe, band, nation, or other organized group or community of Indians, including any Alaska Native village or regional or village corporation as defined in or established pursuant to the Alaska Native Claims Settlement Act (43 U.S.C 1601 et seq.), that is recognized as eligible for the special programs and services provided by the United States to Indians because of their status as Indians pursuant to the Indian Self-Determination and Educational Assistance Act (25 U.S.C. 450 et seq.).', 1, 'Yes');
INSERT INTO PUBLIC.ALLOWEDVALUE (ALLOWEDVALUEID, NAME, VALUE, ELEMENTID, POPULATIONID, CREATEDDATE, CREATEDBY, UPDATEDATE, UPDATEBY, DESCRIPTION, SORTORDER, FEDERALVALUE) VALUES (35, 'blank', null, 16, null, null, null, null, null, 'The youth is enrolled in or eligible for membership in a federally recognized tribe.  The term "federally recognized tribe," means any Indian tribe, band, nation, or other organized group or community of Indians, including any Alaska Native village or regional or village corporation as defined in or established pursuant to the Alaska Native Claims Settlement Act (43 U.S.C 1601 et seq.), that is recognized as eligible for the special programs and services provided by the United States to Indians because of their status as Indians pursuant to the Indian Self-Determination and Educational Assistance Act (25 U.S.C. 450 et seq.).', 3, 'null');
INSERT INTO PUBLIC.ALLOWEDVALUE (ALLOWEDVALUEID, NAME, VALUE, ELEMENTID, POPULATIONID, CREATEDDATE, CREATEDBY, UPDATEDATE, UPDATEBY, DESCRIPTION, SORTORDER, FEDERALVALUE) VALUES (37, 'yes', 'yes', 17, null, null, null, null, null, 'Adjudicated delinquent means that a State or Federal court of competent jurisdiction has adjudicated a youth as a delinquent.', 1, 'Yes');
INSERT INTO PUBLIC.ALLOWEDVALUE (ALLOWEDVALUEID, NAME, VALUE, ELEMENTID, POPULATIONID, CREATEDDATE, CREATEDBY, UPDATEDATE, UPDATEBY, DESCRIPTION, SORTORDER, FEDERALVALUE) VALUES (38, 'blank', null, 17, null, null, null, null, null, 'Adjudicated delinquent means that a State or Federal court of competent jurisdiction has adjudicated a youth as a delinquent.', 3, null);
INSERT INTO PUBLIC.ALLOWEDVALUE (ALLOWEDVALUEID, NAME, VALUE, ELEMENTID, POPULATIONID, CREATEDDATE, CREATEDBY, UPDATEDATE, UPDATEBY, DESCRIPTION, SORTORDER, FEDERALVALUE) VALUES (39, 'under 6', 'under 6', 18, null, null, null, null, null, 'Educational level means the highest educational level completed by the youth.  For example, for a youth currently in 11th grade, 10th grade is the highest educational level completed.', 1, 'Less than 6th grade');
INSERT INTO PUBLIC.ALLOWEDVALUE (ALLOWEDVALUEID, NAME, VALUE, ELEMENTID, POPULATIONID, CREATEDDATE, CREATEDBY, UPDATEDATE, UPDATEBY, DESCRIPTION, SORTORDER, FEDERALVALUE) VALUES (40, '6', '6', 18, null, null, null, null, null, 'Educational level means the highest educational level completed by the youth.  For example, for a youth currently in 11th grade, 10th grade is the highest educational level completed.', 2, '6th grade');
INSERT INTO PUBLIC.ALLOWEDVALUE (ALLOWEDVALUEID, NAME, VALUE, ELEMENTID, POPULATIONID, CREATEDDATE, CREATEDBY, UPDATEDATE, UPDATEBY, DESCRIPTION, SORTORDER, FEDERALVALUE) VALUES (41, '7', '7', 18, null, null, null, null, null, 'Educational level means the highest educational level completed by the youth.  For example, for a youth currently in 11th grade, 10th grade is the highest educational level completed.', 3, '7th grade');
INSERT INTO PUBLIC.ALLOWEDVALUE (ALLOWEDVALUEID, NAME, VALUE, ELEMENTID, POPULATIONID, CREATEDDATE, CREATEDBY, UPDATEDATE, UPDATEBY, DESCRIPTION, SORTORDER, FEDERALVALUE) VALUES (42, '8', '8', 18, null, null, null, null, null, 'Educational level means the highest educational level completed by the youth.  For example, for a youth currently in 11th grade, 10th grade is the highest educational level completed.', 4, '8th grade');
INSERT INTO PUBLIC.ALLOWEDVALUE (ALLOWEDVALUEID, NAME, VALUE, ELEMENTID, POPULATIONID, CREATEDDATE, CREATEDBY, UPDATEDATE, UPDATEBY, DESCRIPTION, SORTORDER, FEDERALVALUE) VALUES (43, '9', '9', 18, null, null, null, null, null, 'Educational level means the highest educational level completed by the youth.  For example, for a youth currently in 11th grade, 10th grade is the highest educational level completed.', 5, '9th grade');
INSERT INTO PUBLIC.ALLOWEDVALUE (ALLOWEDVALUEID, NAME, VALUE, ELEMENTID, POPULATIONID, CREATEDDATE, CREATEDBY, UPDATEDATE, UPDATEBY, DESCRIPTION, SORTORDER, FEDERALVALUE) VALUES (44, '10', '10', 18, null, null, null, null, null, 'Educational level means the highest educational level completed by the youth.  For example, for a youth currently in 11th grade, 10th grade is the highest educational level completed.', 6, '10th grade');
INSERT INTO PUBLIC.ALLOWEDVALUE (ALLOWEDVALUEID, NAME, VALUE, ELEMENTID, POPULATIONID, CREATEDDATE, CREATEDBY, UPDATEDATE, UPDATEBY, DESCRIPTION, SORTORDER, FEDERALVALUE) VALUES (45, '11', '11', 18, null, null, null, null, null, 'Educational level means the highest educational level completed by the youth.  For example, for a youth currently in 11th grade, 10th grade is the highest educational level completed.', 7, '11th grade');
INSERT INTO PUBLIC.ALLOWEDVALUE (ALLOWEDVALUEID, NAME, VALUE, ELEMENTID, POPULATIONID, CREATEDDATE, CREATEDBY, UPDATEDATE, UPDATEBY, DESCRIPTION, SORTORDER, FEDERALVALUE) VALUES (46, '12', '12', 18, null, null, null, null, null, 'Educational level means the highest educational level completed by the youth.  For example, for a youth currently in 11th grade, 10th grade is the highest educational level completed.', 8, '12th grade');
INSERT INTO PUBLIC.ALLOWEDVALUE (ALLOWEDVALUEID, NAME, VALUE, ELEMENTID, POPULATIONID, CREATEDDATE, CREATEDBY, UPDATEDATE, UPDATEBY, DESCRIPTION, SORTORDER, FEDERALVALUE) VALUES (47, 'post secondary', 'post secondary', 18, null, null, null, null, null, '"Post-secondary education or training" refers to any other post-secondary education or training, other than an education pursued at a college or university.', 9, 'Postsecondary education or training College, at least one semester');
INSERT INTO PUBLIC.ALLOWEDVALUE (ALLOWEDVALUEID, NAME, VALUE, ELEMENTID, POPULATIONID, CREATEDDATE, CREATEDBY, UPDATEDATE, UPDATEBY, DESCRIPTION, SORTORDER, FEDERALVALUE) VALUES (49, 'blank', null, 18, null, null, null, null, null, 'Educational level means the highest educational level completed by the youth.  For example, for a youth currently in 11th grade, 10th grade is the highest educational level completed.', 11, null);
INSERT INTO PUBLIC.ALLOWEDVALUE (ALLOWEDVALUEID, NAME, VALUE, ELEMENTID, POPULATIONID, CREATEDDATE, CREATEDBY, UPDATEDATE, UPDATEBY, DESCRIPTION, SORTORDER, FEDERALVALUE) VALUES (50, 'no', 'no', 19, null, null, null, null, null, 'The term "special education," means specifically designed instruction, at no cost to parents, to meet the unique needs of a child with a disability.', 2, 'No');
INSERT INTO PUBLIC.ALLOWEDVALUE (ALLOWEDVALUEID, NAME, VALUE, ELEMENTID, POPULATIONID, CREATEDDATE, CREATEDBY, UPDATEDATE, UPDATEBY, DESCRIPTION, SORTORDER, FEDERALVALUE) VALUES (51, 'yes', 'yes', 19, null, null, null, null, null, 'The term "special education," means specifically designed instruction, at no cost to parents, to meet the unique needs of a child with a disability.', 1, 'Yes');
INSERT INTO PUBLIC.ALLOWEDVALUE (ALLOWEDVALUEID, NAME, VALUE, ELEMENTID, POPULATIONID, CREATEDDATE, CREATEDBY, UPDATEDATE, UPDATEBY, DESCRIPTION, SORTORDER, FEDERALVALUE) VALUES (52, 'blank', null, 19, null, null, null, null, null, 'The term "special education," means specifically designed instruction, at no cost to parents, to meet the unique needs of a child with a disability.', 3, null);
INSERT INTO PUBLIC.ALLOWEDVALUE (ALLOWEDVALUEID, NAME, VALUE, ELEMENTID, POPULATIONID, CREATEDDATE, CREATEDBY, UPDATEDATE, UPDATEBY, DESCRIPTION, SORTORDER, FEDERALVALUE) VALUES (53, 'no', 'no', 20, null, null, null, null, null, 'An independent living needs assessment is a systematic procedure to identify a youths basic skills, emotional and social capabilities, strengths, and needs to match the youth with appropriate independent living services. An independent living needs assessment may address knowledge of basic living skills, job readiness, money management abilities, decision-making skills, goal setting, task completion, and transitional living needs.', 2, 'No');
INSERT INTO PUBLIC.ALLOWEDVALUE (ALLOWEDVALUEID, NAME, VALUE, ELEMENTID, POPULATIONID, CREATEDDATE, CREATEDBY, UPDATEDATE, UPDATEBY, DESCRIPTION, SORTORDER, FEDERALVALUE) VALUES (54, 'yes', 'yes', 20, null, null, null, null, null, 'An independent living needs assessment is a systematic procedure to identify a youths basic skills, emotional and social capabilities, strengths, and needs to match the youth with appropriate independent living services. An independent living needs assessment may address knowledge of basic living skills, job readiness, money management abilities, decision-making skills, goal setting, task completion, and transitional living needs.', 1, 'Yes');
INSERT INTO PUBLIC.ALLOWEDVALUE (ALLOWEDVALUEID, NAME, VALUE, ELEMENTID, POPULATIONID, CREATEDDATE, CREATEDBY, UPDATEDATE, UPDATEBY, DESCRIPTION, SORTORDER, FEDERALVALUE) VALUES (55, 'blank', null, 20, null, null, null, null, null, 'An independent living needs assessment is a systematic procedure to identify a youths basic skills, emotional and social capabilities, strengths, and needs to match the youth with appropriate independent living services. An independent living needs assessment may address knowledge of basic living skills, job readiness, money management abilities, decision-making skills, goal setting, task completion, and transitional living needs.', 3, null);
INSERT INTO PUBLIC.ALLOWEDVALUE (ALLOWEDVALUEID, NAME, VALUE, ELEMENTID, POPULATIONID, CREATEDDATE, CREATEDBY, UPDATEDATE, UPDATEBY, DESCRIPTION, SORTORDER, FEDERALVALUE) VALUES (56, 'no', 'no', 21, null, null, null, null, null, 'Academic supports are services designed to help a youth complete high school or obtain a General Equivalency Degree (GED).  Such services include the following: academic counseling; preparation for a GED, including assistance in applying for or studying for a GED exam; tutoring; help with homework; study skills training; literacy training; and help accessing educational resources.  Academic support does not include a youths general attendance in high school.', 2, 'No');
INSERT INTO PUBLIC.ALLOWEDVALUE (ALLOWEDVALUEID, NAME, VALUE, ELEMENTID, POPULATIONID, CREATEDDATE, CREATEDBY, UPDATEDATE, UPDATEBY, DESCRIPTION, SORTORDER, FEDERALVALUE) VALUES (74, 'no', 'no', 27, null, null, null, null, null, 'Health education and risk prevention includes providing information about: Hygiene, nutrition, fitness and exercise, and first aid; medical and dental care benefits, health care resources and insurance, prenatal care and maintaining personal medical records; sex education, abstinence education, and HIV prevention, including education and information about sexual development and sexuality, pregnancy prevention and family planning, and sexually transmitted diseases and AIDS; substance abuse prevention and intervention, including education and information about the effects and consequences of substance use (alcohol, drugs, tobacco) and substance avoidance and intervention.  Health education and risk prevention does not include the youths actual receipt of direct medical care or substance abuse treatment.', 2, 'No');
INSERT INTO PUBLIC.ALLOWEDVALUE (ALLOWEDVALUEID, NAME, VALUE, ELEMENTID, POPULATIONID, CREATEDDATE, CREATEDBY, UPDATEDATE, UPDATEBY, DESCRIPTION, SORTORDER, FEDERALVALUE) VALUES (75, 'yes', 'yes', 27, null, null, null, null, null, 'Health education and risk prevention includes providing information about: Hygiene, nutrition, fitness and exercise, and first aid; medical and dental care benefits, health care resources and insurance, prenatal care and maintaining personal medical records; sex education, abstinence education, and HIV prevention, including education and information about sexual development and sexuality, pregnancy prevention and family planning, and sexually transmitted diseases and AIDS; substance abuse prevention and intervention, including education and information about the effects and consequences of substance use (alcohol, drugs, tobacco) and substance avoidance and intervention.  Health education and risk prevention does not include the youths actual receipt of direct medical care or substance abuse treatment.', 1, 'Yes');
INSERT INTO PUBLIC.ALLOWEDVALUE (ALLOWEDVALUEID, NAME, VALUE, ELEMENTID, POPULATIONID, CREATEDDATE, CREATEDBY, UPDATEDATE, UPDATEBY, DESCRIPTION, SORTORDER, FEDERALVALUE) VALUES (76, 'blank', null, 27, null, null, null, null, null, 'Health education and risk prevention includes providing information about: Hygiene, nutrition, fitness and exercise, and first aid; medical and dental care benefits, health care resources and insurance, prenatal care and maintaining personal medical records; sex education, abstinence education, and HIV prevention, including education and information about sexual development and sexuality, pregnancy prevention and family planning, and sexually transmitted diseases and AIDS; substance abuse prevention and intervention, including education and information about the effects and consequences of substance use (alcohol, drugs, tobacco) and substance avoidance and intervention.  Health education and risk prevention does not include the youths actual receipt of direct medical care or substance abuse treatment.', 3, null);
INSERT INTO PUBLIC.ALLOWEDVALUE (ALLOWEDVALUEID, NAME, VALUE, ELEMENTID, POPULATIONID, CREATEDDATE, CREATEDBY, UPDATEDATE, UPDATEBY, DESCRIPTION, SORTORDER, FEDERALVALUE) VALUES (78, 'yes', 'yes', 28, null, null, null, null, null, 'Such services include education and information about safe and stable families, healthy marriages, spousal communication, parenting, responsible fatherhood, childcare skills, teen parenting, and domestic and family violence prevention.', 1, 'Yes');
INSERT INTO PUBLIC.ALLOWEDVALUE (ALLOWEDVALUEID, NAME, VALUE, ELEMENTID, POPULATIONID, CREATEDDATE, CREATEDBY, UPDATEDATE, UPDATEBY, DESCRIPTION, SORTORDER, FEDERALVALUE) VALUES (79, 'blank', null, 28, null, null, null, null, null, 'Such services include education and information about safe and stable families, healthy marriages, spousal communication, parenting, responsible fatherhood, childcare skills, teen parenting, and domestic and family violence prevention.', 3, null);
INSERT INTO PUBLIC.ALLOWEDVALUE (ALLOWEDVALUEID, NAME, VALUE, ELEMENTID, POPULATIONID, CREATEDDATE, CREATEDBY, UPDATEDATE, UPDATEBY, DESCRIPTION, SORTORDER, FEDERALVALUE) VALUES (80, 'no', 'no', 29, null, null, null, null, null, 'Mentoring means that the youth has been matched with a screened and trained adult for a one-on-one relationship that involves the two meeting on a regular basis.  Mentoring can be short-term, but it may also support the development of a long-term relationship.  While youth often are connected to adult role models through school, work, or family, this service category only includes a mentor relationship that has been facilitated, paid for or provided by the State agency or its staff.', 2, 'No');
INSERT INTO PUBLIC.ALLOWEDVALUE (ALLOWEDVALUEID, NAME, VALUE, ELEMENTID, POPULATIONID, CREATEDDATE, CREATEDBY, UPDATEDATE, UPDATEBY, DESCRIPTION, SORTORDER, FEDERALVALUE) VALUES (81, 'yes', 'yes', 29, null, null, null, null, null, 'Mentoring means that the youth has been matched with a screened and trained adult for a one-on-one relationship that involves the two meeting on a regular basis.  Mentoring can be short-term, but it may also support the development of a long-term relationship.  While youth often are connected to adult role models through school, work, or family, this service category only includes a mentor relationship that has been facilitated, paid for or provided by the State agency or its staff.', 1, 'Yes');
INSERT INTO PUBLIC.ALLOWEDVALUE (ALLOWEDVALUEID, NAME, VALUE, ELEMENTID, POPULATIONID, CREATEDDATE, CREATEDBY, UPDATEDATE, UPDATEBY, DESCRIPTION, SORTORDER, FEDERALVALUE) VALUES (82, 'blank', null, 29, null, null, null, null, null, 'Mentoring means that the youth has been matched with a screened and trained adult for a one-on-one relationship that involves the two meeting on a regular basis.  Mentoring can be short-term, but it may also support the development of a long-term relationship.  While youth often are connected to adult role models through school, work, or family, this service category only includes a mentor relationship that has been facilitated, paid for or provided by the State agency or its staff.', 3, null);
INSERT INTO PUBLIC.ALLOWEDVALUE (ALLOWEDVALUEID, NAME, VALUE, ELEMENTID, POPULATIONID, CREATEDDATE, CREATEDBY, UPDATEDATE, UPDATEBY, DESCRIPTION, SORTORDER, FEDERALVALUE) VALUES (83, 'no', 'no', 30, null, null, null, null, null, 'Supervised independent living means that the youth is living independently under a supervised arrangement that is paid for or provided by the State agency.  A youth in supervised independent living is not supervised 24-hours a day by an adult and often is provided with increased responsibilities, such as paying bills, assuming leases, and working with a landlord, while under the supervision of an adult.', 2, 'No');
INSERT INTO PUBLIC.ALLOWEDVALUE (ALLOWEDVALUEID, NAME, VALUE, ELEMENTID, POPULATIONID, CREATEDDATE, CREATEDBY, UPDATEDATE, UPDATEBY, DESCRIPTION, SORTORDER, FEDERALVALUE) VALUES (84, 'yes', 'yes', 30, null, null, null, null, null, 'Supervised independent living means that the youth is living independently under a supervised arrangement that is paid for or provided by the State agency.  A youth in supervised independent living is not supervised 24-hours a day by an adult and often is provided with increased responsibilities, such as paying bills, assuming leases, and working with a landlord, while under the supervision of an adult.', 1, 'Yes');
INSERT INTO PUBLIC.ALLOWEDVALUE (ALLOWEDVALUEID, NAME, VALUE, ELEMENTID, POPULATIONID, CREATEDDATE, CREATEDBY, UPDATEDATE, UPDATEBY, DESCRIPTION, SORTORDER, FEDERALVALUE) VALUES (3, 'no', 'no', 6, null, null, null, null, null, 'An America Indian of Alaska Native youth has origins in any of the original peoples of North or South America (including Central America), and maintains tribal affiliation or community attachment.', 2, 'No');
INSERT INTO PUBLIC.ALLOWEDVALUE (ALLOWEDVALUEID, NAME, VALUE, ELEMENTID, POPULATIONID, CREATEDDATE, CREATEDBY, UPDATEDATE, UPDATEBY, DESCRIPTION, SORTORDER, FEDERALVALUE) VALUES (4, 'yes', 'yes', 6, null, null, null, null, null, 'An America Indian of Alaska Native youth has origins in any of the original peoples of North or South America (including Central America), and maintains tribal affiliation or community attachment.', 1, 'Yes');
INSERT INTO PUBLIC.ALLOWEDVALUE (ALLOWEDVALUEID, NAME, VALUE, ELEMENTID, POPULATIONID, CREATEDDATE, CREATEDBY, UPDATEDATE, UPDATEBY, DESCRIPTION, SORTORDER, FEDERALVALUE) VALUES (5, 'blank', null, 6, null, null, null, null, null, 'An America Indian of Alaska Native youth has origins in any of the original peoples of North or South America (including Central America), and maintains tribal affiliation or community attachment.', 3, null);
INSERT INTO PUBLIC.ALLOWEDVALUE (ALLOWEDVALUEID, NAME, VALUE, ELEMENTID, POPULATIONID, CREATEDDATE, CREATEDBY, UPDATEDATE, UPDATEBY, DESCRIPTION, SORTORDER, FEDERALVALUE) VALUES (6, 'no', 'no', 7, null, null, null, null, null, 'An Asian youth has origins in any of the original peoples of the Far East, Southeast Asia, or the Indian subcontinent including, for example, Cambodia, China, India, Japan, Korea, Malaysia, Pakistan, the Philippine Islands, Thailand, and Vietnam.', 2, 'No');
INSERT INTO PUBLIC.ALLOWEDVALUE (ALLOWEDVALUEID, NAME, VALUE, ELEMENTID, POPULATIONID, CREATEDDATE, CREATEDBY, UPDATEDATE, UPDATEBY, DESCRIPTION, SORTORDER, FEDERALVALUE) VALUES (7, 'yes', 'yes', 7, null, null, null, null, null, 'An Asian youth has origins in any of the original peoples of the Far East, Southeast Asia, or the Indian subcontinent including, for example, Cambodia, China, India, Japan, Korea, Malaysia, Pakistan, the Philippine Islands, Thailand, and Vietnam.', 1, 'Yes');
INSERT INTO PUBLIC.ALLOWEDVALUE (ALLOWEDVALUEID, NAME, VALUE, ELEMENTID, POPULATIONID, CREATEDDATE, CREATEDBY, UPDATEDATE, UPDATEBY, DESCRIPTION, SORTORDER, FEDERALVALUE) VALUES (12, 'no', 'no', 9, null, null, null, null, null, 'A Native Hawaiian or Other Pacific Islander youth has origins in any of the original peoples of Hawaii, Guam, Samoa, or other Pacific Islands.', 2, 'No');
INSERT INTO PUBLIC.ALLOWEDVALUE (ALLOWEDVALUEID, NAME, VALUE, ELEMENTID, POPULATIONID, CREATEDDATE, CREATEDBY, UPDATEDATE, UPDATEBY, DESCRIPTION, SORTORDER, FEDERALVALUE) VALUES (13, 'yes', 'yes', 9, null, null, null, null, null, 'A Native Hawaiian or Other Pacific Islander youth has origins in any of the original peoples of Hawaii, Guam, Samoa, or other Pacific Islands.', 1, 'Yes');
INSERT INTO PUBLIC.ALLOWEDVALUE (ALLOWEDVALUEID, NAME, VALUE, ELEMENTID, POPULATIONID, CREATEDDATE, CREATEDBY, UPDATEDATE, UPDATEBY, DESCRIPTION, SORTORDER, FEDERALVALUE) VALUES (14, 'blank', null, 9, null, null, null, null, null, 'A Native Hawaiian or Other Pacific Islander youth has origins in any of the original peoples of Hawaii, Guam, Samoa, or other Pacific Islands.', 3, null);
INSERT INTO PUBLIC.ALLOWEDVALUE (ALLOWEDVALUEID, NAME, VALUE, ELEMENTID, POPULATIONID, CREATEDDATE, CREATEDBY, UPDATEDATE, UPDATEBY, DESCRIPTION, SORTORDER, FEDERALVALUE) VALUES (15, 'no', 'no', 10, null, null, null, null, null, 'A White youth has origins in any of the original peoples of Europe, the Middle East, or North Africa.', 2, 'No');
INSERT INTO PUBLIC.ALLOWEDVALUE (ALLOWEDVALUEID, NAME, VALUE, ELEMENTID, POPULATIONID, CREATEDDATE, CREATEDBY, UPDATEDATE, UPDATEBY, DESCRIPTION, SORTORDER, FEDERALVALUE) VALUES (16, 'yes', 'yes', 10, null, null, null, null, null, 'A White youth has origins in any of the original peoples of Europe, the Middle East, or North Africa.', 1, 'Yes');
INSERT INTO PUBLIC.ALLOWEDVALUE (ALLOWEDVALUEID, NAME, VALUE, ELEMENTID, POPULATIONID, CREATEDDATE, CREATEDBY, UPDATEDATE, UPDATEBY, DESCRIPTION, SORTORDER, FEDERALVALUE) VALUES (17, 'blank', null, 10, null, null, null, null, null, 'A White youth has origins in any of the original peoples of Europe, the Middle East, or North Africa.', 3, null);
INSERT INTO PUBLIC.ALLOWEDVALUE (ALLOWEDVALUEID, NAME, VALUE, ELEMENTID, POPULATIONID, CREATEDDATE, CREATEDBY, UPDATEDATE, UPDATEBY, DESCRIPTION, SORTORDER, FEDERALVALUE) VALUES (18, 'no', 'no', 11, null, null, null, null, null, 'The race, or at least one race of the youth is unknown, or the youth and/or parent is not able to communicate the youths race.', 2, 'No');
INSERT INTO PUBLIC.ALLOWEDVALUE (ALLOWEDVALUEID, NAME, VALUE, ELEMENTID, POPULATIONID, CREATEDDATE, CREATEDBY, UPDATEDATE, UPDATEBY, DESCRIPTION, SORTORDER, FEDERALVALUE) VALUES (19, 'yes', 'yes', 11, null, null, null, null, null, 'The race, or at least one race of the youth is unknown, or the youth and/or parent is not able to communicate the youths race.', 1, 'Yes');
INSERT INTO PUBLIC.ALLOWEDVALUE (ALLOWEDVALUEID, NAME, VALUE, ELEMENTID, POPULATIONID, CREATEDDATE, CREATEDBY, UPDATEDATE, UPDATEBY, DESCRIPTION, SORTORDER, FEDERALVALUE) VALUES (20, 'blank', null, 11, null, null, null, null, null, 'The race, or at least one race of the youth is unknown, or the youth and/or parent is not able to communicate the youths race.', 3, null);
INSERT INTO PUBLIC.ALLOWEDVALUE (ALLOWEDVALUEID, NAME, VALUE, ELEMENTID, POPULATIONID, CREATEDDATE, CREATEDBY, UPDATEDATE, UPDATEBY, DESCRIPTION, SORTORDER, FEDERALVALUE) VALUES (21, 'no', 'no', 12, null, null, null, null, null, 'The youth or parent has declined to identify a race.', 2, 'No');
INSERT INTO PUBLIC.ALLOWEDVALUE (ALLOWEDVALUEID, NAME, VALUE, ELEMENTID, POPULATIONID, CREATEDDATE, CREATEDBY, UPDATEDATE, UPDATEBY, DESCRIPTION, SORTORDER, FEDERALVALUE) VALUES (22, 'yes', 'yes', 12, null, null, null, null, null, 'The youth or parent has declined to identify a race.', 1, 'Yes');
INSERT INTO PUBLIC.ALLOWEDVALUE (ALLOWEDVALUEID, NAME, VALUE, ELEMENTID, POPULATIONID, CREATEDDATE, CREATEDBY, UPDATEDATE, UPDATEBY, DESCRIPTION, SORTORDER, FEDERALVALUE) VALUES (27, 'no', 'no', 14, null, null, null, null, null, 'The youth receiving services is or was in foster care during the reporting period if the youth is or was in the placement and care responsibility of the State title IV-B/IV-E agency in accordance with the definition of foster care in 45 CFR 1355.20.', 2, 'No');
INSERT INTO PUBLIC.ALLOWEDVALUE (ALLOWEDVALUEID, NAME, VALUE, ELEMENTID, POPULATIONID, CREATEDDATE, CREATEDBY, UPDATEDATE, UPDATEBY, DESCRIPTION, SORTORDER, FEDERALVALUE) VALUES (36, 'no', 'no', 17, null, null, null, null, null, 'Adjudicated delinquent means that a State or Federal court of competent jurisdiction has adjudicated a youth as a delinquent.', 2, 'No');
INSERT INTO PUBLIC.ALLOWEDVALUE (ALLOWEDVALUEID, NAME, VALUE, ELEMENTID, POPULATIONID, CREATEDDATE, CREATEDBY, UPDATEDATE, UPDATEBY, DESCRIPTION, SORTORDER, FEDERALVALUE) VALUES (2, 'female', 'female', 5, null, null, null, null, null, 'The youths sex.', 2, 'Female');
INSERT INTO PUBLIC.ALLOWEDVALUE (ALLOWEDVALUEID, NAME, VALUE, ELEMENTID, POPULATIONID, CREATEDDATE, CREATEDBY, UPDATEDATE, UPDATEBY, DESCRIPTION, SORTORDER, FEDERALVALUE) VALUES (48, 'college', 'college', 18, null, null, null, null, null, '"College" refers to completing at least a semester of study at a college or university.', 10, 'Postsecondary education or training College, at least one semester');
INSERT INTO PUBLIC.ALLOWEDVALUE (ALLOWEDVALUEID, NAME, VALUE, ELEMENTID, POPULATIONID, CREATEDDATE, CREATEDBY, UPDATEDATE, UPDATEBY, DESCRIPTION, SORTORDER, FEDERALVALUE) VALUES (77, 'no', 'no', 28, null, null, null, null, null, 'Such services include education and information about safe and stable families, healthy marriages, spousal communication, parenting, responsible fatherhood, childcare skills, teen parenting, and domestic and family violence prevention.', 2, 'No');
INSERT INTO PUBLIC.ALLOWEDVALUE (ALLOWEDVALUEID, NAME, VALUE, ELEMENTID, POPULATIONID, CREATEDDATE, CREATEDBY, UPDATEDATE, UPDATEBY, DESCRIPTION, SORTORDER, FEDERALVALUE) VALUES (105, 'no', 'no', 36, null, null, null, null, null, 'The youth is in foster care if the youth is under the placement and care responsibility of the State title IV-B/IV-E agency in accordance with the definition of foster care in 45 CFR, 1355.20.  ', 2, 'No');
INSERT INTO PUBLIC.ALLOWEDVALUE (ALLOWEDVALUEID, NAME, VALUE, ELEMENTID, POPULATIONID, CREATEDDATE, CREATEDBY, UPDATEDATE, UPDATEBY, DESCRIPTION, SORTORDER, FEDERALVALUE) VALUES (108, 'no', 'no', 37, null, null, null, null, null, 'A youth is employed full-time if employed at least 35 hours per week, in one or multiple jobs, as of the date of the outcome data collection.', 2, 'No');
INSERT INTO PUBLIC.ALLOWEDVALUE (ALLOWEDVALUEID, NAME, VALUE, ELEMENTID, POPULATIONID, CREATEDDATE, CREATEDBY, UPDATEDATE, UPDATEBY, DESCRIPTION, SORTORDER, FEDERALVALUE) VALUES (131, 'not applicable', 'not applicable', 42, null, null, null, null, null, '"Not applicable" means the youth is still in foster care.', 3, 'Not applicable');
INSERT INTO PUBLIC.ALLOWEDVALUE (ALLOWEDVALUEID, NAME, VALUE, ELEMENTID, POPULATIONID, CREATEDDATE, CREATEDBY, UPDATEDATE, UPDATEBY, DESCRIPTION, SORTORDER, FEDERALVALUE) VALUES (136, 'not applicable', 'not applicable', 43, null, null, null, null, null, '"Not applicable" means the youth is still in foster care.', 3, 'Not applicable');
INSERT INTO PUBLIC.ALLOWEDVALUE (ALLOWEDVALUEID, NAME, VALUE, ELEMENTID, POPULATIONID, CREATEDDATE, CREATEDBY, UPDATEDATE, UPDATEBY, DESCRIPTION, SORTORDER, FEDERALVALUE) VALUES (141, 'not applicable', 'not applicable', 44, null, null, null, null, null, '"Not applicable" means the youth is still in foster care.', 3, 'Not applicable');
INSERT INTO PUBLIC.ALLOWEDVALUE (ALLOWEDVALUEID, NAME, VALUE, ELEMENTID, POPULATIONID, CREATEDDATE, CREATEDBY, UPDATEDATE, UPDATEBY, DESCRIPTION, SORTORDER, FEDERALVALUE) VALUES (148, 'vocational certificate', 'vocational certificate', 46, null, null, null, null, null, 'A vocational certificate is a document stating that a person has received education or training that qualifies him or her for a particular job, e.g., auto mechanics or cosmetology.', 3, 'Vocational certificate');
INSERT INTO PUBLIC.ALLOWEDVALUE (ALLOWEDVALUEID, NAME, VALUE, ELEMENTID, POPULATIONID, CREATEDDATE, CREATEDBY, UPDATEDATE, UPDATEBY, DESCRIPTION, SORTORDER, FEDERALVALUE) VALUES (149, 'declined', 'declined', 46, null, null, null, null, null, null, 9, 'Declined');
INSERT INTO PUBLIC.ALLOWEDVALUE (ALLOWEDVALUEID, NAME, VALUE, ELEMENTID, POPULATIONID, CREATEDDATE, CREATEDBY, UPDATEDATE, UPDATEBY, DESCRIPTION, SORTORDER, FEDERALVALUE) VALUES (152, 'bachelor', 'bachelor', 46, null, null, null, null, null, 'A bachelors degree is a four-year degree from a college or university.', 6, 'Bachelor''s degree');
INSERT INTO PUBLIC.ALLOWEDVALUE (ALLOWEDVALUEID, NAME, VALUE, ELEMENTID, POPULATIONID, CREATEDDATE, CREATEDBY, UPDATEDATE, UPDATEBY, DESCRIPTION, SORTORDER, FEDERALVALUE) VALUES (155, 'blank', null, 46, null, null, null, null, null, null, 10, null);
INSERT INTO PUBLIC.ALLOWEDVALUE (ALLOWEDVALUEID, NAME, VALUE, ELEMENTID, POPULATIONID, CREATEDDATE, CREATEDBY, UPDATEDATE, UPDATEBY, DESCRIPTION, SORTORDER, FEDERALVALUE) VALUES (180, 'no', 'no', 53, null, null, null, null, null, 'A youth is married at the time of the childs birth if he or she was united in matrimony according to the laws of the State to the childs other parent.', 2, 'No');
INSERT INTO PUBLIC.ALLOWEDVALUE (ALLOWEDVALUEID, NAME, VALUE, ELEMENTID, POPULATIONID, CREATEDDATE, CREATEDBY, UPDATEDATE, UPDATEBY, DESCRIPTION, SORTORDER, FEDERALVALUE) VALUES (181, 'yes', 'yes', 53, null, null, null, null, null, 'A youth is married at the time of the childs birth if he or she was united in matrimony according to the laws of the State to the childs other parent.', 1, 'Yes');
INSERT INTO PUBLIC.ALLOWEDVALUE (ALLOWEDVALUEID, NAME, VALUE, ELEMENTID, POPULATIONID, CREATEDDATE, CREATEDBY, UPDATEDATE, UPDATEBY, DESCRIPTION, SORTORDER, FEDERALVALUE) VALUES (196, 'no', 'no', 56, null, null, null, null, null, 'If the youth has indicated that he or she has health insurance coverage in the element described in paragraph (g)(55) of this section, indicate whether the youth has insurance that pays for all or part of medical health care services.', 2, 'No');
INSERT INTO PUBLIC.ALLOWEDVALUE (ALLOWEDVALUEID, NAME, VALUE, ELEMENTID, POPULATIONID, CREATEDDATE, CREATEDBY, UPDATEDATE, UPDATEBY, DESCRIPTION, SORTORDER, FEDERALVALUE) VALUES (213, 'blank', null, 58, null, null, null, null, null, 'If the youth has indicated that he or she has medical health insurance coverage as described in paragraph (g)(56) of this section, indicate whether the youth has insurance coverage that pays for part or all of the costs of some prescription drugs.', 6, null);
INSERT INTO PUBLIC.ALLOWEDVALUE (ALLOWEDVALUEID, NAME, VALUE, ELEMENTID, POPULATIONID, CREATEDDATE, CREATEDBY, UPDATEDATE, UPDATEBY, DESCRIPTION, SORTORDER, FEDERALVALUE) VALUES (23, 'declined', 'declined', 13, null, null, null, null, null, 'A youth is of Hispanic or Latino ethnicity if the youth is a person of Cuban, Mexican, Puerto Rican, South or Central American, or other Spanish culture or origin, regardless of race.  "Unknown" means the youth and/or parent is unable to communicate the youths ethnicity.  "Declined" means the youth or parent has declined to identify the youth''s Hispanic or Latino ethnicity.', 4, 'Declined');
INSERT INTO PUBLIC.ALLOWEDVALUE (ALLOWEDVALUEID, NAME, VALUE, ELEMENTID, POPULATIONID, CREATEDDATE, CREATEDBY, UPDATEDATE, UPDATEBY, DESCRIPTION, SORTORDER, FEDERALVALUE) VALUES (24, 'no', 'no', 13, null, null, null, null, null, 'A youth is of Hispanic or Latino ethnicity if the youth is a person of Cuban, Mexican, Puerto Rican, South or Central American, or other Spanish culture or origin, regardless of race.  "Unknown" means the youth and/or parent is unable to communicate the youths ethnicity.  "Declined" means the youth or parent has declined to identify the youth''s Hispanic or Latino ethnicity.', 2, 'No');
INSERT INTO PUBLIC.ALLOWEDVALUE (ALLOWEDVALUEID, NAME, VALUE, ELEMENTID, POPULATIONID, CREATEDDATE, CREATEDBY, UPDATEDATE, UPDATEBY, DESCRIPTION, SORTORDER, FEDERALVALUE) VALUES (25, 'yes', 'yes', 13, null, null, null, null, null, 'A youth is of Hispanic or Latino ethnicity if the youth is a person of Cuban, Mexican, Puerto Rican, South or Central American, or other Spanish culture or origin, regardless of race.  "Unknown" means the youth and/or parent is unable to communicate the youths ethnicity.  "Declined" means the youth or parent has declined to identify the youth''s Hispanic or Latino ethnicity.', 1, 'Yes');
INSERT INTO PUBLIC.ALLOWEDVALUE (ALLOWEDVALUEID, NAME, VALUE, ELEMENTID, POPULATIONID, CREATEDDATE, CREATEDBY, UPDATEDATE, UPDATEBY, DESCRIPTION, SORTORDER, FEDERALVALUE) VALUES (26, 'unknown', 'unknown', 13, null, null, null, null, null, 'A youth is of Hispanic or Latino ethnicity if the youth is a person of Cuban, Mexican, Puerto Rican, South or Central American, or other Spanish culture or origin, regardless of race.  "Unknown" means the youth and/or parent is unable to communicate the youths ethnicity.  "Declined" means the youth or parent has declined to identify the youth''s Hispanic or Latino ethnicity.', 3, 'Unknown');
INSERT INTO PUBLIC.ALLOWEDVALUE (ALLOWEDVALUEID, NAME, VALUE, ELEMENTID, POPULATIONID, CREATEDDATE, CREATEDBY, UPDATEDATE, UPDATEBY, DESCRIPTION, SORTORDER, FEDERALVALUE) VALUES (222, 'high school ged', 'high school ged', 46, null, null, null, null, null, 'A youth has received an education certificate if the youth has a high school diploma or general equivalency degree (GED), vocational certificate, vocational license, associates degree (e.g., A.A.), bachelors degree (e.g., B.A. or B.S.), or a higher degree as of the date of the outcome data collection.', 2, 'High School Ged');
INSERT INTO PUBLIC.ALLOWEDVALUE (ALLOWEDVALUEID, NAME, VALUE, ELEMENTID, POPULATIONID, CREATEDDATE, CREATEDBY, UPDATEDATE, UPDATEBY, DESCRIPTION, SORTORDER, FEDERALVALUE) VALUES (208, 'no', 'no', 58, null, null, null, null, null, 'If the youth has indicated that he or she has medical health insurance coverage as described in paragraph (g)(56) of this section, indicate whether the youth has insurance coverage that pays for part or all of the costs of some prescription drugs.', 2, 'No');
INSERT INTO PUBLIC.ALLOWEDVALUE (ALLOWEDVALUEID, NAME, VALUE, ELEMENTID, POPULATIONID, CREATEDDATE, CREATEDBY, UPDATEDATE, UPDATEBY, DESCRIPTION, SORTORDER, FEDERALVALUE) VALUES (57, 'yes', 'yes', 21, null, null, null, null, null, 'Academic supports are services designed to help a youth complete high school or obtain a General Equivalency Degree (GED).  Such services include the following: academic counseling; preparation for a GED, including assistance in applying for or studying for a GED exam; tutoring; help with homework; study skills training; literacy training; and help accessing educational resources.  Academic support does not include a youths general attendance in high school.', 1, 'Yes');
INSERT INTO PUBLIC.ALLOWEDVALUE (ALLOWEDVALUEID, NAME, VALUE, ELEMENTID, POPULATIONID, CREATEDDATE, CREATEDBY, UPDATEDATE, UPDATEBY, DESCRIPTION, SORTORDER, FEDERALVALUE) VALUES (58, 'blank', null, 21, null, null, null, null, null, 'Academic supports are services designed to help a youth complete high school or obtain a General Equivalency Degree (GED).  Such services include the following: academic counseling; preparation for a GED, including assistance in applying for or studying for a GED exam; tutoring; help with homework; study skills training; literacy training; and help accessing educational resources.  Academic support does not include a youths general attendance in high school.', 3, null);
INSERT INTO PUBLIC.ALLOWEDVALUE (ALLOWEDVALUEID, NAME, VALUE, ELEMENTID, POPULATIONID, CREATEDDATE, CREATEDBY, UPDATEDATE, UPDATEBY, DESCRIPTION, SORTORDER, FEDERALVALUE) VALUES (59, 'no', 'no', 22, null, null, null, null, null, 'Post-secondary educational support are services designed to help a youth enter or complete college, and include the following: classes for test preparation, such as the Scholastic Aptitude Test (SAT); counseling about college; information about financial aid and scholarships; help completing college or loan applications; or tutoring while in college. The list is not all-inclusive; other supports such as college tours provided by the agency could fall within this definition.', 2, 'No');
INSERT INTO PUBLIC.ALLOWEDVALUE (ALLOWEDVALUEID, NAME, VALUE, ELEMENTID, POPULATIONID, CREATEDDATE, CREATEDBY, UPDATEDATE, UPDATEBY, DESCRIPTION, SORTORDER, FEDERALVALUE) VALUES (60, 'yes', 'yes', 22, null, null, null, null, null, 'Post-secondary educational support are services designed to help a youth enter or complete college, and include the following: classes for test preparation, such as the Scholastic Aptitude Test (SAT); counseling about college; information about financial aid and scholarships; help completing college or loan applications; or tutoring while in college. The list is not all-inclusive; other supports such as college tours provided by the agency could fall within this definition.', 1, 'Yes');
INSERT INTO PUBLIC.ALLOWEDVALUE (ALLOWEDVALUEID, NAME, VALUE, ELEMENTID, POPULATIONID, CREATEDDATE, CREATEDBY, UPDATEDATE, UPDATEBY, DESCRIPTION, SORTORDER, FEDERALVALUE) VALUES (61, 'blank', null, 22, null, null, null, null, null, 'Post-secondary educational support are services designed to help a youth enter or complete college, and include the following: classes for test preparation, such as the Scholastic Aptitude Test (SAT); counseling about college; information about financial aid and scholarships; help completing college or loan applications; or tutoring while in college. The list is not all-inclusive; other supports such as college tours provided by the agency could fall within this definition.', 3, null);
INSERT INTO PUBLIC.ALLOWEDVALUE (ALLOWEDVALUEID, NAME, VALUE, ELEMENTID, POPULATIONID, CREATEDDATE, CREATEDBY, UPDATEDATE, UPDATEBY, DESCRIPTION, SORTORDER, FEDERALVALUE) VALUES (197, 'yes', 'yes', 56, null, null, null, null, null, 'If the youth has indicated that he or she has health insurance coverage in the element described in paragraph (g)(55) of this section, indicate whether the youth has insurance that pays for all or part of medical health care services.', 1, 'Yes');
INSERT INTO PUBLIC.ALLOWEDVALUE (ALLOWEDVALUEID, NAME, VALUE, ELEMENTID, POPULATIONID, CREATEDDATE, CREATEDBY, UPDATEDATE, UPDATEBY, DESCRIPTION, SORTORDER, FEDERALVALUE) VALUES (199, 'not applicable', 'not applicable', 56, null, null, null, null, null, 'If the youth has indicated that he or she has health insurance coverage in the element described in paragraph (g)(55) of this section, indicate whether the youth has insurance that pays for all or part of medical health care services.', 3, 'Not applicable');
INSERT INTO PUBLIC.ALLOWEDVALUE (ALLOWEDVALUEID, NAME, VALUE, ELEMENTID, POPULATIONID, CREATEDDATE, CREATEDBY, UPDATEDATE, UPDATEBY, DESCRIPTION, SORTORDER, FEDERALVALUE) VALUES (198, 'declined', 'declined', 56, null, null, null, null, null, 'If the youth has indicated that he or she has health insurance coverage in the element described in paragraph (g)(55) of this section, indicate whether the youth has insurance that pays for all or part of medical health care services.', 5, 'Declined');
INSERT INTO PUBLIC.ALLOWEDVALUE (ALLOWEDVALUEID, NAME, VALUE, ELEMENTID, POPULATIONID, CREATEDDATE, CREATEDBY, UPDATEDATE, UPDATEBY, DESCRIPTION, SORTORDER, FEDERALVALUE) VALUES (200, 'do not know', 'do not know', 56, null, null, null, null, null, 'If the youth has indicated that he or she has health insurance coverage in the element described in paragraph (g)(55) of this section, indicate whether the youth has insurance that pays for all or part of medical health care services.', 4, 'Don''t know');
INSERT INTO PUBLIC.ALLOWEDVALUE (ALLOWEDVALUEID, NAME, VALUE, ELEMENTID, POPULATIONID, CREATEDDATE, CREATEDBY, UPDATEDATE, UPDATEBY, DESCRIPTION, SORTORDER, FEDERALVALUE) VALUES (201, 'blank', null, 56, null, null, null, null, null, 'If the youth has indicated that he or she has health insurance coverage in the element described in paragraph (g)(55) of this section, indicate whether the youth has insurance that pays for all or part of medical health care services.', 6, null);
INSERT INTO PUBLIC.ALLOWEDVALUE (ALLOWEDVALUEID, NAME, VALUE, ELEMENTID, POPULATIONID, CREATEDDATE, CREATEDBY, UPDATEDATE, UPDATEBY, DESCRIPTION, SORTORDER, FEDERALVALUE) VALUES (202, 'no', 'no', 57, null, null, null, null, null, 'If the youth has indicated that he or she has medical health insurance coverage as described in paragraph (g)(56) of this section, indicate whether the youth has insurance that pays for all or part of the costs for mental health care services, such as counseling or therapy.', 2, 'No');
INSERT INTO PUBLIC.ALLOWEDVALUE (ALLOWEDVALUEID, NAME, VALUE, ELEMENTID, POPULATIONID, CREATEDDATE, CREATEDBY, UPDATEDATE, UPDATEBY, DESCRIPTION, SORTORDER, FEDERALVALUE) VALUES (203, 'yes', 'yes', 57, null, null, null, null, null, 'If the youth has indicated that he or she has medical health insurance coverage as described in paragraph (g)(56) of this section, indicate whether the youth has insurance that pays for all or part of the costs for mental health care services, such as counseling or therapy.', 1, 'Yes');
INSERT INTO PUBLIC.ALLOWEDVALUE (ALLOWEDVALUEID, NAME, VALUE, ELEMENTID, POPULATIONID, CREATEDDATE, CREATEDBY, UPDATEDATE, UPDATEBY, DESCRIPTION, SORTORDER, FEDERALVALUE) VALUES (204, 'declined', 'declined', 57, null, null, null, null, null, 'If the youth has indicated that he or she has medical health insurance coverage as described in paragraph (g)(56) of this section, indicate whether the youth has insurance that pays for all or part of the costs for mental health care services, such as counseling or therapy.', 5, 'Declined');
INSERT INTO PUBLIC.ALLOWEDVALUE (ALLOWEDVALUEID, NAME, VALUE, ELEMENTID, POPULATIONID, CREATEDDATE, CREATEDBY, UPDATEDATE, UPDATEBY, DESCRIPTION, SORTORDER, FEDERALVALUE) VALUES (205, 'not applicable', 'not applicable', 57, null, null, null, null, null, 'If the youth has indicated that he or she has medical health insurance coverage as described in paragraph (g)(56) of this section, indicate whether the youth has insurance that pays for all or part of the costs for mental health care services, such as counseling or therapy.', 4, 'Not applicable');
INSERT INTO PUBLIC.ALLOWEDVALUE (ALLOWEDVALUEID, NAME, VALUE, ELEMENTID, POPULATIONID, CREATEDDATE, CREATEDBY, UPDATEDATE, UPDATEBY, DESCRIPTION, SORTORDER, FEDERALVALUE) VALUES (206, 'do not know', 'do not know', 57, null, null, null, null, null, 'If the youth has indicated that he or she has medical health insurance coverage as described in paragraph (g)(56) of this section, indicate whether the youth has insurance that pays for all or part of the costs for mental health care services, such as counseling or therapy.', 3, 'Don''t know');
INSERT INTO PUBLIC.ALLOWEDVALUE (ALLOWEDVALUEID, NAME, VALUE, ELEMENTID, POPULATIONID, CREATEDDATE, CREATEDBY, UPDATEDATE, UPDATEBY, DESCRIPTION, SORTORDER, FEDERALVALUE) VALUES (207, 'blank', null, 57, null, null, null, null, null, 'If the youth has indicated that he or she has medical health insurance coverage as described in paragraph (g)(56) of this section, indicate whether the youth has insurance that pays for all or part of the costs for mental health care services, such as counseling or therapy.', 6, null);
INSERT INTO PUBLIC.ALLOWEDVALUE (ALLOWEDVALUEID, NAME, VALUE, ELEMENTID, POPULATIONID, CREATEDDATE, CREATEDBY, UPDATEDATE, UPDATEBY, DESCRIPTION, SORTORDER, FEDERALVALUE) VALUES (1, 'male', 'male', 5, null, null, null, null, null, 'The youths sex.', 1, 'Male');
INSERT INTO PUBLIC.ALLOWEDVALUE (ALLOWEDVALUEID, NAME, VALUE, ELEMENTID, POPULATIONID, CREATEDDATE, CREATEDBY, UPDATEDATE, UPDATEBY, DESCRIPTION, SORTORDER, FEDERALVALUE) VALUES (62, 'no', 'no', 23, null, null, null, null, null, 'Career preparation services focus on developing a youths ability to find, apply for, and retain appropriate employment. Career preparation includes the following types of instruction and support services: Vocational and career assessment, including career exploration and planning, guidance in setting and assessing vocational and career interests and skills, and help in matching interests and abilities with vocational goals; job seeking and job placement support, including identifying potential employers, writing resumes, completing job applications, developing interview skills, job shadowing, receiving job referrals, using career resource libraries, understanding employee benefits coverage, and securing work permits; retention support, including job coaching; learning how to work with employers and other employees; understanding workplace values such as timeliness and appearance; and understanding authority and customer relationships.', 2, 'No');
INSERT INTO PUBLIC.ALLOWEDVALUE (ALLOWEDVALUEID, NAME, VALUE, ELEMENTID, POPULATIONID, CREATEDDATE, CREATEDBY, UPDATEDATE, UPDATEBY, DESCRIPTION, SORTORDER, FEDERALVALUE) VALUES (63, 'yes', 'yes', 23, null, null, null, null, null, 'Career preparation services focus on developing a youths ability to find, apply for, and retain appropriate employment. Career preparation includes the following types of instruction and support services: Vocational and career assessment, including career exploration and planning, guidance in setting and assessing vocational and career interests and skills, and help in matching interests and abilities with vocational goals; job seeking and job placement support, including identifying potential employers, writing resumes, completing job applications, developing interview skills, job shadowing, receiving job referrals, using career resource libraries, understanding employee benefits coverage, and securing work permits; retention support, including job coaching; learning how to work with employers and other employees; understanding workplace values such as timeliness and appearance; and understanding authority and customer relationships.', 1, 'Yes');
INSERT INTO PUBLIC.ALLOWEDVALUE (ALLOWEDVALUEID, NAME, VALUE, ELEMENTID, POPULATIONID, CREATEDDATE, CREATEDBY, UPDATEDATE, UPDATEBY, DESCRIPTION, SORTORDER, FEDERALVALUE) VALUES (64, 'blank', null, 23, null, null, null, null, null, 'Career preparation services focus on developing a youths ability to find, apply for, and retain appropriate employment. Career preparation includes the following types of instruction and support services: Vocational and career assessment, including career exploration and planning, guidance in setting and assessing vocational and career interests and skills, and help in matching interests and abilities with vocational goals; job seeking and job placement support, including identifying potential employers, writing resumes, completing job applications, developing interview skills, job shadowing, receiving job referrals, using career resource libraries, understanding employee benefits coverage, and securing work permits; retention support, including job coaching; learning how to work with employers and other employees; understanding workplace values such as timeliness and appearance; and understanding authority and customer relationships.', 3, null);
INSERT INTO PUBLIC.ALLOWEDVALUE (ALLOWEDVALUEID, NAME, VALUE, ELEMENTID, POPULATIONID, CREATEDDATE, CREATEDBY, UPDATEDATE, UPDATEBY, DESCRIPTION, SORTORDER, FEDERALVALUE) VALUES (65, 'no', 'no', 24, null, null, null, null, null, 'Employment programs and vocational training are designed to build a youths skills for a specific trade, vocation, or career through classes or on-site training.  Employment programs include a youths participation in an apprenticeship, internship, or summer employment program and do not include summer or after-school jobs secured by the youth alone.  Vocational training includes a youths participation in vocational or trade programs in school or through nonprofit, commercial or private sectors and the receipt of training in occupational classes for such skills as cosmetology, auto mechanics, building trades, nursing, computer science, and other current or emerging employment sectors.', 2, 'No');
INSERT INTO PUBLIC.ALLOWEDVALUE (ALLOWEDVALUEID, NAME, VALUE, ELEMENTID, POPULATIONID, CREATEDDATE, CREATEDBY, UPDATEDATE, UPDATEBY, DESCRIPTION, SORTORDER, FEDERALVALUE) VALUES (66, 'yes', 'yes', 24, null, null, null, null, null, 'Employment programs and vocational training are designed to build a youths skills for a specific trade, vocation, or career through classes or on-site training.  Employment programs include a youths participation in an apprenticeship, internship, or summer employment program and do not include summer or after-school jobs secured by the youth alone.  Vocational training includes a youths participation in vocational or trade programs in school or through nonprofit, commercial or private sectors and the receipt of training in occupational classes for such skills as cosmetology, auto mechanics, building trades, nursing, computer science, and other current or emerging employment sectors.', 1, 'Yes');
INSERT INTO PUBLIC.ALLOWEDVALUE (ALLOWEDVALUEID, NAME, VALUE, ELEMENTID, POPULATIONID, CREATEDDATE, CREATEDBY, UPDATEDATE, UPDATEBY, DESCRIPTION, SORTORDER, FEDERALVALUE) VALUES (67, 'blank', null, 24, null, null, null, null, null, 'Employment programs and vocational training are designed to build a youths skills for a specific trade, vocation, or career through classes or on-site training.  Employment programs include a youths participation in an apprenticeship, internship, or summer employment program and do not include summer or after-school jobs secured by the youth alone.  Vocational training includes a youths participation in vocational or trade programs in school or through nonprofit, commercial or private sectors and the receipt of training in occupational classes for such skills as cosmetology, auto mechanics, building trades, nursing, computer science, and other current or emerging employment sectors.', 3, null);
INSERT INTO PUBLIC.ALLOWEDVALUE (ALLOWEDVALUEID, NAME, VALUE, ELEMENTID, POPULATIONID, CREATEDDATE, CREATEDBY, UPDATEDATE, UPDATEBY, DESCRIPTION, SORTORDER, FEDERALVALUE) VALUES (68, 'no', 'no', 25, null, null, null, null, null, 'Budget and financial management assistance includes the following types of training and practice: Living within a budget; opening and using a checking and savings account; balancing a checkbook; developing consumer awareness and smart shopping skills; accessing information about credit, loans and taxes; and filling out tax forms.', 2, 'No');
INSERT INTO PUBLIC.ALLOWEDVALUE (ALLOWEDVALUEID, NAME, VALUE, ELEMENTID, POPULATIONID, CREATEDDATE, CREATEDBY, UPDATEDATE, UPDATEBY, DESCRIPTION, SORTORDER, FEDERALVALUE) VALUES (69, 'yes', 'yes', 25, null, null, null, null, null, 'Budget and financial management assistance includes the following types of training and practice: Living within a budget; opening and using a checking and savings account; balancing a checkbook; developing consumer awareness and smart shopping skills; accessing information about credit, loans and taxes; and filling out tax forms.', 1, 'Yes');
INSERT INTO PUBLIC.ALLOWEDVALUE (ALLOWEDVALUEID, NAME, VALUE, ELEMENTID, POPULATIONID, CREATEDDATE, CREATEDBY, UPDATEDATE, UPDATEBY, DESCRIPTION, SORTORDER, FEDERALVALUE) VALUES (70, 'blank', null, 25, null, null, null, null, null, 'Budget and financial management assistance includes the following types of training and practice: Living within a budget; opening and using a checking and savings account; balancing a checkbook; developing consumer awareness and smart shopping skills; accessing information about credit, loans and taxes; and filling out tax forms.', 3, null);
INSERT INTO PUBLIC.ALLOWEDVALUE (ALLOWEDVALUEID, NAME, VALUE, ELEMENTID, POPULATIONID, CREATEDDATE, CREATEDBY, UPDATEDATE, UPDATEBY, DESCRIPTION, SORTORDER, FEDERALVALUE) VALUES (71, 'no', 'no', 26, null, null, null, null, null, 'Housing education includes assistance or training in locating and maintaining housing, including filling out a rental application and acquiring a lease, handling security deposits and utilities, understanding practices for keeping a healthy and safe home, understanding tenants rights and responsibilities, and handling landlord complaints.  Home management includes instruction in food preparation, laundry, housekeeping, living cooperatively, meal planning, grocery shopping and basic maintenance and repairs.', 2, 'No');
INSERT INTO PUBLIC.ALLOWEDVALUE (ALLOWEDVALUEID, NAME, VALUE, ELEMENTID, POPULATIONID, CREATEDDATE, CREATEDBY, UPDATEDATE, UPDATEBY, DESCRIPTION, SORTORDER, FEDERALVALUE) VALUES (72, 'yes', 'yes', 26, null, null, null, null, null, 'Housing education includes assistance or training in locating and maintaining housing, including filling out a rental application and acquiring a lease, handling security deposits and utilities, understanding practices for keeping a healthy and safe home, understanding tenants rights and responsibilities, and handling landlord complaints.  Home management includes instruction in food preparation, laundry, housekeeping, living cooperatively, meal planning, grocery shopping and basic maintenance and repairs.', 1, 'Yes');
INSERT INTO PUBLIC.ALLOWEDVALUE (ALLOWEDVALUEID, NAME, VALUE, ELEMENTID, POPULATIONID, CREATEDDATE, CREATEDBY, UPDATEDATE, UPDATEBY, DESCRIPTION, SORTORDER, FEDERALVALUE) VALUES (73, 'blank', null, 26, null, null, null, null, null, 'Housing education includes assistance or training in locating and maintaining housing, including filling out a rental application and acquiring a lease, handling security deposits and utilities, understanding practices for keeping a healthy and safe home, understanding tenants rights and responsibilities, and handling landlord complaints.  Home management includes instruction in food preparation, laundry, housekeeping, living cooperatively, meal planning, grocery shopping and basic maintenance and repairs.', 3, null);
INSERT INTO PUBLIC.ALLOWEDVALUE (ALLOWEDVALUEID, NAME, VALUE, ELEMENTID, POPULATIONID, CREATEDDATE, CREATEDBY, UPDATEDATE, UPDATEBY, DESCRIPTION, SORTORDER, FEDERALVALUE) VALUES (194, 'do not know', 'do not know', 55, null, null, null, null, null, 'A youth has other health insurance if the youth has a third party pay (other than Medicaid) for all or part of the costs of medical care, mental health care, and/or prescription drugs, as of the date of the outcome data collection. This definition includes group coverage offered by employers, schools or associations, an individual health plan, self-employed plans, or inclusion in a parents insurance plan. This also could include access to free health care through a college, Indian Health Service, or other source. Medical or drug discount cards or plans are not insurance.', 3, 'Don''t know');
INSERT INTO PUBLIC.ALLOWEDVALUE (ALLOWEDVALUEID, NAME, VALUE, ELEMENTID, POPULATIONID, CREATEDDATE, CREATEDBY, UPDATEDATE, UPDATEBY, DESCRIPTION, SORTORDER, FEDERALVALUE) VALUES (8, 'blank', null, 7, null, null, null, null, null, 'An Asian youth has origins in any of the original peoples of the Far East, Southeast Asia, or the Indian subcontinent including, for example, Cambodia, China, India, Japan, Korea, Malaysia, Pakistan, the Philippine Islands, Thailand, and Vietnam.', 3, null);
INSERT INTO PUBLIC.ALLOWEDVALUE (ALLOWEDVALUEID, NAME, VALUE, ELEMENTID, POPULATIONID, CREATEDDATE, CREATEDBY, UPDATEDATE, UPDATEBY, DESCRIPTION, SORTORDER, FEDERALVALUE) VALUES (9, 'no', 'no', 8, null, null, null, null, null, 'A Black or African American youth has origins in any of the black racial groups of Africa.', 2, 'No');
INSERT INTO PUBLIC.ALLOWEDVALUE (ALLOWEDVALUEID, NAME, VALUE, ELEMENTID, POPULATIONID, CREATEDDATE, CREATEDBY, UPDATEDATE, UPDATEBY, DESCRIPTION, SORTORDER, FEDERALVALUE) VALUES (10, 'yes', 'yes', 8, null, null, null, null, null, 'A Black or African American youth has origins in any of the black racial groups of Africa.', 1, 'Yes');
INSERT INTO PUBLIC.ALLOWEDVALUE (ALLOWEDVALUEID, NAME, VALUE, ELEMENTID, POPULATIONID, CREATEDDATE, CREATEDBY, UPDATEDATE, UPDATEBY, DESCRIPTION, SORTORDER, FEDERALVALUE) VALUES (11, 'blank', null, 8, null, null, null, null, null, 'A Black or African American youth has origins in any of the black racial groups of Africa.', 3, null);
INSERT INTO PUBLIC.ALLOWEDVALUE (ALLOWEDVALUEID, NAME, VALUE, ELEMENTID, POPULATIONID, CREATEDDATE, CREATEDBY, UPDATEDATE, UPDATEBY, DESCRIPTION, SORTORDER, FEDERALVALUE) VALUES (209, 'yes', 'yes', 58, null, null, null, null, null, 'If the youth has indicated that he or she has medical health insurance coverage as described in paragraph (g)(56) of this section, indicate whether the youth has insurance coverage that pays for part or all of the costs of some prescription drugs.', 1, 'Yes');
INSERT INTO PUBLIC.ALLOWEDVALUE (ALLOWEDVALUEID, NAME, VALUE, ELEMENTID, POPULATIONID, CREATEDDATE, CREATEDBY, UPDATEDATE, UPDATEBY, DESCRIPTION, SORTORDER, FEDERALVALUE) VALUES (210, 'declined', 'declined', 58, null, null, null, null, null, 'If the youth has indicated that he or she has medical health insurance coverage as described in paragraph (g)(56) of this section, indicate whether the youth has insurance coverage that pays for part or all of the costs of some prescription drugs.', 5, 'Declined');
INSERT INTO PUBLIC.ALLOWEDVALUE (ALLOWEDVALUEID, NAME, VALUE, ELEMENTID, POPULATIONID, CREATEDDATE, CREATEDBY, UPDATEDATE, UPDATEBY, DESCRIPTION, SORTORDER, FEDERALVALUE) VALUES (211, 'not applicable', 'not applicable', 58, null, null, null, null, null, 'If the youth has indicated that he or she has medical health insurance coverage as described in paragraph (g)(56) of this section, indicate whether the youth has insurance coverage that pays for part or all of the costs of some prescription drugs.', 4, 'Not applicable');
INSERT INTO PUBLIC.ALLOWEDVALUE (ALLOWEDVALUEID, NAME, VALUE, ELEMENTID, POPULATIONID, CREATEDDATE, CREATEDBY, UPDATEDATE, UPDATEBY, DESCRIPTION, SORTORDER, FEDERALVALUE) VALUES (212, 'do not know', 'do not know', 58, null, null, null, null, null, 'If the youth has indicated that he or she has medical health insurance coverage as described in paragraph (g)(56) of this section, indicate whether the youth has insurance coverage that pays for part or all of the costs of some prescription drugs.', 3, 'don''t know');
INSERT INTO PUBLIC.ALLOWEDVALUE (ALLOWEDVALUEID, NAME, VALUE, ELEMENTID, POPULATIONID, CREATEDDATE, CREATEDBY, UPDATEDATE, UPDATEBY, DESCRIPTION, SORTORDER, FEDERALVALUE) VALUES (221, 'regex:Date', '^[1-2][0-9][0-9][0-9]\-[0-1][0-9]\-(([0-2][0-9])|(3[0,1]))$', 4, null, null, null, null, null, null, 1, '^[1-2][0-9][0-9][0-9]\-[0-1][0-9]\-(([0-2][0-9])|(3[0,1]))$');
INSERT INTO PUBLIC.ALLOWEDVALUE (ALLOWEDVALUEID, NAME, VALUE, ELEMENTID, POPULATIONID, CREATEDDATE, CREATEDBY, UPDATEDATE, UPDATEBY, DESCRIPTION, SORTORDER, FEDERALVALUE) VALUES (214, 'regex:Record Number', '[A-Z]{2}\d{5}', 3, null, null, null, null, null, null, 1, '[A-Z]{2}\D{5}');
INSERT INTO PUBLIC.ALLOWEDVALUE (ALLOWEDVALUEID, NAME, VALUE, ELEMENTID, POPULATIONID, CREATEDDATE, CREATEDBY, UPDATEDATE, UPDATEBY, DESCRIPTION, SORTORDER, FEDERALVALUE) VALUES (30, 'regex:FIPS code', '^[0-9][0-9][0-9][0-9][0-9]$', 15, null, null, null, null, null, null, 1, '^[0-9][0-9][0-9][0-9][0-9]$');
INSERT INTO PUBLIC.ALLOWEDVALUE (ALLOWEDVALUEID, NAME, VALUE, ELEMENTID, POPULATIONID, CREATEDDATE, CREATEDBY, UPDATEDATE, UPDATEBY, DESCRIPTION, SORTORDER, FEDERALVALUE) VALUES (31, 'centralized unit', 'centralized unit', 15, null, null, null, null, null, null, 2, 'Centralized unit');
INSERT INTO PUBLIC.ALLOWEDVALUE (ALLOWEDVALUEID, NAME, VALUE, ELEMENTID, POPULATIONID, CREATEDDATE, CREATEDBY, UPDATEDATE, UPDATEBY, DESCRIPTION, SORTORDER, FEDERALVALUE) VALUES (32, 'blank', null, 15, null, null, null, null, null, null, 3, null);
INSERT INTO PUBLIC.ALLOWEDVALUE (ALLOWEDVALUEID, NAME, VALUE, ELEMENTID, POPULATIONID, CREATEDDATE, CREATEDBY, UPDATEDATE, UPDATEBY, DESCRIPTION, SORTORDER, FEDERALVALUE) VALUES (219, 'regex:Date', '^[1-2][0-9][0-9][0-9]\-[0-1][0-9]\-(([0-2][0-9])|(3[0,1]))$', 35, null, null, null, null, null, null, 1, '^[1-2][0-9][0-9][0-9][0-1][0-9](([0-2][0-9])|(3[0,1]))$');
INSERT INTO PUBLIC.ALLOWEDVALUE (ALLOWEDVALUEID, NAME, VALUE, ELEMENTID, POPULATIONID, CREATEDDATE, CREATEDBY, UPDATEDATE, UPDATEBY, DESCRIPTION, SORTORDER, FEDERALVALUE) VALUES (220, 'blank', null, 35, null, null, null, null, null, null, 2, null);
INSERT INTO PUBLIC.ALLOWEDVALUE (ALLOWEDVALUEID, NAME, VALUE, ELEMENTID, POPULATIONID, CREATEDDATE, CREATEDBY, UPDATEDATE, UPDATEBY, DESCRIPTION, SORTORDER, FEDERALVALUE) VALUES (85, 'blank', null, 30, null, null, null, null, null, 'Supervised independent living means that the youth is living independently under a supervised arrangement that is paid for or provided by the State agency.  A youth in supervised independent living is not supervised 24-hours a day by an adult and often is provided with increased responsibilities, such as paying bills, assuming leases, and working with a landlord, while under the supervision of an adult.', 3, null);
INSERT INTO PUBLIC.ALLOWEDVALUE (ALLOWEDVALUEID, NAME, VALUE, ELEMENTID, POPULATIONID, CREATEDDATE, CREATEDBY, UPDATEDATE, UPDATEBY, DESCRIPTION, SORTORDER, FEDERALVALUE) VALUES (86, 'no', 'no', 31, null, null, null, null, null, 'Room and board financial assistance is a payment that is paid for or provided by the State agency for room and board, including rent deposits, utilities, and other household start-up expenses.', 2, 'No');
INSERT INTO PUBLIC.ALLOWEDVALUE (ALLOWEDVALUEID, NAME, VALUE, ELEMENTID, POPULATIONID, CREATEDDATE, CREATEDBY, UPDATEDATE, UPDATEBY, DESCRIPTION, SORTORDER, FEDERALVALUE) VALUES (87, 'yes', 'yes', 31, null, null, null, null, null, 'Room and board financial assistance is a payment that is paid for or provided by the State agency for room and board, including rent deposits, utilities, and other household start-up expenses.', 1, 'Yes');
INSERT INTO PUBLIC.ALLOWEDVALUE (ALLOWEDVALUEID, NAME, VALUE, ELEMENTID, POPULATIONID, CREATEDDATE, CREATEDBY, UPDATEDATE, UPDATEBY, DESCRIPTION, SORTORDER, FEDERALVALUE) VALUES (88, 'blank', null, 31, null, null, null, null, null, 'Room and board financial assistance is a payment that is paid for or provided by the State agency for room and board, including rent deposits, utilities, and other household start-up expenses.', 3, null);
INSERT INTO PUBLIC.ALLOWEDVALUE (ALLOWEDVALUEID, NAME, VALUE, ELEMENTID, POPULATIONID, CREATEDDATE, CREATEDBY, UPDATEDATE, UPDATEBY, DESCRIPTION, SORTORDER, FEDERALVALUE) VALUES (89, 'no', 'no', 32, null, null, null, null, null, 'Education financial assistance is a payment that is paid for or provided by the State agency for education or training, including allowances to purchase textbooks, uniforms, computers, and other educational supplies; tuition assistance; scholarships; payment for educational preparation and support services (i.e., tutoring), and payment for GED and other educational tests.  This financial assistance also includes vouchers for tuition or vocational education or tuition waiver programs paid for or provided by the State agency.', 2, 'No');
INSERT INTO PUBLIC.ALLOWEDVALUE (ALLOWEDVALUEID, NAME, VALUE, ELEMENTID, POPULATIONID, CREATEDDATE, CREATEDBY, UPDATEDATE, UPDATEBY, DESCRIPTION, SORTORDER, FEDERALVALUE) VALUES (90, 'yes', 'yes', 32, null, null, null, null, null, 'Education financial assistance is a payment that is paid for or provided by the State agency for education or training, including allowances to purchase textbooks, uniforms, computers, and other educational supplies; tuition assistance; scholarships; payment for educational preparation and support services (i.e., tutoring), and payment for GED and other educational tests.  This financial assistance also includes vouchers for tuition or vocational education or tuition waiver programs paid for or provided by the State agency.', 1, 'Yes');
INSERT INTO PUBLIC.ALLOWEDVALUE (ALLOWEDVALUEID, NAME, VALUE, ELEMENTID, POPULATIONID, CREATEDDATE, CREATEDBY, UPDATEDATE, UPDATEBY, DESCRIPTION, SORTORDER, FEDERALVALUE) VALUES (91, 'blank', null, 32, null, null, null, null, null, 'Education financial assistance is a payment that is paid for or provided by the State agency for education or training, including allowances to purchase textbooks, uniforms, computers, and other educational supplies; tuition assistance; scholarships; payment for educational preparation and support services (i.e., tutoring), and payment for GED and other educational tests.  This financial assistance also includes vouchers for tuition or vocational education or tuition waiver programs paid for or provided by the State agency.', 3, null);
INSERT INTO PUBLIC.ALLOWEDVALUE (ALLOWEDVALUEID, NAME, VALUE, ELEMENTID, POPULATIONID, CREATEDDATE, CREATEDBY, UPDATEDATE, UPDATEBY, DESCRIPTION, SORTORDER, FEDERALVALUE) VALUES (92, 'no', 'no', 33, null, null, null, null, null, 'Other financial assistance includes any other payments made or provided by the State agency to help the youth live independently.', 2, 'No');
INSERT INTO PUBLIC.ALLOWEDVALUE (ALLOWEDVALUEID, NAME, VALUE, ELEMENTID, POPULATIONID, CREATEDDATE, CREATEDBY, UPDATEDATE, UPDATEBY, DESCRIPTION, SORTORDER, FEDERALVALUE) VALUES (93, 'yes', 'yes', 33, null, null, null, null, null, 'Other financial assistance includes any other payments made or provided by the State agency to help the youth live independently.', 1, 'Yes');
INSERT INTO PUBLIC.ALLOWEDVALUE (ALLOWEDVALUEID, NAME, VALUE, ELEMENTID, POPULATIONID, CREATEDDATE, CREATEDBY, UPDATEDATE, UPDATEBY, DESCRIPTION, SORTORDER, FEDERALVALUE) VALUES (94, 'blank', null, 33, null, null, null, null, null, 'Other financial assistance includes any other payments made or provided by the State agency to help the youth live independently.', 3, null);
INSERT INTO PUBLIC.ALLOWEDVALUE (ALLOWEDVALUEID, NAME, VALUE, ELEMENTID, POPULATIONID, CREATEDDATE, CREATEDBY, UPDATEDATE, UPDATEBY, DESCRIPTION, SORTORDER, FEDERALVALUE) VALUES (95, 'participated', 'participated', 34, null, null, null, null, null, 'The outcomes reporting status represents the youths participation, or lack thereof, in the outcomes data collection. If the State agency collects and reports information on any of the data elements in paragraphs (g)(37) through (g)(58) of this section for a youth in the baseline or
follow-up sample or population, indicate that the youth participated. If a youth is in the baseline or follow-up sample or population, but the State agency is unable to collect the information, indicate the reason and leave the data elements in paragraph (g)(37) through (g)(58) of this section blank. If a 19-year old youth in the follow-up population is not in the sample, indicate that the youth is not in the sample. If the youth is not in the baseline or follow-up population this element must be left blank.', 1, 'Youth Participated');
INSERT INTO PUBLIC.ALLOWEDVALUE (ALLOWEDVALUEID, NAME, VALUE, ELEMENTID, POPULATIONID, CREATEDDATE, CREATEDBY, UPDATEDATE, UPDATEBY, DESCRIPTION, SORTORDER, FEDERALVALUE) VALUES (96, 'declined', 'declined', 34, null, null, null, null, null, 'The outcomes reporting status represents the youths participation, or lack thereof, in the outcomes data collection. If the State agency collects and reports information on any of the data elements in paragraphs (g)(37) through (g)(58) of this section for a youth in the baseline or
follow-up sample or population, indicate that the youth participated. If a youth is in the baseline or follow-up sample or population, but the State agency is unable to collect the information, indicate the reason and leave the data elements in paragraph (g)(37) through (g)(58) of this section blank. If a 19-year old youth in the follow-up population is not in the sample, indicate that the youth is not in the sample. If the youth is not in the baseline or follow-up population this element must be left blank.', 2, 'Youth Declined');
INSERT INTO PUBLIC.ALLOWEDVALUE (ALLOWEDVALUEID, NAME, VALUE, ELEMENTID, POPULATIONID, CREATEDDATE, CREATEDBY, UPDATEDATE, UPDATEBY, DESCRIPTION, SORTORDER, FEDERALVALUE) VALUES (97, 'parent declined', 'parent declined', 34, null, null, null, null, null, 'The outcomes reporting status represents the youths participation, or lack thereof, in the outcomes data collection. If the State agency collects and reports information on any of the data elements in paragraphs (g)(37) through (g)(58) of this section for a youth in the baseline or
follow-up sample or population, indicate that the youth participated. If a youth is in the baseline or follow-up sample or population, but the State agency is unable to collect the information, indicate the reason and leave the data elements in paragraph (g)(37) through (g)(58) of this section blank. If a 19-year old youth in the follow-up population is not in the sample, indicate that the youth is not in the sample. If the youth is not in the baseline or follow-up population this element must be left blank.', 3, 'Parent Declined');
INSERT INTO PUBLIC.ALLOWEDVALUE (ALLOWEDVALUEID, NAME, VALUE, ELEMENTID, POPULATIONID, CREATEDDATE, CREATEDBY, UPDATEDATE, UPDATEBY, DESCRIPTION, SORTORDER, FEDERALVALUE) VALUES (98, 'incapacitated', 'incapacitated', 34, null, null, null, null, null, 'The outcomes reporting status represents the youths participation, or lack thereof, in the outcomes data collection. If the State agency collects and reports information on any of the data elements in paragraphs (g)(37) through (g)(58) of this section for a youth in the baseline or
follow-up sample or population, indicate that the youth participated. If a youth is in the baseline or follow-up sample or population, but the State agency is unable to collect the information, indicate the reason and leave the data elements in paragraph (g)(37) through (g)(58) of this section blank. If a 19-year old youth in the follow-up population is not in the sample, indicate that the youth is not in the sample. If the youth is not in the baseline or follow-up population this element must be left blank.', 4, 'Youth Incapacitated');
INSERT INTO PUBLIC.ALLOWEDVALUE (ALLOWEDVALUEID, NAME, VALUE, ELEMENTID, POPULATIONID, CREATEDDATE, CREATEDBY, UPDATEDATE, UPDATEBY, DESCRIPTION, SORTORDER, FEDERALVALUE) VALUES (99, 'incarcerated', 'incarcerated', 34, null, null, null, null, null, 'The outcomes reporting status represents the youths participation, or lack thereof, in the outcomes data collection. If the State agency collects and reports information on any of the data elements in paragraphs (g)(37) through (g)(58) of this section for a youth in the baseline or
follow-up sample or population, indicate that the youth participated. If a youth is in the baseline or follow-up sample or population, but the State agency is unable to collect the information, indicate the reason and leave the data elements in paragraph (g)(37) through (g)(58) of this section blank. If a 19-year old youth in the follow-up population is not in the sample, indicate that the youth is not in the sample. If the youth is not in the baseline or follow-up population this element must be left blank.', 5, 'Incarcerated');
INSERT INTO PUBLIC.ALLOWEDVALUE (ALLOWEDVALUEID, NAME, VALUE, ELEMENTID, POPULATIONID, CREATEDDATE, CREATEDBY, UPDATEDATE, UPDATEBY, DESCRIPTION, SORTORDER, FEDERALVALUE) VALUES (100, 'runaway missing', 'runaway missing', 34, null, null, null, null, null, 'The outcomes reporting status represents the youths participation, or lack thereof, in the outcomes data collection. If the State agency collects and reports information on any of the data elements in paragraphs (g)(37) through (g)(58) of this section for a youth in the baseline or
follow-up sample or population, indicate that the youth participated. If a youth is in the baseline or follow-up sample or population, but the State agency is unable to collect the information, indicate the reason and leave the data elements in paragraph (g)(37) through (g)(58) of this section blank. If a 19-year old youth in the follow-up population is not in the sample, indicate that the youth is not in the sample. If the youth is not in the baseline or follow-up population this element must be left blank.', 6, 'Runaway/Missing');
INSERT INTO PUBLIC.ALLOWEDVALUE (ALLOWEDVALUEID, NAME, VALUE, ELEMENTID, POPULATIONID, CREATEDDATE, CREATEDBY, UPDATEDATE, UPDATEBY, DESCRIPTION, SORTORDER, FEDERALVALUE) VALUES (101, 'unable to locate', 'unable to locate', 34, null, null, null, null, null, 'The outcomes reporting status represents the youths participation, or lack thereof, in the outcomes data collection. If the State agency collects and reports information on any of the data elements in paragraphs (g)(37) through (g)(58) of this section for a youth in the baseline or
follow-up sample or population, indicate that the youth participated. If a youth is in the baseline or follow-up sample or population, but the State agency is unable to collect the information, indicate the reason and leave the data elements in paragraph (g)(37) through (g)(58) of this section blank. If a 19-year old youth in the follow-up population is not in the sample, indicate that the youth is not in the sample. If the youth is not in the baseline or follow-up population this element must be left blank.', 7, 'Unable to Locate/invite');
INSERT INTO PUBLIC.ALLOWEDVALUE (ALLOWEDVALUEID, NAME, VALUE, ELEMENTID, POPULATIONID, CREATEDDATE, CREATEDBY, UPDATEDATE, UPDATEBY, DESCRIPTION, SORTORDER, FEDERALVALUE) VALUES (102, 'death', 'death', 34, null, null, null, null, null, 'The outcomes reporting status represents the youths participation, or lack thereof, in the outcomes data collection. If the State agency collects and reports information on any of the data elements in paragraphs (g)(37) through (g)(58) of this section for a youth in the baseline or
follow-up sample or population, indicate that the youth participated. If a youth is in the baseline or follow-up sample or population, but the State agency is unable to collect the information, indicate the reason and leave the data elements in paragraph (g)(37) through (g)(58) of this section blank. If a 19-year old youth in the follow-up population is not in the sample, indicate that the youth is not in the sample. If the youth is not in the baseline or follow-up population this element must be left blank.', 8, 'Death');
INSERT INTO PUBLIC.ALLOWEDVALUE (ALLOWEDVALUEID, NAME, VALUE, ELEMENTID, POPULATIONID, CREATEDDATE, CREATEDBY, UPDATEDATE, UPDATEBY, DESCRIPTION, SORTORDER, FEDERALVALUE) VALUES (103, 'not in sample', 'not in sample', 34, null, null, null, null, null, 'The outcomes reporting status represents the youths participation, or lack thereof, in the outcomes data collection. If the State agency collects and reports information on any of the data elements in paragraphs (g)(37) through (g)(58) of this section for a youth in the baseline or
follow-up sample or population, indicate that the youth participated. If a youth is in the baseline or follow-up sample or population, but the State agency is unable to collect the information, indicate the reason and leave the data elements in paragraph (g)(37) through (g)(58) of this section blank. If a 19-year old youth in the follow-up population is not in the sample, indicate that the youth is not in the sample. If the youth is not in the baseline or follow-up population this element must be left blank.', 9, 'Not in sample');
INSERT INTO PUBLIC.ALLOWEDVALUE (ALLOWEDVALUEID, NAME, VALUE, ELEMENTID, POPULATIONID, CREATEDDATE, CREATEDBY, UPDATEDATE, UPDATEBY, DESCRIPTION, SORTORDER, FEDERALVALUE) VALUES (104, 'blank', null, 34, null, null, null, null, null, 'The outcomes reporting status represents the youths participation, or lack thereof, in the outcomes data collection. If the State agency collects and reports information on any of the data elements in paragraphs (g)(37) through (g)(58) of this section for a youth in the baseline or
follow-up sample or population, indicate that the youth participated. If a youth is in the baseline or follow-up sample or population, but the State agency is unable to collect the information, indicate the reason and leave the data elements in paragraph (g)(37) through (g)(58) of this section blank. If a 19-year old youth in the follow-up population is not in the sample, indicate that the youth is not in the sample. If the youth is not in the baseline or follow-up population this element must be left blank.', 10, null);
INSERT INTO PUBLIC.ALLOWEDVALUE (ALLOWEDVALUEID, NAME, VALUE, ELEMENTID, POPULATIONID, CREATEDDATE, CREATEDBY, UPDATEDATE, UPDATEBY, DESCRIPTION, SORTORDER, FEDERALVALUE) VALUES (106, 'yes', 'yes', 36, null, null, null, null, null, 'The youth is in foster care if the youth is under the placement and care responsibility of the State title IV-B/IV-E agency in accordance with the definition of foster care in 45 CFR, 1355.20.  ', 1, 'Yes');
INSERT INTO PUBLIC.ALLOWEDVALUE (ALLOWEDVALUEID, NAME, VALUE, ELEMENTID, POPULATIONID, CREATEDDATE, CREATEDBY, UPDATEDATE, UPDATEBY, DESCRIPTION, SORTORDER, FEDERALVALUE) VALUES (107, 'blank', null, 36, null, null, null, null, null, 'The youth is in foster care if the youth is under the placement and care responsibility of the State title IV-B/IV-E agency in accordance with the definition of foster care in 45 CFR, 1355.20.', 3, null);
INSERT INTO PUBLIC.ALLOWEDVALUE (ALLOWEDVALUEID, NAME, VALUE, ELEMENTID, POPULATIONID, CREATEDDATE, CREATEDBY, UPDATEDATE, UPDATEBY, DESCRIPTION, SORTORDER, FEDERALVALUE) VALUES (109, 'yes', 'yes', 37, null, null, null, null, null, 'A youth is employed full-time if employed at least 35 hours per week, in one or multiple jobs, as of the date of the outcome data collection.', 1, 'Yes');
INSERT INTO PUBLIC.ALLOWEDVALUE (ALLOWEDVALUEID, NAME, VALUE, ELEMENTID, POPULATIONID, CREATEDDATE, CREATEDBY, UPDATEDATE, UPDATEBY, DESCRIPTION, SORTORDER, FEDERALVALUE) VALUES (110, 'declined', 'declined', 37, null, null, null, null, null, 'A youth is employed full-time if employed at least 35 hours per week, in one or multiple jobs, as of the date of the outcome data collection.', 3, 'Declined');
INSERT INTO PUBLIC.ALLOWEDVALUE (ALLOWEDVALUEID, NAME, VALUE, ELEMENTID, POPULATIONID, CREATEDDATE, CREATEDBY, UPDATEDATE, UPDATEBY, DESCRIPTION, SORTORDER, FEDERALVALUE) VALUES (111, 'blank', null, 37, null, null, null, null, null, 'A youth is employed full-time if employed at least 35 hours per week, in one or multiple jobs, as of the date of the outcome data collection.', 4, null);
INSERT INTO PUBLIC.ALLOWEDVALUE (ALLOWEDVALUEID, NAME, VALUE, ELEMENTID, POPULATIONID, CREATEDDATE, CREATEDBY, UPDATEDATE, UPDATEBY, DESCRIPTION, SORTORDER, FEDERALVALUE) VALUES (112, 'no', 'no', 38, null, null, null, null, null, 'A youth is employed part-time if employed between one and 34 hours per week, in one or multiple jobs, as of the date of the outcome data collection.', 2, 'No');
INSERT INTO PUBLIC.ALLOWEDVALUE (ALLOWEDVALUEID, NAME, VALUE, ELEMENTID, POPULATIONID, CREATEDDATE, CREATEDBY, UPDATEDATE, UPDATEBY, DESCRIPTION, SORTORDER, FEDERALVALUE) VALUES (113, 'yes', 'yes', 38, null, null, null, null, null, 'A youth is employed part-time if employed between one and 34 hours per week, in one or multiple jobs, as of the date of the outcome data collection.', 1, 'Yes');
INSERT INTO PUBLIC.ALLOWEDVALUE (ALLOWEDVALUEID, NAME, VALUE, ELEMENTID, POPULATIONID, CREATEDDATE, CREATEDBY, UPDATEDATE, UPDATEBY, DESCRIPTION, SORTORDER, FEDERALVALUE) VALUES (114, 'declined', 'declined', 38, null, null, null, null, null, 'A youth is employed part-time if employed between one and 34 hours per week, in one or multiple jobs, as of the date of the outcome data collection.', 3, 'Declined');
INSERT INTO PUBLIC.ALLOWEDVALUE (ALLOWEDVALUEID, NAME, VALUE, ELEMENTID, POPULATIONID, CREATEDDATE, CREATEDBY, UPDATEDATE, UPDATEBY, DESCRIPTION, SORTORDER, FEDERALVALUE) VALUES (115, 'blank', null, 38, null, null, null, null, null, 'A youth is employed part-time if employed between one and 34 hours per week, in one or multiple jobs, as of the date of the outcome data collection.', 4, null);
INSERT INTO PUBLIC.ALLOWEDVALUE (ALLOWEDVALUEID, NAME, VALUE, ELEMENTID, POPULATIONID, CREATEDDATE, CREATEDBY, UPDATEDATE, UPDATEBY, DESCRIPTION, SORTORDER, FEDERALVALUE) VALUES (116, 'no', 'no', 39, null, null, null, null, null, 'A youth has obtained employment-related skills if the youth completed an apprenticeship, internship, or other on-the-job training, either paid or unpaid, in the past year.  The experience must help the youth acquire employment-related skills, such as specific trade skills such as carpentry or auto mechanics, or office skills such as word processing or use of office equipment.', 2, 'No');
INSERT INTO PUBLIC.ALLOWEDVALUE (ALLOWEDVALUEID, NAME, VALUE, ELEMENTID, POPULATIONID, CREATEDDATE, CREATEDBY, UPDATEDATE, UPDATEBY, DESCRIPTION, SORTORDER, FEDERALVALUE) VALUES (117, 'yes', 'yes', 39, null, null, null, null, null, 'A youth has obtained employment-related skills if the youth completed an apprenticeship, internship, or other on-the-job training, either paid or unpaid, in the past year.  The experience must help the youth acquire employment-related skills, such as specific trade skills such as carpentry or auto mechanics, or office skills such as word processing or use of office equipment.', 1, 'Yes');
INSERT INTO PUBLIC.ALLOWEDVALUE (ALLOWEDVALUEID, NAME, VALUE, ELEMENTID, POPULATIONID, CREATEDDATE, CREATEDBY, UPDATEDATE, UPDATEBY, DESCRIPTION, SORTORDER, FEDERALVALUE) VALUES (118, 'declined', 'declined', 39, null, null, null, null, null, 'A youth has obtained employment-related skills if the youth completed an apprenticeship, internship, or other on-the-job training, either paid or unpaid, in the past year.  The experience must help the youth acquire employment-related skills, such as specific trade skills such as carpentry or auto mechanics, or office skills such as word processing or use of office equipment.', 3, 'Declined');
INSERT INTO PUBLIC.ALLOWEDVALUE (ALLOWEDVALUEID, NAME, VALUE, ELEMENTID, POPULATIONID, CREATEDDATE, CREATEDBY, UPDATEDATE, UPDATEBY, DESCRIPTION, SORTORDER, FEDERALVALUE) VALUES (119, 'blank', null, 39, null, null, null, null, null, 'A youth has obtained employment-related skills if the youth completed an apprenticeship, internship, or other on-the-job training, either paid or unpaid, in the past year.  The experience must help the youth acquire employment-related skills, such as specific trade skills such as carpentry or auto mechanics, or office skills such as word processing or use of office equipment.', 4, null);
INSERT INTO PUBLIC.ALLOWEDVALUE (ALLOWEDVALUEID, NAME, VALUE, ELEMENTID, POPULATIONID, CREATEDDATE, CREATEDBY, UPDATEDATE, UPDATEBY, DESCRIPTION, SORTORDER, FEDERALVALUE) VALUES (120, 'no', 'no', 40, null, null, null, null, null, 'A youth is receiving some form of Social Security if receiving Supplemental Security Income (SSI) or Social Security Disability Insurance (SSDI), either directly or as a dependent beneficiary as of the date of the outcome data collection. SSI payments are made to eligible low-income persons with disabilities. SSDI payments are made to persons with a certain amount of work history who become disabled. A youth may receive SSDI payments through a parent.', 2, 'No');
INSERT INTO PUBLIC.ALLOWEDVALUE (ALLOWEDVALUEID, NAME, VALUE, ELEMENTID, POPULATIONID, CREATEDDATE, CREATEDBY, UPDATEDATE, UPDATEBY, DESCRIPTION, SORTORDER, FEDERALVALUE) VALUES (121, 'yes', 'yes', 40, null, null, null, null, null, 'A youth is receiving some form of Social Security if receiving Supplemental Security Income (SSI) or Social Security Disability Insurance (SSDI), either directly or as a dependent beneficiary as of the date of the outcome data collection. SSI payments are made to eligible low-income persons with disabilities. SSDI payments are made to persons with a certain amount of work history who become disabled. A youth may receive SSDI payments through a parent.', 1, 'Yes');
INSERT INTO PUBLIC.ALLOWEDVALUE (ALLOWEDVALUEID, NAME, VALUE, ELEMENTID, POPULATIONID, CREATEDDATE, CREATEDBY, UPDATEDATE, UPDATEBY, DESCRIPTION, SORTORDER, FEDERALVALUE) VALUES (122, 'declined', 'declined', 40, null, null, null, null, null, 'A youth is receiving some form of Social Security if receiving Supplemental Security Income (SSI) or Social Security Disability Insurance (SSDI), either directly or as a dependent beneficiary as of the date of the outcome data collection. SSI payments are made to eligible low-income persons with disabilities. SSDI payments are made to persons with a certain amount of work history who become disabled. A youth may receive SSDI payments through a parent.', 3, 'Declined');
INSERT INTO PUBLIC.ALLOWEDVALUE (ALLOWEDVALUEID, NAME, VALUE, ELEMENTID, POPULATIONID, CREATEDDATE, CREATEDBY, UPDATEDATE, UPDATEBY, DESCRIPTION, SORTORDER, FEDERALVALUE) VALUES (123, 'blank', null, 40, null, null, null, null, null, 'A youth is receiving some form of Social Security if receiving Supplemental Security Income (SSI) or Social Security Disability Insurance (SSDI), either directly or as a dependent beneficiary as of the date of the outcome data collection. SSI payments are made to eligible low-income persons with disabilities. SSDI payments are made to persons with a certain amount of work history who become disabled. A youth may receive SSDI payments through a parent.', 4, null);
INSERT INTO PUBLIC.ALLOWEDVALUE (ALLOWEDVALUEID, NAME, VALUE, ELEMENTID, POPULATIONID, CREATEDDATE, CREATEDBY, UPDATEDATE, UPDATEBY, DESCRIPTION, SORTORDER, FEDERALVALUE) VALUES (124, 'no', 'no', 41, null, null, null, null, null, 'A youth is receiving educational aid if using a scholarship, voucher (including education or training vouchers pursuant to section 477(h)(2) of the Social Security Act), grant, stipend, student loan, or other type of educational financial aid to cover educational expenses as of the date of the outcome data collection. Scholarships, grants, and stipends are funds awarded for spending on expenses related to gaining an education. Student loan means a government-guaranteed, low-interest loan for students in post-secondary education.', 2, 'No');
INSERT INTO PUBLIC.ALLOWEDVALUE (ALLOWEDVALUEID, NAME, VALUE, ELEMENTID, POPULATIONID, CREATEDDATE, CREATEDBY, UPDATEDATE, UPDATEBY, DESCRIPTION, SORTORDER, FEDERALVALUE) VALUES (125, 'yes', 'yes', 41, null, null, null, null, null, 'A youth is receiving educational aid if using a scholarship, voucher (including education or training vouchers pursuant to section 477(h)(2) of the Social Security Act), grant, stipend, student loan, or other type of educational financial aid to cover educational expenses as of the date of the outcome data collection. Scholarships, grants, and stipends are funds awarded for spending on expenses related to gaining an education. Student loan means a government-guaranteed, low-interest loan for students in post-secondary education.', 1, 'Yes');
INSERT INTO PUBLIC.ALLOWEDVALUE (ALLOWEDVALUEID, NAME, VALUE, ELEMENTID, POPULATIONID, CREATEDDATE, CREATEDBY, UPDATEDATE, UPDATEBY, DESCRIPTION, SORTORDER, FEDERALVALUE) VALUES (126, 'declined', 'declined', 41, null, null, null, null, null, 'A youth is receiving educational aid if using a scholarship, voucher (including education or training vouchers pursuant to section 477(h)(2) of the Social Security Act), grant, stipend, student loan, or other type of educational financial aid to cover educational expenses as of the date of the outcome data collection. Scholarships, grants, and stipends are funds awarded for spending on expenses related to gaining an education. Student loan means a government-guaranteed, low-interest loan for students in post-secondary education.', 3, 'Declined');
INSERT INTO PUBLIC.ALLOWEDVALUE (ALLOWEDVALUEID, NAME, VALUE, ELEMENTID, POPULATIONID, CREATEDDATE, CREATEDBY, UPDATEDATE, UPDATEBY, DESCRIPTION, SORTORDER, FEDERALVALUE) VALUES (127, 'blank', null, 41, null, null, null, null, null, 'A youth is receiving educational aid if using a scholarship, voucher (including education or training vouchers pursuant to section 477(h)(2) of the Social Security Act), grant, stipend, student loan, or other type of educational financial aid to cover educational expenses as of the date of the outcome data collection. Scholarships, grants, and stipends are funds awarded for spending on expenses related to gaining an education. Student loan means a government-guaranteed, low-interest loan for students in post-secondary education.', 5, null);
INSERT INTO PUBLIC.ALLOWEDVALUE (ALLOWEDVALUEID, NAME, VALUE, ELEMENTID, POPULATIONID, CREATEDDATE, CREATEDBY, UPDATEDATE, UPDATEBY, DESCRIPTION, SORTORDER, FEDERALVALUE) VALUES (128, 'no', 'no', 42, null, null, null, null, null, 'A youth is receiving public financial assistance if receiving ongoing cash welfare payments from the government to cover some of his or her basic needs, as of the date of the outcome data collection. Public financial assistance does not include government payments or subsidies for specific purposes, such as unemployment insurance, child care subsidies, education assistance, food stamps or housing assistance.', 2, 'No');
INSERT INTO PUBLIC.ALLOWEDVALUE (ALLOWEDVALUEID, NAME, VALUE, ELEMENTID, POPULATIONID, CREATEDDATE, CREATEDBY, UPDATEDATE, UPDATEBY, DESCRIPTION, SORTORDER, FEDERALVALUE) VALUES (129, 'yes', 'yes', 42, null, null, null, null, null, 'A youth is receiving public financial assistance if receiving ongoing cash welfare payments from the government to cover some of his or her basic needs, as of the date of the outcome data collection. Public financial assistance does not include government payments or subsidies for specific purposes, such as unemployment insurance, child care subsidies, education assistance, food stamps or housing assistance.', 1, 'Yes');
INSERT INTO PUBLIC.ALLOWEDVALUE (ALLOWEDVALUEID, NAME, VALUE, ELEMENTID, POPULATIONID, CREATEDDATE, CREATEDBY, UPDATEDATE, UPDATEBY, DESCRIPTION, SORTORDER, FEDERALVALUE) VALUES (130, 'declined', 'declined', 42, null, null, null, null, null, 'A youth is receiving public financial assistance if receiving ongoing cash welfare payments from the government to cover some of his or her basic needs, as of the date of the outcome data collection. Public financial assistance does not include government payments or subsidies for specific purposes, such as unemployment insurance, child care subsidies, education assistance, food stamps or housing assistance.', 4, 'Declined');
INSERT INTO PUBLIC.ALLOWEDVALUE (ALLOWEDVALUEID, NAME, VALUE, ELEMENTID, POPULATIONID, CREATEDDATE, CREATEDBY, UPDATEDATE, UPDATEBY, DESCRIPTION, SORTORDER, FEDERALVALUE) VALUES (132, 'blank', null, 42, null, null, null, null, null, 'A youth is receiving public financial assistance if receiving ongoing cash welfare payments from the government to cover some of his or her basic needs, as of the date of the outcome data collection. Public financial assistance does not include government payments or subsidies for specific purposes, such as unemployment insurance, child care subsidies, education assistance, food stamps or housing assistance.', 5, null);
INSERT INTO PUBLIC.ALLOWEDVALUE (ALLOWEDVALUEID, NAME, VALUE, ELEMENTID, POPULATIONID, CREATEDDATE, CREATEDBY, UPDATEDATE, UPDATEBY, DESCRIPTION, SORTORDER, FEDERALVALUE) VALUES (138, 'no', 'no', 44, null, null, null, null, null, 'A youth is receiving public housing assistance if the youth is living in government-funded public housing, or receiving a government-funded housing voucher to pay for part of his/her housing costs as of the date of the outcome data collection. CFCIP room and board payments are not included in
this definition.', 2, 'No');
INSERT INTO PUBLIC.ALLOWEDVALUE (ALLOWEDVALUEID, NAME, VALUE, ELEMENTID, POPULATIONID, CREATEDDATE, CREATEDBY, UPDATEDATE, UPDATEBY, DESCRIPTION, SORTORDER, FEDERALVALUE) VALUES (139, 'yes', 'yes', 44, null, null, null, null, null, 'A youth is receiving public housing assistance if the youth is living in government-funded public housing, or receiving a government-funded housing voucher to pay for part of his/her housing costs as of the date of the outcome data collection. CFCIP room and board payments are not included in
this definition.', 1, 'Yes');
INSERT INTO PUBLIC.ALLOWEDVALUE (ALLOWEDVALUEID, NAME, VALUE, ELEMENTID, POPULATIONID, CREATEDDATE, CREATEDBY, UPDATEDATE, UPDATEBY, DESCRIPTION, SORTORDER, FEDERALVALUE) VALUES (140, 'declined', 'declined', 44, null, null, null, null, null, 'A youth is receiving public housing assistance if the youth is living in government-funded public housing, or receiving a government-funded housing voucher to pay for part of his/her housing costs as of the date of the outcome data collection. CFCIP room and board payments are not included in
this definition.', 4, 'Declined');
INSERT INTO PUBLIC.ALLOWEDVALUE (ALLOWEDVALUEID, NAME, VALUE, ELEMENTID, POPULATIONID, CREATEDDATE, CREATEDBY, UPDATEDATE, UPDATEBY, DESCRIPTION, SORTORDER, FEDERALVALUE) VALUES (142, 'blank', null, 44, null, null, null, null, null, 'A youth is receiving public housing assistance if the youth is living in government-funded public housing, or receiving a government-funded housing voucher to pay for part of his/her housing costs as of the date of the outcome data collection. CFCIP room and board payments are not included in
this definition.', 5, null);
INSERT INTO PUBLIC.ALLOWEDVALUE (ALLOWEDVALUEID, NAME, VALUE, ELEMENTID, POPULATIONID, CREATEDDATE, CREATEDBY, UPDATEDATE, UPDATEBY, DESCRIPTION, SORTORDER, FEDERALVALUE) VALUES (133, 'no', 'no', 43, null, null, null, null, null, 'A youth is receiving public food assistance if receiving food stamps in any form (i.e., government-sponsored checks, coupons or debit cards) to buy eligible food at authorized stores as of the date of the outcome data collection. This definition includes receiving public food assistance through the Women, Infants, and Children (WIC) program.', 2, 'No');
INSERT INTO PUBLIC.ALLOWEDVALUE (ALLOWEDVALUEID, NAME, VALUE, ELEMENTID, POPULATIONID, CREATEDDATE, CREATEDBY, UPDATEDATE, UPDATEBY, DESCRIPTION, SORTORDER, FEDERALVALUE) VALUES (134, 'yes', 'yes', 43, null, null, null, null, null, 'A youth is receiving public food assistance if receiving food stamps in any form (i.e., government-sponsored checks, coupons or debit cards) to buy eligible food at authorized stores as of the date of the outcome data collection. This definition includes receiving public food assistance through the Women, Infants, and Children (WIC) program.', 1, 'Yes');
INSERT INTO PUBLIC.ALLOWEDVALUE (ALLOWEDVALUEID, NAME, VALUE, ELEMENTID, POPULATIONID, CREATEDDATE, CREATEDBY, UPDATEDATE, UPDATEBY, DESCRIPTION, SORTORDER, FEDERALVALUE) VALUES (135, 'declined', 'declined', 43, null, null, null, null, null, 'A youth is receiving public food assistance if receiving food stamps in any form (i.e., government-sponsored checks, coupons or debit cards) to buy eligible food at authorized stores as of the date of the outcome data collection. This definition includes receiving public food assistance through the Women, Infants, and Children (WIC) program.', 4, 'Declined');
INSERT INTO PUBLIC.ALLOWEDVALUE (ALLOWEDVALUEID, NAME, VALUE, ELEMENTID, POPULATIONID, CREATEDDATE, CREATEDBY, UPDATEDATE, UPDATEBY, DESCRIPTION, SORTORDER, FEDERALVALUE) VALUES (137, 'blank', null, 43, null, null, null, null, null, 'A youth is receiving public food assistance if receiving food stamps in any form (i.e., government-sponsored checks, coupons or debit cards) to buy eligible food at authorized stores as of the date of the outcome data collection. This definition includes receiving public food assistance through the Women, Infants, and Children (WIC) program.', 5, null);
INSERT INTO PUBLIC.ALLOWEDVALUE (ALLOWEDVALUEID, NAME, VALUE, ELEMENTID, POPULATIONID, CREATEDDATE, CREATEDBY, UPDATEDATE, UPDATEBY, DESCRIPTION, SORTORDER, FEDERALVALUE) VALUES (143, 'no', 'no', 45, null, null, null, null, null, 'A youth has other financial support if receiving any other periodic and/or significant financial resources or support from another source not listed in the elements described in paragraphs (g)(41) through (g)(44) of this section as of the date of outcome data collection. Such support can include payments from a spouse or family member (biological, foster or adoptive), child support that the youth receives for him or herself, or funds from a legal settlement. This definition does not include occasional gifts, such as birthday or graduation checks or small donations of food or personal incidentals, child care subsidies, child support for a youths child, or other financial support which does not benefit the youth directly in supporting himself or herself.', 2, 'No');
INSERT INTO PUBLIC.ALLOWEDVALUE (ALLOWEDVALUEID, NAME, VALUE, ELEMENTID, POPULATIONID, CREATEDDATE, CREATEDBY, UPDATEDATE, UPDATEBY, DESCRIPTION, SORTORDER, FEDERALVALUE) VALUES (144, 'yes', 'yes', 45, null, null, null, null, null, 'A youth has other financial support if receiving any other periodic and/or significant financial resources or support from another source not listed in the elements described in paragraphs (g)(41) through (g)(44) of this section as of the date of outcome data collection. Such support can include payments from a spouse or family member (biological, foster or adoptive), child support that the youth receives for him or herself, or funds from a legal settlement. This definition does not include occasional gifts, such as birthday or graduation checks or small donations of food or personal incidentals, child care subsidies, child support for a youths child, or other financial support which does not benefit the youth directly in supporting himself or herself.', 1, 'Yes');
INSERT INTO PUBLIC.ALLOWEDVALUE (ALLOWEDVALUEID, NAME, VALUE, ELEMENTID, POPULATIONID, CREATEDDATE, CREATEDBY, UPDATEDATE, UPDATEBY, DESCRIPTION, SORTORDER, FEDERALVALUE) VALUES (145, 'declined', 'declined', 45, null, null, null, null, null, 'A youth has other financial support if receiving any other periodic and/or significant financial resources or support from another source not listed in the elements described in paragraphs (g)(41) through (g)(44) of this section as of the date of outcome data collection. Such support can include payments from a spouse or family member (biological, foster or adoptive), child support that the youth receives for him or herself, or funds from a legal settlement. This definition does not include occasional gifts, such as birthday or graduation checks or small donations of food or personal incidentals, child care subsidies, child support for a youths child, or other financial support which does not benefit the youth directly in supporting himself or herself.', 3, 'Declined');
INSERT INTO PUBLIC.ALLOWEDVALUE (ALLOWEDVALUEID, NAME, VALUE, ELEMENTID, POPULATIONID, CREATEDDATE, CREATEDBY, UPDATEDATE, UPDATEBY, DESCRIPTION, SORTORDER, FEDERALVALUE) VALUES (146, 'blank', null, 45, null, null, null, null, null, 'A youth has other financial support if receiving any other periodic and/or significant financial resources or support from another source not listed in the elements described in paragraphs (g)(41) through (g)(44) of this section as of the date of outcome data collection. Such support can include payments from a spouse or family member (biological, foster or adoptive), child support that the youth receives for him or herself, or funds from a legal settlement. This definition does not include occasional gifts, such as birthday or graduation checks or small donations of food or personal incidentals, child care subsidies, child support for a youths child, or other financial support which does not benefit the youth directly in supporting himself or herself.', 4, null);
INSERT INTO PUBLIC.ALLOWEDVALUE (ALLOWEDVALUEID, NAME, VALUE, ELEMENTID, POPULATIONID, CREATEDDATE, CREATEDBY, UPDATEDATE, UPDATEBY, DESCRIPTION, SORTORDER, FEDERALVALUE) VALUES (147, 'high school', 'high school', 46, null, null, null, null, null, 'A youth has received an education certificate if the youth has a high school diploma or general equivalency degree (GED), vocational certificate, vocational license, associates degree (e.g., A.A.), bachelors degree (e.g., B.A. or B.S.), or a higher degree as of the date of the outcome data collection.', 1, 'High school diploma/GED');
INSERT INTO PUBLIC.ALLOWEDVALUE (ALLOWEDVALUEID, NAME, VALUE, ELEMENTID, POPULATIONID, CREATEDDATE, CREATEDBY, UPDATEDATE, UPDATEBY, DESCRIPTION, SORTORDER, FEDERALVALUE) VALUES (150, 'vocational license', 'vocational license', 46, null, null, null, null, null, 'A vocational license is a document that indicates that the State or local government recognizes an individual as a qualified professional in a particular trade or business.', 4, 'Vocational license');
INSERT INTO PUBLIC.ALLOWEDVALUE (ALLOWEDVALUEID, NAME, VALUE, ELEMENTID, POPULATIONID, CREATEDDATE, CREATEDBY, UPDATEDATE, UPDATEBY, DESCRIPTION, SORTORDER, FEDERALVALUE) VALUES (151, 'associate', 'associate', 46, null, null, null, null, null, 'An associates degree is generally a two-year degree from a community college.', 5, 'Associate''s degree');
INSERT INTO PUBLIC.ALLOWEDVALUE (ALLOWEDVALUEID, NAME, VALUE, ELEMENTID, POPULATIONID, CREATEDDATE, CREATEDBY, UPDATEDATE, UPDATEBY, DESCRIPTION, SORTORDER, FEDERALVALUE) VALUES (153, 'higher level', 'higher degree', 46, null, null, null, null, null, 'A higher degree indicates a graduate degree, such as a Masters Degree or a Juris Doctor (J.D.).', 7, 'Higher degree');
INSERT INTO PUBLIC.ALLOWEDVALUE (ALLOWEDVALUEID, NAME, VALUE, ELEMENTID, POPULATIONID, CREATEDDATE, CREATEDBY, UPDATEDATE, UPDATEBY, DESCRIPTION, SORTORDER, FEDERALVALUE) VALUES (154, 'none of the above', 'none of the above', 46, null, null, null, null, null, 'None of the above means that the youth has not received any of the above educational certifications.', 8, 'None of the above');
INSERT INTO PUBLIC.ALLOWEDVALUE (ALLOWEDVALUEID, NAME, VALUE, ELEMENTID, POPULATIONID, CREATEDDATE, CREATEDBY, UPDATEDATE, UPDATEBY, DESCRIPTION, SORTORDER, FEDERALVALUE) VALUES (156, 'no', 'no', 47, null, null, null, null, null, 'Indicate whether the youth is enrolled in and attending high school, GED classes, or postsecondary vocational training or college, as of the date of the outcome data collection. A youth is still considered enrolled in and attending school if the youth would otherwise be enrolled in and  attending a school that is currently out of session.', 2, 'No');
INSERT INTO PUBLIC.ALLOWEDVALUE (ALLOWEDVALUEID, NAME, VALUE, ELEMENTID, POPULATIONID, CREATEDDATE, CREATEDBY, UPDATEDATE, UPDATEBY, DESCRIPTION, SORTORDER, FEDERALVALUE) VALUES (157, 'yes', 'yes', 47, null, null, null, null, null, 'Indicate whether the youth is enrolled in and attending high school, GED classes, or postsecondary vocational training or college, as of the date of the outcome data collection. A youth is still considered enrolled in and attending school if the youth would otherwise be enrolled in and  attending a school that is currently out of session.', 1, 'Yes');
INSERT INTO PUBLIC.ALLOWEDVALUE (ALLOWEDVALUEID, NAME, VALUE, ELEMENTID, POPULATIONID, CREATEDDATE, CREATEDBY, UPDATEDATE, UPDATEBY, DESCRIPTION, SORTORDER, FEDERALVALUE) VALUES (158, 'declined', 'declined', 47, null, null, null, null, null, 'Indicate whether the youth is enrolled in and attending high school, GED classes, or postsecondary vocational training or college, as of the date of the outcome data collection. A youth is still considered enrolled in and attending school if the youth would otherwise be enrolled in and  attending a school that is currently out of session.', 3, 'Declined');
INSERT INTO PUBLIC.ALLOWEDVALUE (ALLOWEDVALUEID, NAME, VALUE, ELEMENTID, POPULATIONID, CREATEDDATE, CREATEDBY, UPDATEDATE, UPDATEBY, DESCRIPTION, SORTORDER, FEDERALVALUE) VALUES (159, 'blank', null, 47, null, null, null, null, null, 'Indicate whether the youth is enrolled in and attending high school, GED classes, or postsecondary vocational training or college, as of the date of the outcome data collection. A youth is still considered enrolled in and attending school if the youth would otherwise be enrolled in and  attending a school that is currently out of session.', 4, null);
INSERT INTO PUBLIC.ALLOWEDVALUE (ALLOWEDVALUEID, NAME, VALUE, ELEMENTID, POPULATIONID, CREATEDDATE, CREATEDBY, UPDATEDATE, UPDATEBY, DESCRIPTION, SORTORDER, FEDERALVALUE) VALUES (160, 'no', 'no', 48, null, null, null, null, null, 'A youth has a connection to an adult if, as of the date of the outcome data collection, the youth knows an adult who he or she can go to for advice or guidance when there is a decision to make or a problem to solve, or for companionship when celebrating personal achievements. The adult must be easily accessible to the youth, either by telephone or in person. This can include, but is not limited to adult relatives, parents or foster parents. The definition excludes spouses, partners, boyfriends or girlfriends and current caseworkers.', 2, 'No');
INSERT INTO PUBLIC.ALLOWEDVALUE (ALLOWEDVALUEID, NAME, VALUE, ELEMENTID, POPULATIONID, CREATEDDATE, CREATEDBY, UPDATEDATE, UPDATEBY, DESCRIPTION, SORTORDER, FEDERALVALUE) VALUES (161, 'yes', 'yes', 48, null, null, null, null, null, 'A youth has a connection to an adult if, as of the date of the outcome data collection, the youth knows an adult who he or she can go to for advice or guidance when there is a decision to make or a problem to solve, or for companionship when celebrating personal achievements. The adult must be easily accessible to the youth, either by telephone or in person. This can include, but is not limited to adult relatives, parents or foster parents. The definition excludes spouses, partners, boyfriends or girlfriends and current caseworkers.', 1, 'Yes');
INSERT INTO PUBLIC.ALLOWEDVALUE (ALLOWEDVALUEID, NAME, VALUE, ELEMENTID, POPULATIONID, CREATEDDATE, CREATEDBY, UPDATEDATE, UPDATEBY, DESCRIPTION, SORTORDER, FEDERALVALUE) VALUES (162, 'declined', 'declined', 48, null, null, null, null, null, 'A youth has a connection to an adult if, as of the date of the outcome data collection, the youth knows an adult who he or she can go to for advice or guidance when there is a decision to make or a problem to solve, or for companionship when celebrating personal achievements. The adult must be easily accessible to the youth, either by telephone or in person. This can include, but is not limited to adult relatives, parents or foster parents. The definition excludes spouses, partners, boyfriends or girlfriends and current caseworkers.', 3, 'Declined');
INSERT INTO PUBLIC.ALLOWEDVALUE (ALLOWEDVALUEID, NAME, VALUE, ELEMENTID, POPULATIONID, CREATEDDATE, CREATEDBY, UPDATEDATE, UPDATEBY, DESCRIPTION, SORTORDER, FEDERALVALUE) VALUES (163, 'blank', null, 48, null, null, null, null, null, 'A youth has a connection to an adult if, as of the date of the outcome data collection, the youth knows an adult who he or she can go to for advice or guidance when there is a decision to make or a problem to solve, or for companionship when celebrating personal achievements. The adult must be easily accessible to the youth, either by telephone or in person. This can include, but is not limited to adult relatives, parents or foster parents. The definition excludes spouses, partners, boyfriends or girlfriends and current caseworkers.', 4, null);
INSERT INTO PUBLIC.ALLOWEDVALUE (ALLOWEDVALUEID, NAME, VALUE, ELEMENTID, POPULATIONID, CREATEDDATE, CREATEDBY, UPDATEDATE, UPDATEBY, DESCRIPTION, SORTORDER, FEDERALVALUE) VALUES (164, 'no', 'no', 49, null, null, null, null, null, 'A youth is considered to have experienced homelessness if the youth had no regular or adequate place to live. This definition includes situations where the youth is living in a car or on the street,
or staying in a homeless or other temporary shelter. For a 17-year-old youth in the baseline population, the data element relates to a youths lifetime experiences. For a 19- or 21-year-old
youth in the follow-up population, the data element relates to the youths experience in the past two years.', 2, 'No');
INSERT INTO PUBLIC.ALLOWEDVALUE (ALLOWEDVALUEID, NAME, VALUE, ELEMENTID, POPULATIONID, CREATEDDATE, CREATEDBY, UPDATEDATE, UPDATEBY, DESCRIPTION, SORTORDER, FEDERALVALUE) VALUES (165, 'yes', 'yes', 49, null, null, null, null, null, 'A youth is considered to have experienced homelessness if the youth had no regular or adequate place to live. This definition includes situations where the youth is living in a car or on the street,
or staying in a homeless or other temporary shelter. For a 17-year-old youth in the baseline population, the data element relates to a youths lifetime experiences. For a 19- or 21-year-old
youth in the follow-up population, the data element relates to the youths experience in the past two years.', 1, 'Yes');
INSERT INTO PUBLIC.ALLOWEDVALUE (ALLOWEDVALUEID, NAME, VALUE, ELEMENTID, POPULATIONID, CREATEDDATE, CREATEDBY, UPDATEDATE, UPDATEBY, DESCRIPTION, SORTORDER, FEDERALVALUE) VALUES (166, 'declined', 'declined', 49, null, null, null, null, null, 'A youth is considered to have experienced homelessness if the youth had no regular or adequate place to live. This definition includes situations where the youth is living in a car or on the street,
or staying in a homeless or other temporary shelter. For a 17-year-old youth in the baseline population, the data element relates to a youths lifetime experiences. For a 19- or 21-year-old
youth in the follow-up population, the data element relates to the youths experience in the past two years.', 3, 'Declined');
INSERT INTO PUBLIC.ALLOWEDVALUE (ALLOWEDVALUEID, NAME, VALUE, ELEMENTID, POPULATIONID, CREATEDDATE, CREATEDBY, UPDATEDATE, UPDATEBY, DESCRIPTION, SORTORDER, FEDERALVALUE) VALUES (167, 'blank', null, 49, null, null, null, null, null, 'A youth is considered to have experienced homelessness if the youth had no regular or adequate place to live. This definition includes situations where the youth is living in a car or on the street,
or staying in a homeless or other temporary shelter. For a 17-year-old youth in the baseline population, the data element relates to a youths lifetime experiences. For a 19- or 21-year-old
youth in the follow-up population, the data element relates to the youths experience in the past two years.', 4, null);
INSERT INTO PUBLIC.ALLOWEDVALUE (ALLOWEDVALUEID, NAME, VALUE, ELEMENTID, POPULATIONID, CREATEDDATE, CREATEDBY, UPDATEDATE, UPDATEBY, DESCRIPTION, SORTORDER, FEDERALVALUE) VALUES (168, 'no', 'no', 50, null, null, null, null, null, 'A youth has received a substance abuse referral if the youth was referred for an alcohol or drug abuse assessment or counseling. For a 17-year-old youth in the baseline population, the data element relates to a youths lifetime experience. For a 19- or 21-year-old youth in the follow-up  population, the data element relates to the youths experience in the past two years. This definition includes either a self-referral or referral by a social worker, school staff, physician, mental health worker, foster parent, or other adult. Alcohol or drug abuse assessment is a process designed to determine if someone has a problem with alcohol or drug use.', 2, 'No');
INSERT INTO PUBLIC.ALLOWEDVALUE (ALLOWEDVALUEID, NAME, VALUE, ELEMENTID, POPULATIONID, CREATEDDATE, CREATEDBY, UPDATEDATE, UPDATEBY, DESCRIPTION, SORTORDER, FEDERALVALUE) VALUES (169, 'yes', 'yes', 50, null, null, null, null, null, 'A youth has received a substance abuse referral if the youth was referred for an alcohol or drug abuse assessment or counseling. For a 17-year-old youth in the baseline population, the data element relates to a youths lifetime experience. For a 19- or 21-year-old youth in the follow-up  population, the data element relates to the youths experience in the past two years. This definition includes either a self-referral or referral by a social worker, school staff, physician, mental health worker, foster parent, or other adult. Alcohol or drug abuse assessment is a process designed to determine if someone has a problem with alcohol or drug use.', 1, 'Yes');
INSERT INTO PUBLIC.ALLOWEDVALUE (ALLOWEDVALUEID, NAME, VALUE, ELEMENTID, POPULATIONID, CREATEDDATE, CREATEDBY, UPDATEDATE, UPDATEBY, DESCRIPTION, SORTORDER, FEDERALVALUE) VALUES (170, 'declined', 'declined', 50, null, null, null, null, null, 'A youth has received a substance abuse referral if the youth was referred for an alcohol or drug abuse assessment or counseling. For a 17-year-old youth in the baseline population, the data element relates to a youths lifetime experience. For a 19- or 21-year-old youth in the follow-up  population, the data element relates to the youths experience in the past two years. This definition includes either a self-referral or referral by a social worker, school staff, physician, mental health worker, foster parent, or other adult. Alcohol or drug abuse assessment is a process designed to determine if someone has a problem with alcohol or drug use.', 3, 'Declined');
INSERT INTO PUBLIC.ALLOWEDVALUE (ALLOWEDVALUEID, NAME, VALUE, ELEMENTID, POPULATIONID, CREATEDDATE, CREATEDBY, UPDATEDATE, UPDATEBY, DESCRIPTION, SORTORDER, FEDERALVALUE) VALUES (171, 'blank', null, 50, null, null, null, null, null, 'A youth has received a substance abuse referral if the youth was referred for an alcohol or drug abuse assessment or counseling. For a 17-year-old youth in the baseline population, the data element relates to a youths lifetime experience. For a 19- or 21-year-old youth in the follow-up  population, the data element relates to the youths experience in the past two years. This definition includes either a self-referral or referral by a social worker, school staff, physician, mental health worker, foster parent, or other adult. Alcohol or drug abuse assessment is a process designed to determine if someone has a problem with alcohol or drug use.', 4, null);
INSERT INTO PUBLIC.ALLOWEDVALUE (ALLOWEDVALUEID, NAME, VALUE, ELEMENTID, POPULATIONID, CREATEDDATE, CREATEDBY, UPDATEDATE, UPDATEBY, DESCRIPTION, SORTORDER, FEDERALVALUE) VALUES (172, 'no', 'no', 51, null, null, null, null, null, 'A youth is considered to have been incarcerated if the youth was confined in a jail, prison, correctional facility, or juvenile or community detention facility in connection with allegedly committing a crime (misdemeanor or felony). For a 17-year-old youth in the baseline population, the data element relates to a youths lifetime experience. For a 19- or 21-year-old youth in the follow-up population, the data element relates to the youths experience in the past two years.', 2, 'No');
INSERT INTO PUBLIC.ALLOWEDVALUE (ALLOWEDVALUEID, NAME, VALUE, ELEMENTID, POPULATIONID, CREATEDDATE, CREATEDBY, UPDATEDATE, UPDATEBY, DESCRIPTION, SORTORDER, FEDERALVALUE) VALUES (173, 'yes', 'yes', 51, null, null, null, null, null, 'A youth is considered to have been incarcerated if the youth was confined in a jail, prison, correctional facility, or juvenile or community detention facility in connection with allegedly committing a crime (misdemeanor or felony). For a 17-year-old youth in the baseline population, the data element relates to a youths lifetime experience. For a 19- or 21-year-old youth in the follow-up population, the data element relates to the youths experience in the past two years.', 1, 'Yes');
INSERT INTO PUBLIC.ALLOWEDVALUE (ALLOWEDVALUEID, NAME, VALUE, ELEMENTID, POPULATIONID, CREATEDDATE, CREATEDBY, UPDATEDATE, UPDATEBY, DESCRIPTION, SORTORDER, FEDERALVALUE) VALUES (174, 'declined', 'declined', 51, null, null, null, null, null, 'A youth is considered to have been incarcerated if the youth was confined in a jail, prison, correctional facility, or juvenile or community detention facility in connection with allegedly committing a crime (misdemeanor or felony). For a 17-year-old youth in the baseline population, the data element relates to a youths lifetime experience. For a 19- or 21-year-old youth in the follow-up population, the data element relates to the youths experience in the past two years.', 3, 'Declined');
INSERT INTO PUBLIC.ALLOWEDVALUE (ALLOWEDVALUEID, NAME, VALUE, ELEMENTID, POPULATIONID, CREATEDDATE, CREATEDBY, UPDATEDATE, UPDATEBY, DESCRIPTION, SORTORDER, FEDERALVALUE) VALUES (175, 'blank', null, 51, null, null, null, null, null, 'A youth is considered to have been incarcerated if the youth was confined in a jail, prison, correctional facility, or juvenile or community detention facility in connection with allegedly committing a crime (misdemeanor or felony). For a 17-year-old youth in the baseline population, the data element relates to a youths lifetime experience. For a 19- or 21-year-old youth in the follow-up population, the data element relates to the youths experience in the past two years.', 4, null);
INSERT INTO PUBLIC.ALLOWEDVALUE (ALLOWEDVALUEID, NAME, VALUE, ELEMENTID, POPULATIONID, CREATEDDATE, CREATEDBY, UPDATEDATE, UPDATEBY, DESCRIPTION, SORTORDER, FEDERALVALUE) VALUES (176, 'no', 'no', 52, null, null, null, null, null, 'A youth is considered to have a child if the youth has given birth herself, or the youth has fathered any children who were born.  For a 17-year-old youth in the baseline population, the data element relates to a youths lifetime experience.  For a 19- or 21-year-old youth in the follow-up population, the data element refers to children born to the youth in the past two years only.  This refers to biological parenthood.', 2, 'No');
INSERT INTO PUBLIC.ALLOWEDVALUE (ALLOWEDVALUEID, NAME, VALUE, ELEMENTID, POPULATIONID, CREATEDDATE, CREATEDBY, UPDATEDATE, UPDATEBY, DESCRIPTION, SORTORDER, FEDERALVALUE) VALUES (177, 'yes', 'yes', 52, null, null, null, null, null, 'A youth is considered to have a child if the youth has given birth herself, or the youth has fathered any children who were born.  For a 17-year-old youth in the baseline population, the data element relates to a youths lifetime experience.  For a 19- or 21-year-old youth in the follow-up population, the data element refers to children born to the youth in the past two years only.  This refers to biological parenthood.', 1, 'Yes');
INSERT INTO PUBLIC.ALLOWEDVALUE (ALLOWEDVALUEID, NAME, VALUE, ELEMENTID, POPULATIONID, CREATEDDATE, CREATEDBY, UPDATEDATE, UPDATEBY, DESCRIPTION, SORTORDER, FEDERALVALUE) VALUES (179, 'blank', null, 52, null, null, null, null, null, 'A youth is considered to have a child if the youth has given birth herself, or the youth has fathered any children who were born.  For a 17-year-old youth in the baseline population, the data element relates to a youths lifetime experience.  For a 19- or 21-year-old youth in the follow-up population, the data element refers to children born to the youth in the past two years only.  This refers to biological parenthood.', 4, null);
INSERT INTO PUBLIC.ALLOWEDVALUE (ALLOWEDVALUEID, NAME, VALUE, ELEMENTID, POPULATIONID, CREATEDDATE, CREATEDBY, UPDATEDATE, UPDATEBY, DESCRIPTION, SORTORDER, FEDERALVALUE) VALUES (178, 'declined', 'declined', 52, null, null, null, null, null, 'A youth is considered to have a child if the youth has given birth herself, or the youth has fathered any children who were born.  For a 17-year-old youth in the baseline population, the data element relates to a youths lifetime experience.  For a 19- or 21-year-old youth in the follow-up population, the data element refers to children born to the youth in the past two years only.  This refers to biological parenthood.', 3, 'Declined');
INSERT INTO PUBLIC.ALLOWEDVALUE (ALLOWEDVALUEID, NAME, VALUE, ELEMENTID, POPULATIONID, CREATEDDATE, CREATEDBY, UPDATEDATE, UPDATEBY, DESCRIPTION, SORTORDER, FEDERALVALUE) VALUES (182, 'declined', 'declined', 53, null, null, null, null, null, 'A youth is married at the time of the childs birth if he or she was united in matrimony according to the laws of the State to the childs other parent.', 4, 'Declined');
INSERT INTO PUBLIC.ALLOWEDVALUE (ALLOWEDVALUEID, NAME, VALUE, ELEMENTID, POPULATIONID, CREATEDDATE, CREATEDBY, UPDATEDATE, UPDATEBY, DESCRIPTION, SORTORDER, FEDERALVALUE) VALUES (183, 'not applicable', 'not applicable', 53, null, null, null, null, null, 'A youth is married at the time of the childs birth if he or she was united in matrimony according to the laws of the State to the childs other parent.', 3, 'Not applicable');
INSERT INTO PUBLIC.ALLOWEDVALUE (ALLOWEDVALUEID, NAME, VALUE, ELEMENTID, POPULATIONID, CREATEDDATE, CREATEDBY, UPDATEDATE, UPDATEBY, DESCRIPTION, SORTORDER, FEDERALVALUE) VALUES (184, 'blank', null, 53, null, null, null, null, null, 'A youth is married at the time of the childs birth if he or she was united in matrimony according to the laws of the State to the childs other parent.', 5, null);
INSERT INTO PUBLIC.ALLOWEDVALUE (ALLOWEDVALUEID, NAME, VALUE, ELEMENTID, POPULATIONID, CREATEDDATE, CREATEDBY, UPDATEDATE, UPDATEBY, DESCRIPTION, SORTORDER, FEDERALVALUE) VALUES (185, 'no', 'no', 54, null, null, null, null, null, 'A youth is receiving Medicaid if the youth is participating in a Medicaid-funded State program, which is a medical assistance program supported by the Federal and State government under title XIX of the Social Security Act as of the date of outcomes data collection.', 2, 'No');
INSERT INTO PUBLIC.ALLOWEDVALUE (ALLOWEDVALUEID, NAME, VALUE, ELEMENTID, POPULATIONID, CREATEDDATE, CREATEDBY, UPDATEDATE, UPDATEBY, DESCRIPTION, SORTORDER, FEDERALVALUE) VALUES (186, 'yes', 'yes', 54, null, null, null, null, null, 'A youth is receiving Medicaid if the youth is participating in a Medicaid-funded State program, which is a medical assistance program supported by the Federal and State government under title XIX of the Social Security Act as of the date of outcomes data collection.', 1, 'Yes');
INSERT INTO PUBLIC.ALLOWEDVALUE (ALLOWEDVALUEID, NAME, VALUE, ELEMENTID, POPULATIONID, CREATEDDATE, CREATEDBY, UPDATEDATE, UPDATEBY, DESCRIPTION, SORTORDER, FEDERALVALUE) VALUES (187, 'declined', 'declined', 54, null, null, null, null, null, 'A youth is receiving Medicaid if the youth is participating in a Medicaid-funded State program, which is a medical assistance program supported by the Federal and State government under title XIX of the Social Security Act as of the date of outcomes data collection.', 4, 'Declined');
INSERT INTO PUBLIC.ALLOWEDVALUE (ALLOWEDVALUEID, NAME, VALUE, ELEMENTID, POPULATIONID, CREATEDDATE, CREATEDBY, UPDATEDATE, UPDATEBY, DESCRIPTION, SORTORDER, FEDERALVALUE) VALUES (188, 'do not know', 'do not know', 54, null, null, null, null, null, 'A youth is receiving Medicaid if the youth is participating in a Medicaid-funded State program, which is a medical assistance program supported by the Federal and State government under title XIX of the Social Security Act as of the date of outcomes data collection.', 3, 'Don''t know');
INSERT INTO PUBLIC.ALLOWEDVALUE (ALLOWEDVALUEID, NAME, VALUE, ELEMENTID, POPULATIONID, CREATEDDATE, CREATEDBY, UPDATEDATE, UPDATEBY, DESCRIPTION, SORTORDER, FEDERALVALUE) VALUES (189, 'blank', null, 54, null, null, null, null, null, 'A youth is receiving Medicaid if the youth is participating in a Medicaid-funded State program, which is a medical assistance program supported by the Federal and State government under title XIX of the Social Security Act as of the date of outcomes data collection.', 5, null);
INSERT INTO PUBLIC.ALLOWEDVALUE (ALLOWEDVALUEID, NAME, VALUE, ELEMENTID, POPULATIONID, CREATEDDATE, CREATEDBY, UPDATEDATE, UPDATEBY, DESCRIPTION, SORTORDER, FEDERALVALUE) VALUES (195, 'blank', null, 55, null, null, null, null, null, 'A youth has other health insurance if the youth has a third party pay (other than Medicaid) for all or part of the costs of medical care, mental health care, and/or prescription drugs, as of the date of the outcome data collection. This definition includes group coverage offered by employers, schools or associations, an individual health plan, self-employed plans, or inclusion in a parents insurance plan. This also could include access to free health care through a college, Indian Health Service, or other source. Medical or drug discount cards or plans are not insurance.', 5, null);
INSERT INTO PUBLIC.ALLOWEDVALUE (ALLOWEDVALUEID, NAME, VALUE, ELEMENTID, POPULATIONID, CREATEDDATE, CREATEDBY, UPDATEDATE, UPDATEBY, DESCRIPTION, SORTORDER, FEDERALVALUE) VALUES (190, 'no', 'no', 55, null, null, null, null, null, 'A youth has other health insurance if the youth has a third party pay (other than Medicaid) for all or part of the costs of medical care, mental health care, and/or prescription drugs, as of the date of the outcome data collection. This definition includes group coverage offered by employers, schools or associations, an individual health plan, self-employed plans, or inclusion in a parents insurance plan. This also could include access to free health care through a college, Indian Health Service, or other source. Medical or drug discount cards or plans are not insurance.', 2, 'No');
INSERT INTO PUBLIC.ALLOWEDVALUE (ALLOWEDVALUEID, NAME, VALUE, ELEMENTID, POPULATIONID, CREATEDDATE, CREATEDBY, UPDATEDATE, UPDATEBY, DESCRIPTION, SORTORDER, FEDERALVALUE) VALUES (191, 'yes', 'yes', 55, null, null, null, null, null, 'A youth has other health insurance if the youth has a third party pay (other than Medicaid) for all or part of the costs of medical care, mental health care, and/or prescription drugs, as of the date of the outcome data collection. This definition includes group coverage offered by employers, schools or associations, an individual health plan, self-employed plans, or inclusion in a parents insurance plan. This also could include access to free health care through a college, Indian Health Service, or other source. Medical or drug discount cards or plans are not insurance.', 1, 'Yes');
INSERT INTO PUBLIC.ALLOWEDVALUE (ALLOWEDVALUEID, NAME, VALUE, ELEMENTID, POPULATIONID, CREATEDDATE, CREATEDBY, UPDATEDATE, UPDATEBY, DESCRIPTION, SORTORDER, FEDERALVALUE) VALUES (192, 'declined', 'declined', 55, null, null, null, null, null, 'A youth has other health insurance if the youth has a third party pay (other than Medicaid) for all or part of the costs of medical care, mental health care, and/or prescription drugs, as of the date of the outcome data collection. This definition includes group coverage offered by employers, schools or associations, an individual health plan, self-employed plans, or inclusion in a parents insurance plan. This also could include access to free health care through a college, Indian Health Service, or other source. Medical or drug discount cards or plans are not insurance.', 4, 'Declined');

INSERT INTO PUBLIC.ALLOWEDVALUEINCONSISTENCY (ALLOWEDVALUEINCONSISTENCYID, ALLOWEDVALUEID, PROBLEMDESCRIPTIONID, ISTRUE, CREATEDDATE, CREATEDBY, UPDATEDATE, UPDATEBY, DESCRIPTION) VALUES (9, 177, 14, 'T', parseDateTime('2009-07-17 11:30:00', 'YYYY-MM-DD'), null, null, null, 'O');
INSERT INTO PUBLIC.ALLOWEDVALUEINCONSISTENCY (ALLOWEDVALUEINCONSISTENCYID, ALLOWEDVALUEID, PROBLEMDESCRIPTIONID, ISTRUE, CREATEDDATE, CREATEDBY, UPDATEDATE, UPDATEBY, DESCRIPTION) VALUES (8, 176, 14, 'T', parseDateTime('2009-07-24 10:38:18', 'YYYY-MM-DD'), null, null, null, 'A');
INSERT INTO PUBLIC.ALLOWEDVALUEINCONSISTENCY (ALLOWEDVALUEINCONSISTENCYID, ALLOWEDVALUEID, PROBLEMDESCRIPTIONID, ISTRUE, CREATEDDATE, CREATEDBY, UPDATEDATE, UPDATEBY, DESCRIPTION) VALUES (1, 22, 14, 'T', parseDateTime('2009-07-15 12:03:39', 'YYYY-MM-DD'), null, null, null, 'A');
INSERT INTO PUBLIC.ALLOWEDVALUEINCONSISTENCY (ALLOWEDVALUEINCONSISTENCYID, ALLOWEDVALUEID, PROBLEMDESCRIPTIONID, ISTRUE, CREATEDDATE, CREATEDBY, UPDATEDATE, UPDATEBY, DESCRIPTION) VALUES (2, 21, 14, 'T', parseDateTime('2009-07-15 12:03:39', 'YYYY-MM-DD'), null, null, null, 'A');
INSERT INTO PUBLIC.ALLOWEDVALUEINCONSISTENCY (ALLOWEDVALUEINCONSISTENCYID, ALLOWEDVALUEID, PROBLEMDESCRIPTIONID, ISTRUE, CREATEDDATE, CREATEDBY, UPDATEDATE, UPDATEBY, DESCRIPTION) VALUES (3, 29, 14, 'T', parseDateTime('2009-07-15 12:03:39', 'YYYY-MM-DD'), null, null, null, 'A');
INSERT INTO PUBLIC.ALLOWEDVALUEINCONSISTENCY (ALLOWEDVALUEINCONSISTENCYID, ALLOWEDVALUEID, PROBLEMDESCRIPTIONID, ISTRUE, CREATEDDATE, CREATEDBY, UPDATEDATE, UPDATEBY, DESCRIPTION) VALUES (4, 29, 14, 'F', parseDateTime('2009-07-15 12:03:39', 'YYYY-MM-DD'), null, null, null, 'A');
INSERT INTO PUBLIC.ALLOWEDVALUEINCONSISTENCY (ALLOWEDVALUEINCONSISTENCYID, ALLOWEDVALUEID, PROBLEMDESCRIPTIONID, ISTRUE, CREATEDDATE, CREATEDBY, UPDATEDATE, UPDATEBY, DESCRIPTION) VALUES (5, 29, 14, 'F', parseDateTime('2009-07-15 12:03:39', 'YYYY-MM-DD'), null, null, null, 'O');
INSERT INTO PUBLIC.ALLOWEDVALUEINCONSISTENCY (ALLOWEDVALUEINCONSISTENCYID, ALLOWEDVALUEID, PROBLEMDESCRIPTIONID, ISTRUE, CREATEDDATE, CREATEDBY, UPDATEDATE, UPDATEBY, DESCRIPTION) VALUES (6, 95, 14, 'T', parseDateTime('2009-07-15 12:03:39', 'YYYY-MM-DD'), null, null, null, 'O');
INSERT INTO PUBLIC.ALLOWEDVALUEINCONSISTENCY (ALLOWEDVALUEINCONSISTENCYID, ALLOWEDVALUEID, PROBLEMDESCRIPTIONID, ISTRUE, CREATEDDATE, CREATEDBY, UPDATEDATE, UPDATEBY, DESCRIPTION) VALUES (7, 95, 14, 'F', parseDateTime('2009-07-15 12:03:39', 'YYYY-MM-DD'), null, null, null, 'A');

-- INSERT INTO PUBLIC.DEF_EMP (LN, AGE, SALARY) VALUES ('M', 20, 100);
-- INSERT INTO PUBLIC.DEF_EMP (LN, AGE, SALARY) VALUES ('X', 30, 150);
-- INSERT INTO PUBLIC.DEF_EMP (LN, AGE, SALARY) VALUES ('P', 20, 100);
-- INSERT INTO PUBLIC.DEF_EMP (LN, AGE, SALARY) VALUES ('M', 25, 200);
-- INSERT INTO PUBLIC.DEF_EMP (LN, AGE, SALARY) VALUES ('P', 25, 150);
-- INSERT INTO PUBLIC.DEF_EMP (LN, AGE, SALARY) VALUES ('Z', 45, 500);
-- INSERT INTO PUBLIC.DEF_EMP (LN, AGE, SALARY) VALUES ('V', 36, 500);

INSERT INTO PUBLIC.LOOKUP (LOOKUPID, CATEGORY, CODEVALUE, CODEDESCRIPTION, SORTORDER, CREATEDDATE, CREATEDBY, UPDATEDATE, UPDATEBY, DESCRIPTION) VALUES (1, 'PrimaryUserRole', 1, 'SystemUserRole', null, null, null, null, null, null);
INSERT INTO PUBLIC.LOOKUP (LOOKUPID, CATEGORY, CODEVALUE, CODEDESCRIPTION, SORTORDER, CREATEDDATE, CREATEDBY, UPDATEDATE, UPDATEBY, DESCRIPTION) VALUES (4, 'PrimaryUserRole', 4, 'StateUserRole', null, null, null, null, null, null);
INSERT INTO PUBLIC.LOOKUP (LOOKUPID, CATEGORY, CODEVALUE, CODEDESCRIPTION, SORTORDER, CREATEDDATE, CREATEDBY, UPDATEDATE, UPDATEBY, DESCRIPTION) VALUES (5, 'AggregateType', 5, 'ElementCompliance', null, null, null, null, null, null);
INSERT INTO PUBLIC.LOOKUP (LOOKUPID, CATEGORY, CODEVALUE, CODEDESCRIPTION, SORTORDER, CREATEDDATE, CREATEDBY, UPDATEDATE, UPDATEBY, DESCRIPTION) VALUES (6, 'AggregateType', 6, 'dataQualityAdvisories', null, null, null, null, null, null);
INSERT INTO PUBLIC.LOOKUP (LOOKUPID, CATEGORY, CODEVALUE, CODEDESCRIPTION, SORTORDER, CREATEDDATE, CREATEDBY, UPDATEDATE, UPDATEBY, DESCRIPTION) VALUES (9, 'ComplianceDetails', 1, 'Timely', 3, null, null, null, null, null);
INSERT INTO PUBLIC.LOOKUP (LOOKUPID, CATEGORY, CODEVALUE, CODEDESCRIPTION, SORTORDER, CREATEDDATE, CREATEDBY, UPDATEDATE, UPDATEBY, DESCRIPTION) VALUES (10, 'ComplianceDetails', 2, 'File Format', 2, null, null, null, null, null);
INSERT INTO PUBLIC.LOOKUP (LOOKUPID, CATEGORY, CODEVALUE, CODEDESCRIPTION, SORTORDER, CREATEDDATE, CREATEDBY, UPDATEDATE, UPDATEBY, DESCRIPTION) VALUES (11, 'ComplianceDetails', 3, 'Aggregate Data Errors', 1, null, null, null, null, null);
INSERT INTO PUBLIC.LOOKUP (LOOKUPID, CATEGORY, CODEVALUE, CODEDESCRIPTION, SORTORDER, CREATEDDATE, CREATEDBY, UPDATEDATE, UPDATEBY, DESCRIPTION) VALUES (12, 'ComplianceType', 1, 'transmissionLevel', null, null, null, null, null, null);
INSERT INTO PUBLIC.LOOKUP (LOOKUPID, CATEGORY, CODEVALUE, CODEDESCRIPTION, SORTORDER, CREATEDDATE, CREATEDBY, UPDATEDATE, UPDATEBY, DESCRIPTION) VALUES (13, 'ComplianceType', 2, 'aggregateType', null, null, null, null, null, null);
INSERT INTO PUBLIC.LOOKUP (LOOKUPID, CATEGORY, CODEVALUE, CODEDESCRIPTION, SORTORDER, CREATEDDATE, CREATEDBY, UPDATEDATE, UPDATEBY, DESCRIPTION) VALUES (14, 'ComplianceType', 3, 'recordLevel', null, null, null, null, null, null);
INSERT INTO PUBLIC.LOOKUP (LOOKUPID, CATEGORY, CODEVALUE, CODEDESCRIPTION, SORTORDER, CREATEDDATE, CREATEDBY, UPDATEDATE, UPDATEBY, DESCRIPTION) VALUES (15, null, null, null, null, null, null, null, null, null);
INSERT INTO PUBLIC.LOOKUP (LOOKUPID, CATEGORY, CODEVALUE, CODEDESCRIPTION, SORTORDER, CREATEDDATE, CREATEDBY, UPDATEDATE, UPDATEBY, DESCRIPTION) VALUES (16, null, null, null, null, null, null, null, null, null);
INSERT INTO PUBLIC.LOOKUP (LOOKUPID, CATEGORY, CODEVALUE, CODEDESCRIPTION, SORTORDER, CREATEDDATE, CREATEDBY, UPDATEDATE, UPDATEBY, DESCRIPTION) VALUES (17, null, null, null, null, null, null, null, null, null);
INSERT INTO PUBLIC.LOOKUP (LOOKUPID, CATEGORY, CODEVALUE, CODEDESCRIPTION, SORTORDER, CREATEDDATE, CREATEDBY, UPDATEDATE, UPDATEBY, DESCRIPTION) VALUES (18, null, null, null, null, null, null, null, null, null);
INSERT INTO PUBLIC.LOOKUP (LOOKUPID, CATEGORY, CODEVALUE, CODEDESCRIPTION, SORTORDER, CREATEDDATE, CREATEDBY, UPDATEDATE, UPDATEBY, DESCRIPTION) VALUES (19, null, null, null, null, null, null, null, null, null);
INSERT INTO PUBLIC.LOOKUP (LOOKUPID, CATEGORY, CODEVALUE, CODEDESCRIPTION, SORTORDER, CREATEDDATE, CREATEDBY, UPDATEDATE, UPDATEBY, DESCRIPTION) VALUES (20, null, null, null, null, null, null, null, null, null);
INSERT INTO PUBLIC.LOOKUP (LOOKUPID, CATEGORY, CODEVALUE, CODEDESCRIPTION, SORTORDER, CREATEDDATE, CREATEDBY, UPDATEDATE, UPDATEBY, DESCRIPTION) VALUES (7, 'ComplianceStandards', 7, 'FileSubmissionStandards', null, null, null, null, null, null);
INSERT INTO PUBLIC.LOOKUP (LOOKUPID, CATEGORY, CODEVALUE, CODEDESCRIPTION, SORTORDER, CREATEDDATE, CREATEDBY, UPDATEDATE, UPDATEBY, DESCRIPTION) VALUES (8, 'ComplianceStandards', 8, 'DataStandards', null, null, null, null, null, null);
INSERT INTO PUBLIC.LOOKUP (LOOKUPID, CATEGORY, CODEVALUE, CODEDESCRIPTION, SORTORDER, CREATEDDATE, CREATEDBY, UPDATEDATE, UPDATEBY, DESCRIPTION) VALUES (41, 'AggregateType', 7, 'OutcomesUniverseCompliance', null, null, null, null, null, null);
INSERT INTO PUBLIC.LOOKUP (LOOKUPID, CATEGORY, CODEVALUE, CODEDESCRIPTION, SORTORDER, CREATEDDATE, CREATEDBY, UPDATEDATE, UPDATEBY, DESCRIPTION) VALUES (2, 'PrimaryUserRole', 2, 'CentralOfficeUserRole', null, null, null, null, null, null);
INSERT INTO PUBLIC.LOOKUP (LOOKUPID, CATEGORY, CODEVALUE, CODEDESCRIPTION, SORTORDER, CREATEDDATE, CREATEDBY, UPDATEDATE, UPDATEBY, DESCRIPTION) VALUES (3, 'PrimaryUserRole', 3, 'RegionUserRole', null, null, null, null, null, null);
INSERT INTO PUBLIC.LOOKUP (LOOKUPID, CATEGORY, CODEVALUE, CODEDESCRIPTION, SORTORDER, CREATEDDATE, CREATEDBY, UPDATEDATE, UPDATEBY, DESCRIPTION) VALUES (21, 'ComplianceStatus', 1, 'Compliant', 1, null, null, null, null, null);
INSERT INTO PUBLIC.LOOKUP (LOOKUPID, CATEGORY, CODEVALUE, CODEDESCRIPTION, SORTORDER, CREATEDDATE, CREATEDBY, UPDATEDATE, UPDATEBY, DESCRIPTION) VALUES (22, 'ComplianceStatus', 2, 'Non-Compliant', 2, null, null, null, null, null);
INSERT INTO PUBLIC.LOOKUP (LOOKUPID, CATEGORY, CODEVALUE, CODEDESCRIPTION, SORTORDER, CREATEDDATE, CREATEDBY, UPDATEDATE, UPDATEBY, DESCRIPTION) VALUES (42, 'AggregateType', null, 'ParticipationRateCompliance', null, null, null, null, null, null);
INSERT INTO PUBLIC.LOOKUP (LOOKUPID, CATEGORY, CODEVALUE, CODEDESCRIPTION, SORTORDER, CREATEDDATE, CREATEDBY, UPDATEDATE, UPDATEBY, DESCRIPTION) VALUES (43, 'SamplingRequestStatus', 1, 'Not Requested', 1, null, null, null, null, null);
INSERT INTO PUBLIC.LOOKUP (LOOKUPID, CATEGORY, CODEVALUE, CODEDESCRIPTION, SORTORDER, CREATEDDATE, CREATEDBY, UPDATEDATE, UPDATEBY, DESCRIPTION) VALUES (44, 'SamplingRequestStatus', 2, 'Submitted', 2, null, null, null, null, null);
INSERT INTO PUBLIC.LOOKUP (LOOKUPID, CATEGORY, CODEVALUE, CODEDESCRIPTION, SORTORDER, CREATEDDATE, CREATEDBY, UPDATEDATE, UPDATEBY, DESCRIPTION) VALUES (45, 'SamplingRequestStatus', 3, 'Comments Provided', 3, null, null, null, null, null);
INSERT INTO PUBLIC.LOOKUP (LOOKUPID, CATEGORY, CODEVALUE, CODEDESCRIPTION, SORTORDER, CREATEDDATE, CREATEDBY, UPDATEDATE, UPDATEBY, DESCRIPTION) VALUES (46, 'SamplingRequestStatus', 4, 'Rejected', 4, null, null, null, null, null);
INSERT INTO PUBLIC.LOOKUP (LOOKUPID, CATEGORY, CODEVALUE, CODEDESCRIPTION, SORTORDER, CREATEDDATE, CREATEDBY, UPDATEDATE, UPDATEBY, DESCRIPTION) VALUES (47, 'SamplingRequestStatus', 5, 'Approved', 5, null, null, null, null, null);
INSERT INTO PUBLIC.LOOKUP (LOOKUPID, CATEGORY, CODEVALUE, CODEDESCRIPTION, SORTORDER, CREATEDDATE, CREATEDBY, UPDATEDATE, UPDATEBY, DESCRIPTION) VALUES (48, 'SamplingRequestStatus', 6, 'Sample Drawn', 6,null, null, null, null, null);
INSERT INTO PUBLIC.LOOKUP (LOOKUPID, CATEGORY, CODEVALUE, CODEDESCRIPTION, SORTORDER, CREATEDDATE, CREATEDBY, UPDATEDATE, UPDATEBY, DESCRIPTION) VALUES (49, 'ImportStatus', 1, 'Success', 1, null, null, null, null, null);
INSERT INTO PUBLIC.LOOKUP (LOOKUPID, CATEGORY, CODEVALUE, CODEDESCRIPTION, SORTORDER, CREATEDDATE, CREATEDBY, UPDATEDATE, UPDATEBY, DESCRIPTION) VALUES (50, 'ImportStatus', 2, 'Failure', 2, null, null, null, null, null);
INSERT INTO PUBLIC.LOOKUP (LOOKUPID, CATEGORY, CODEVALUE, CODEDESCRIPTION, SORTORDER, CREATEDDATE, CREATEDBY, UPDATEDATE, UPDATEBY, DESCRIPTION) VALUES (51, 'SamplingRequestStatus', 7, 'Resubmitted', 7, null, null, null, null, null);
INSERT INTO PUBLIC.LOOKUP (LOOKUPID, CATEGORY, CODEVALUE, CODEDESCRIPTION, SORTORDER, CREATEDDATE, CREATEDBY, UPDATEDATE, UPDATEBY, DESCRIPTION) VALUES (52, 'ImportStatus', 3, 'Reimport', 8, null, null, null, null, null);
INSERT INTO PUBLIC.LOOKUP (LOOKUPID, CATEGORY, CODEVALUE, CODEDESCRIPTION, SORTORDER, CREATEDDATE, CREATEDBY, UPDATEDATE, UPDATEBY, DESCRIPTION) VALUES (53, 'SamplingRequestStatus', 8, 'Reimport Sample', 8, null, null, null, null, null);
INSERT INTO PUBLIC.LOOKUP (LOOKUPID, CATEGORY, CODEVALUE, CODEDESCRIPTION, SORTORDER, CREATEDDATE, CREATEDBY, UPDATEDATE, UPDATEBY, DESCRIPTION) VALUES (54, 'SamplingRequestStatus', 9, 'Sample Reimported', 9, null, null, null, null, null);

-- INSERT INTO PUBLIC.LU_COHORTREPORTINGPERIOD (COHORTSID, REPORTYEAR17, BASELINERP1, BASELINERP2, BASELINERP3, REPORTYEAR19, FOLLOWUP19PR1, FOLLOWUP19PR2, FOLLOWUP19PR3, FOLLOWUP21PR1, FOLLOWUP21PR2, FOLLOWUP21PR3, REPORTYEAR21) VALUES (1, '2011', '2011A', '2011B', '2012A', '2013', '2013A', '2013B', '2014A', '2015A', '2015B', '2016A', '2015');
-- INSERT INTO PUBLIC.LU_COHORTREPORTINGPERIOD (COHORTSID, REPORTYEAR17, BASELINERP1, BASELINERP2, BASELINERP3, REPORTYEAR19, FOLLOWUP19PR1, FOLLOWUP19PR2, FOLLOWUP19PR3, FOLLOWUP21PR1, FOLLOWUP21PR2, FOLLOWUP21PR3, REPORTYEAR21) VALUES (2, '2014', '2014A', '2014B', '2015A', '2016', '2016A', '2016B', '2017A', '2018A', '2018B', '2019A', '2018');
-- INSERT INTO PUBLIC.LU_COHORTREPORTINGPERIOD (COHORTSID, REPORTYEAR17, BASELINERP1, BASELINERP2, BASELINERP3, REPORTYEAR19, FOLLOWUP19PR1, FOLLOWUP19PR2, FOLLOWUP19PR3, FOLLOWUP21PR1, FOLLOWUP21PR2, FOLLOWUP21PR3, REPORTYEAR21) VALUES (3, '2017', '2017A', '2017B', '2018A', '2019', '2019A', '2019B', '2020A', '2021A', '2021B', '2022A', '2021');
-- INSERT INTO PUBLIC.LU_COHORTREPORTINGPERIOD (COHORTSID, REPORTYEAR17, BASELINERP1, BASELINERP2, BASELINERP3, REPORTYEAR19, FOLLOWUP19PR1, FOLLOWUP19PR2, FOLLOWUP19PR3, FOLLOWUP21PR1, FOLLOWUP21PR2, FOLLOWUP21PR3, REPORTYEAR21) VALUES (4, '2020', '2020A', '2020B', '2021A', '2022', '2022A', '2022B', '2023A', '2024A', '2024B', '2025A', '2024');
-- INSERT INTO PUBLIC.LU_COHORTREPORTINGPERIOD (COHORTSID, REPORTYEAR17, BASELINERP1, BASELINERP2, BASELINERP3, REPORTYEAR19, FOLLOWUP19PR1, FOLLOWUP19PR2, FOLLOWUP19PR3, FOLLOWUP21PR1, FOLLOWUP21PR2, FOLLOWUP21PR3, REPORTYEAR21) VALUES (5, '2023', '2023A', '2023B', '2024A', '2025', '2025A', '2025B', '2026A', '2027A', '2027B', '2028A', '2027');
-- INSERT INTO PUBLIC.LU_COHORTREPORTINGPERIOD (COHORTSID, REPORTYEAR17, BASELINERP1, BASELINERP2, BASELINERP3, REPORTYEAR19, FOLLOWUP19PR1, FOLLOWUP19PR2, FOLLOWUP19PR3, FOLLOWUP21PR1, FOLLOWUP21PR2, FOLLOWUP21PR3, REPORTYEAR21) VALUES (6, '2026', '2026A', '2026B', '2027A', '2028', '2028A', '2028B', '2029A', '2030A', '2030B', '2031A', '2030');
-- INSERT INTO PUBLIC.LU_COHORTREPORTINGPERIOD (COHORTSID, REPORTYEAR17, BASELINERP1, BASELINERP2, BASELINERP3, REPORTYEAR19, FOLLOWUP19PR1, FOLLOWUP19PR2, FOLLOWUP19PR3, FOLLOWUP21PR1, FOLLOWUP21PR2, FOLLOWUP21PR3, REPORTYEAR21) VALUES (7, '2029', '2029A', '2029B', '2030A', '2031', '2031A', '2031B', '2032A', '2033A', '2033B', '2034A', '2033');
-- INSERT INTO PUBLIC.LU_COHORTREPORTINGPERIOD (COHORTSID, REPORTYEAR17, BASELINERP1, BASELINERP2, BASELINERP3, REPORTYEAR19, FOLLOWUP19PR1, FOLLOWUP19PR2, FOLLOWUP19PR3, FOLLOWUP21PR1, FOLLOWUP21PR2, FOLLOWUP21PR3, REPORTYEAR21) VALUES (8, '2032', '2032A', '2032B', '2033A', '2034', '2034A', '2034B', '2035A', '2036A', '2036B', '2037A', '2036');
-- INSERT INTO PUBLIC.LU_COHORTREPORTINGPERIOD (COHORTSID, REPORTYEAR17, BASELINERP1, BASELINERP2, BASELINERP3, REPORTYEAR19, FOLLOWUP19PR1, FOLLOWUP19PR2, FOLLOWUP19PR3, FOLLOWUP21PR1, FOLLOWUP21PR2, FOLLOWUP21PR3, REPORTYEAR21) VALUES (9, '2035', '2035A', '2035B', '2036A', '2037', '2037A', '2037B', '2038A', '2039A', '2039B', '2040A', '2039');
-- INSERT INTO PUBLIC.LU_COHORTREPORTINGPERIOD (COHORTSID, REPORTYEAR17, BASELINERP1, BASELINERP2, BASELINERP3, REPORTYEAR19, FOLLOWUP19PR1, FOLLOWUP19PR2, FOLLOWUP19PR3, FOLLOWUP21PR1, FOLLOWUP21PR2, FOLLOWUP21PR3, REPORTYEAR21) VALUES (10, '2038', '2038A', '2038B', '2039A', '2040', '2040A', '2040B', '2041A', '2042A', '2042B', '2043A', '2042');
-- INSERT INTO PUBLIC.LU_COHORTREPORTINGPERIOD (COHORTSID, REPORTYEAR17, BASELINERP1, BASELINERP2, BASELINERP3, REPORTYEAR19, FOLLOWUP19PR1, FOLLOWUP19PR2, FOLLOWUP19PR3, FOLLOWUP21PR1, FOLLOWUP21PR2, FOLLOWUP21PR3, REPORTYEAR21) VALUES (11, '2041', '2041A', '2041B', '2042A', '2043', '2043A', '2043B', '2044A', '2045A', '2045B', '2046A', '2045');
-- INSERT INTO PUBLIC.LU_COHORTREPORTINGPERIOD (COHORTSID, REPORTYEAR17, BASELINERP1, BASELINERP2, BASELINERP3, REPORTYEAR19, FOLLOWUP19PR1, FOLLOWUP19PR2, FOLLOWUP19PR3, FOLLOWUP21PR1, FOLLOWUP21PR2, FOLLOWUP21PR3, REPORTYEAR21) VALUES (12, '2044', '2044A', '2044B', '2045A', '2046', '2046A', '2046B', '2047A', '2048A', '2048B', '2049A', '2048');
-- INSERT INTO PUBLIC.LU_COHORTREPORTINGPERIOD (COHORTSID, REPORTYEAR17, BASELINERP1, BASELINERP2, BASELINERP3, REPORTYEAR19, FOLLOWUP19PR1, FOLLOWUP19PR2, FOLLOWUP19PR3, FOLLOWUP21PR1, FOLLOWUP21PR2, FOLLOWUP21PR3, REPORTYEAR21) VALUES (13, '2047', '2047A', '2047B', '2048A', '2049', '2049A', '2049B', '2050A', '2051A', '2051B', '2052A', '2051');
-- INSERT INTO PUBLIC.LU_COHORTREPORTINGPERIOD (COHORTSID, REPORTYEAR17, BASELINERP1, BASELINERP2, BASELINERP3, REPORTYEAR19, FOLLOWUP19PR1, FOLLOWUP19PR2, FOLLOWUP19PR3, FOLLOWUP21PR1, FOLLOWUP21PR2, FOLLOWUP21PR3, REPORTYEAR21) VALUES (14, '2050', '2050A', '2050B', '2051A', '2052', '2052A', '2052B', '2053A', '2054A', '2054B', '2055A', '2054');
-- INSERT INTO PUBLIC.LU_COHORTREPORTINGPERIOD (COHORTSID, REPORTYEAR17, BASELINERP1, BASELINERP2, BASELINERP3, REPORTYEAR19, FOLLOWUP19PR1, FOLLOWUP19PR2, FOLLOWUP19PR3, FOLLOWUP21PR1, FOLLOWUP21PR2, FOLLOWUP21PR3, REPORTYEAR21) VALUES (15, '2053', '2053A', '2053B', '2054A', '2055', '2055A', '2055B', '2056A', '2057A', '2057B', '2058A', '2057');
-- INSERT INTO PUBLIC.LU_COHORTREPORTINGPERIOD (COHORTSID, REPORTYEAR17, BASELINERP1, BASELINERP2, BASELINERP3, REPORTYEAR19, FOLLOWUP19PR1, FOLLOWUP19PR2, FOLLOWUP19PR3, FOLLOWUP21PR1, FOLLOWUP21PR2, FOLLOWUP21PR3, REPORTYEAR21) VALUES (16, '2056', '2056A', '2056B', '2057A', '2058', '2058A', '2058B', '2059A', '2060A', '2060B', '2061A', '2060');
-- INSERT INTO PUBLIC.LU_COHORTREPORTINGPERIOD (COHORTSID, REPORTYEAR17, BASELINERP1, BASELINERP2, BASELINERP3, REPORTYEAR19, FOLLOWUP19PR1, FOLLOWUP19PR2, FOLLOWUP19PR3, FOLLOWUP21PR1, FOLLOWUP21PR2, FOLLOWUP21PR3, REPORTYEAR21) VALUES (17, '2059', '2059A', '2059B', '2060A', '2061', '2061A', '2061B', '2062A', '2063A', '2063B', '2064A', '2063');

INSERT INTO PUBLIC.REPORTINGPERIOD (REPORTINGPERIODID, NAME, STARTREPORTINGDATE, ENDREPORTINGDATE, OUTCOMEAGE, CREATEDDATE, CREATEDBY, UPDATEDATE, UPDATEBY, DESCRIPTION) VALUES (2, '2011A', parseDateTime('2010-10-01', 'YYYY-MM-DD'), parseDateTime('2011-03-31', 'YYYY-MM-DD'), '17', null, null, null, null, '17');
INSERT INTO PUBLIC.REPORTINGPERIOD (REPORTINGPERIODID, NAME, STARTREPORTINGDATE, ENDREPORTINGDATE, OUTCOMEAGE, CREATEDDATE, CREATEDBY, UPDATEDATE, UPDATEBY, DESCRIPTION) VALUES (3, '2011B', parseDateTime('2011-04-01', 'YYYY-MM-DD'), parseDateTime('2011-09-30', 'YYYY-MM-DD'), '17', null, null, null, null, '17');
INSERT INTO PUBLIC.REPORTINGPERIOD (REPORTINGPERIODID, NAME, STARTREPORTINGDATE, ENDREPORTINGDATE, OUTCOMEAGE, CREATEDDATE, CREATEDBY, UPDATEDATE, UPDATEBY, DESCRIPTION) VALUES (4, '2012A', parseDateTime('2011-10-01', 'YYYY-MM-DD'), parseDateTime('2012-03-31', 'YYYY-MM-DD'), null, null, null, null, null, null);
INSERT INTO PUBLIC.REPORTINGPERIOD (REPORTINGPERIODID, NAME, STARTREPORTINGDATE, ENDREPORTINGDATE, OUTCOMEAGE, CREATEDDATE, CREATEDBY, UPDATEDATE, UPDATEBY, DESCRIPTION) VALUES (5, '2012B', parseDateTime('2012-04-01', 'YYYY-MM-DD'), parseDateTime('2012-09-30', 'YYYY-MM-DD'), null, null, null, null, null, null);
INSERT INTO PUBLIC.REPORTINGPERIOD (REPORTINGPERIODID, NAME, STARTREPORTINGDATE, ENDREPORTINGDATE, OUTCOMEAGE, CREATEDDATE, CREATEDBY, UPDATEDATE, UPDATEBY, DESCRIPTION) VALUES (6, '2013A', parseDateTime('2012-10-01', 'YYYY-MM-DD'), parseDateTime('2013-03-31', 'YYYY-MM-DD'), '19', null, null, null, null, '19');
INSERT INTO PUBLIC.REPORTINGPERIOD (REPORTINGPERIODID, NAME, STARTREPORTINGDATE, ENDREPORTINGDATE, OUTCOMEAGE, CREATEDDATE, CREATEDBY, UPDATEDATE, UPDATEBY, DESCRIPTION) VALUES (7, '2013B', parseDateTime('2013-04-01', 'YYYY-MM-DD'), parseDateTime('2013-09-30', 'YYYY-MM-DD'), '19', null, null, null, null, '19');
INSERT INTO PUBLIC.REPORTINGPERIOD (REPORTINGPERIODID, NAME, STARTREPORTINGDATE, ENDREPORTINGDATE, OUTCOMEAGE, CREATEDDATE, CREATEDBY, UPDATEDATE, UPDATEBY, DESCRIPTION) VALUES (8, '2014A', parseDateTime('2013-10-01', 'YYYY-MM-DD'), parseDateTime('2014-03-31', 'YYYY-MM-DD'), '17', null, null, null, null, '17');
INSERT INTO PUBLIC.REPORTINGPERIOD (REPORTINGPERIODID, NAME, STARTREPORTINGDATE, ENDREPORTINGDATE, OUTCOMEAGE, CREATEDDATE, CREATEDBY, UPDATEDATE, UPDATEBY, DESCRIPTION) VALUES (9, '2014B', parseDateTime('2014-04-01', 'YYYY-MM-DD'), parseDateTime('2014-09-30', 'YYYY-MM-DD'), '17', null, null, null, null, '17');
INSERT INTO PUBLIC.REPORTINGPERIOD (REPORTINGPERIODID, NAME, STARTREPORTINGDATE, ENDREPORTINGDATE, OUTCOMEAGE, CREATEDDATE, CREATEDBY, UPDATEDATE, UPDATEBY, DESCRIPTION) VALUES (1, '2010B', parseDateTime('2010-04-01', 'YYYY-MM-DD'), parseDateTime('2010-09-30', 'YYYY-MM-DD'), null, null, null, null, null, null);
INSERT INTO PUBLIC.REPORTINGPERIOD (REPORTINGPERIODID, NAME, STARTREPORTINGDATE, ENDREPORTINGDATE, OUTCOMEAGE, CREATEDDATE, CREATEDBY, UPDATEDATE, UPDATEBY, DESCRIPTION) VALUES (13, '2016B', parseDateTime('2016-04-01', 'YYYY-MM-DD'), parseDateTime('2016-09-30', 'YYYY-MM-DD'), '19', null, null, null, null, '19');
INSERT INTO PUBLIC.REPORTINGPERIOD (REPORTINGPERIODID, NAME, STARTREPORTINGDATE, ENDREPORTINGDATE, OUTCOMEAGE, CREATEDDATE, CREATEDBY, UPDATEDATE, UPDATEBY, DESCRIPTION) VALUES (10, '2015A', parseDateTime('2014-10-01', 'YYYY-MM-DD'), parseDateTime('2015-03-31', 'YYYY-MM-DD'), '21', null, null, null, null, '21');
INSERT INTO PUBLIC.REPORTINGPERIOD (REPORTINGPERIODID, NAME, STARTREPORTINGDATE, ENDREPORTINGDATE, OUTCOMEAGE, CREATEDDATE, CREATEDBY, UPDATEDATE, UPDATEBY, DESCRIPTION) VALUES (11, '2015B', parseDateTime('2015-04-01', 'YYYY-MM-DD'), parseDateTime('2015-09-30', 'YYYY-MM-DD'), '21', null, null, null, null, '21');
INSERT INTO PUBLIC.REPORTINGPERIOD (REPORTINGPERIODID, NAME, STARTREPORTINGDATE, ENDREPORTINGDATE, OUTCOMEAGE, CREATEDDATE, CREATEDBY, UPDATEDATE, UPDATEBY, DESCRIPTION) VALUES (12, '2016A', parseDateTime('2015-10-01', 'YYYY-MM-DD'), parseDateTime('2016-03-31', 'YYYY-MM-DD'), '19', null, null, null, null, '19');
INSERT INTO PUBLIC.REPORTINGPERIOD (REPORTINGPERIODID, NAME, STARTREPORTINGDATE, ENDREPORTINGDATE, OUTCOMEAGE, CREATEDDATE, CREATEDBY, UPDATEDATE, UPDATEBY, DESCRIPTION) VALUES (14, '2017A', parseDateTime('2016-10-01', 'YYYY-MM-DD'), parseDateTime('2017-03-31', 'YYYY-MM-DD'), '17', parseDateTime('2017-02-06', 'YYYY-MM-DD'), 'SP', parseDateTime('2017-02-06 16:04:59', 'YYYY-MM-DD'), 'SP', null);
INSERT INTO PUBLIC.REPORTINGPERIOD (REPORTINGPERIODID, NAME, STARTREPORTINGDATE, ENDREPORTINGDATE, OUTCOMEAGE, CREATEDDATE, CREATEDBY, UPDATEDATE, UPDATEBY, DESCRIPTION) VALUES (15, '2017B', parseDateTime('2017-04-01', 'YYYY-MM-DD'), parseDateTime('2017-09-30', 'YYYY-MM-DD'), '17', parseDateTime('2017-02-06', 'YYYY-MM-DD'), 'SP', parseDateTime('2017-02-06 16:05:41', 'YYYY-MM-DD'), 'SP', null);
INSERT INTO PUBLIC.REPORTINGPERIOD (REPORTINGPERIODID, NAME, STARTREPORTINGDATE, ENDREPORTINGDATE, OUTCOMEAGE, CREATEDDATE, CREATEDBY, UPDATEDATE, UPDATEBY, DESCRIPTION) VALUES (16, '2018A', parseDateTime('2017-10-01', 'YYYY-MM-DD'), parseDateTime('2018-03-31', 'YYYY-MM-DD'), '21', null, null, null, null, null);
INSERT INTO PUBLIC.REPORTINGPERIOD (REPORTINGPERIODID, NAME, STARTREPORTINGDATE, ENDREPORTINGDATE, OUTCOMEAGE, CREATEDDATE, CREATEDBY, UPDATEDATE, UPDATEBY, DESCRIPTION) VALUES (17, '2018B', parseDateTime('2018-04-01', 'YYYY-MM-DD'), parseDateTime('2018-09-30', 'YYYY-MM-DD'), '21', null, null, null, null, null);
INSERT INTO PUBLIC.REPORTINGPERIOD (REPORTINGPERIODID, NAME, STARTREPORTINGDATE, ENDREPORTINGDATE, OUTCOMEAGE, CREATEDDATE, CREATEDBY, UPDATEDATE, UPDATEBY, DESCRIPTION) VALUES (22, '2021A', parseDateTime('2020-10-01', 'YYYY-MM-DD'), parseDateTime('2021-03-31', 'YYYY-MM-DD'), '21', parseDateTime('2021-03-15', 'YYYY-MM-DD'), 'SP', parseDateTime('2021-03-15 17:53:06', 'YYYY-MM-DD'), 'SP', null);
INSERT INTO PUBLIC.REPORTINGPERIOD (REPORTINGPERIODID, NAME, STARTREPORTINGDATE, ENDREPORTINGDATE, OUTCOMEAGE, CREATEDDATE, CREATEDBY, UPDATEDATE, UPDATEBY, DESCRIPTION) VALUES (23, '2021B', parseDateTime('2021-04-01', 'YYYY-MM-DD'), parseDateTime('2021-09-30', 'YYYY-MM-DD'), '21', parseDateTime('2021-04-06', 'YYYY-MM-DD'), 'SP', parseDateTime('2021-04-06 21:17:42', 'YYYY-MM-DD'), 'SP', null);
INSERT INTO PUBLIC.REPORTINGPERIOD (REPORTINGPERIODID, NAME, STARTREPORTINGDATE, ENDREPORTINGDATE, OUTCOMEAGE, CREATEDDATE, CREATEDBY, UPDATEDATE, UPDATEBY, DESCRIPTION) VALUES (18, '2019A', parseDateTime('2018-10-01', 'YYYY-MM-DD'), parseDateTime('2019-03-31', 'YYYY-MM-DD'), '19', null, null, null, null, null);
INSERT INTO PUBLIC.REPORTINGPERIOD (REPORTINGPERIODID, NAME, STARTREPORTINGDATE, ENDREPORTINGDATE, OUTCOMEAGE, CREATEDDATE, CREATEDBY, UPDATEDATE, UPDATEBY, DESCRIPTION) VALUES (19, '2019B', parseDateTime('2019-04-01', 'YYYY-MM-DD'), parseDateTime('2019-09-30', 'YYYY-MM-DD'), '19', null, null, null, null, null);
INSERT INTO PUBLIC.REPORTINGPERIOD (REPORTINGPERIODID, NAME, STARTREPORTINGDATE, ENDREPORTINGDATE, OUTCOMEAGE, CREATEDDATE, CREATEDBY, UPDATEDATE, UPDATEBY, DESCRIPTION) VALUES (20, '2020A', parseDateTime('2019-10-01', 'YYYY-MM-DD'), parseDateTime('2020-03-31', 'YYYY-MM-DD'), '17', null, null, null, null, null);
INSERT INTO PUBLIC.REPORTINGPERIOD (REPORTINGPERIODID, NAME, STARTREPORTINGDATE, ENDREPORTINGDATE, OUTCOMEAGE, CREATEDDATE, CREATEDBY, UPDATEDATE, UPDATEBY, DESCRIPTION) VALUES (21, '2020B', parseDateTime('2020-04-01', 'YYYY-MM-DD'), parseDateTime('2020-09-30', 'YYYY-MM-DD'), '17', null, null, null, null, null);

INSERT INTO PUBLIC.DUEDATE (DUEDATEID, NAME, SUBMISSIONDATE, TRANSMISSIONTYPEID, REPORTINGPERIODID, CREATEDDATE, CREATEDBY, UPDATEDATE, UPDATEBY, DESCRIPTION, ADJUSTEDDUEDATE) VALUES (1, null, parseDateTime('2010-11-14', 'YYYY-MM-DD'), 2, 1, null, null, null, null, null, null);
INSERT INTO PUBLIC.DUEDATE (DUEDATEID, NAME, SUBMISSIONDATE, TRANSMISSIONTYPEID, REPORTINGPERIODID, CREATEDDATE, CREATEDBY, UPDATEDATE, UPDATEBY, DESCRIPTION, ADJUSTEDDUEDATE) VALUES (2, null, parseDateTime('2011-05-15', 'YYYY-MM-DD'), 3, 1, null, null, null, null, null, null);
INSERT INTO PUBLIC.DUEDATE (DUEDATEID, NAME, SUBMISSIONDATE, TRANSMISSIONTYPEID, REPORTINGPERIODID, CREATEDDATE, CREATEDBY, UPDATEDATE, UPDATEBY, DESCRIPTION, ADJUSTEDDUEDATE) VALUES (3, null, parseDateTime('2011-05-15', 'YYYY-MM-DD'), 2, 2, null, null, null, null, null, null);
INSERT INTO PUBLIC.DUEDATE (DUEDATEID, NAME, SUBMISSIONDATE, TRANSMISSIONTYPEID, REPORTINGPERIODID, CREATEDDATE, CREATEDBY, UPDATEDATE, UPDATEBY, DESCRIPTION, ADJUSTEDDUEDATE) VALUES (4, null, parseDateTime('2011-11-14', 'YYYY-MM-DD'), 3, 2, null, null, null, null, null, null);
INSERT INTO PUBLIC.DUEDATE (DUEDATEID, NAME, SUBMISSIONDATE, TRANSMISSIONTYPEID, REPORTINGPERIODID, CREATEDDATE, CREATEDBY, UPDATEDATE, UPDATEBY, DESCRIPTION, ADJUSTEDDUEDATE) VALUES (5, null, parseDateTime('2011-11-14', 'YYYY-MM-DD'), 2, 3, null, null, null, null, null, null);
INSERT INTO PUBLIC.DUEDATE (DUEDATEID, NAME, SUBMISSIONDATE, TRANSMISSIONTYPEID, REPORTINGPERIODID, CREATEDDATE, CREATEDBY, UPDATEDATE, UPDATEBY, DESCRIPTION, ADJUSTEDDUEDATE) VALUES (6, null, parseDateTime('2012-05-15', 'YYYY-MM-DD'), 3, 3, null, null, null, null, null, null);
INSERT INTO PUBLIC.DUEDATE (DUEDATEID, NAME, SUBMISSIONDATE, TRANSMISSIONTYPEID, REPORTINGPERIODID, CREATEDDATE, CREATEDBY, UPDATEDATE, UPDATEBY, DESCRIPTION, ADJUSTEDDUEDATE) VALUES (7, null, parseDateTime('2012-05-15', 'YYYY-MM-DD'), 2, 4, null, null, null, null, null, null);
INSERT INTO PUBLIC.DUEDATE (DUEDATEID, NAME, SUBMISSIONDATE, TRANSMISSIONTYPEID, REPORTINGPERIODID, CREATEDDATE, CREATEDBY, UPDATEDATE, UPDATEBY, DESCRIPTION, ADJUSTEDDUEDATE) VALUES (8, null, parseDateTime('2012-11-14', 'YYYY-MM-DD'), 3, 4, null, null, null, null, null, null);
INSERT INTO PUBLIC.DUEDATE (DUEDATEID, NAME, SUBMISSIONDATE, TRANSMISSIONTYPEID, REPORTINGPERIODID, CREATEDDATE, CREATEDBY, UPDATEDATE, UPDATEBY, DESCRIPTION, ADJUSTEDDUEDATE) VALUES (9, null, parseDateTime('2012-11-14', 'YYYY-MM-DD'), 2, 5, null, null, null, null, null, null);
INSERT INTO PUBLIC.DUEDATE (DUEDATEID, NAME, SUBMISSIONDATE, TRANSMISSIONTYPEID, REPORTINGPERIODID, CREATEDDATE, CREATEDBY, UPDATEDATE, UPDATEBY, DESCRIPTION, ADJUSTEDDUEDATE) VALUES (10, null, parseDateTime('2013-05-15', 'YYYY-MM-DD'), 3, 5, null, null, null, null, null, null);
INSERT INTO PUBLIC.DUEDATE (DUEDATEID, NAME, SUBMISSIONDATE, TRANSMISSIONTYPEID, REPORTINGPERIODID, CREATEDDATE, CREATEDBY, UPDATEDATE, UPDATEBY, DESCRIPTION, ADJUSTEDDUEDATE) VALUES (11, null, parseDateTime('2013-05-15', 'YYYY-MM-DD'), 2, 6, null, null, null, null, null, null);
INSERT INTO PUBLIC.DUEDATE (DUEDATEID, NAME, SUBMISSIONDATE, TRANSMISSIONTYPEID, REPORTINGPERIODID, CREATEDDATE, CREATEDBY, UPDATEDATE, UPDATEBY, DESCRIPTION, ADJUSTEDDUEDATE) VALUES (12, null, parseDateTime('2013-11-14', 'YYYY-MM-DD'), 3, 6, null, null, null, null, null, null);
INSERT INTO PUBLIC.DUEDATE (DUEDATEID, NAME, SUBMISSIONDATE, TRANSMISSIONTYPEID, REPORTINGPERIODID, CREATEDDATE, CREATEDBY, UPDATEDATE, UPDATEBY, DESCRIPTION, ADJUSTEDDUEDATE) VALUES (13, null, parseDateTime('2013-11-14', 'YYYY-MM-DD'), 2, 7, null, null, null, null, null, null);
INSERT INTO PUBLIC.DUEDATE (DUEDATEID, NAME, SUBMISSIONDATE, TRANSMISSIONTYPEID, REPORTINGPERIODID, CREATEDDATE, CREATEDBY, UPDATEDATE, UPDATEBY, DESCRIPTION, ADJUSTEDDUEDATE) VALUES (14, null, parseDateTime('2014-05-15', 'YYYY-MM-DD'), 3, 7, null, null, null, null, null, null);
INSERT INTO PUBLIC.DUEDATE (DUEDATEID, NAME, SUBMISSIONDATE, TRANSMISSIONTYPEID, REPORTINGPERIODID, CREATEDDATE, CREATEDBY, UPDATEDATE, UPDATEBY, DESCRIPTION, ADJUSTEDDUEDATE) VALUES (15, null, parseDateTime('2014-05-15', 'YYYY-MM-DD'), 2, 8, null, null, null, null, null, null);
INSERT INTO PUBLIC.DUEDATE (DUEDATEID, NAME, SUBMISSIONDATE, TRANSMISSIONTYPEID, REPORTINGPERIODID, CREATEDDATE, CREATEDBY, UPDATEDATE, UPDATEBY, DESCRIPTION, ADJUSTEDDUEDATE) VALUES (16, null, parseDateTime('2014-11-14', 'YYYY-MM-DD'), 3, 8, null, null, null, null, null, null);
INSERT INTO PUBLIC.DUEDATE (DUEDATEID, NAME, SUBMISSIONDATE, TRANSMISSIONTYPEID, REPORTINGPERIODID, CREATEDDATE, CREATEDBY, UPDATEDATE, UPDATEBY, DESCRIPTION, ADJUSTEDDUEDATE) VALUES (17, null, parseDateTime('2014-11-14', 'YYYY-MM-DD'), 2, 9, null, null, null, null, null, null);
INSERT INTO PUBLIC.DUEDATE (DUEDATEID, NAME, SUBMISSIONDATE, TRANSMISSIONTYPEID, REPORTINGPERIODID, CREATEDDATE, CREATEDBY, UPDATEDATE, UPDATEBY, DESCRIPTION, ADJUSTEDDUEDATE) VALUES (18, null, parseDateTime('2011-05-15', 'YYYY-MM-DD'), 3, 9, null, null, null, null, null, null);
INSERT INTO PUBLIC.DUEDATE (DUEDATEID, NAME, SUBMISSIONDATE, TRANSMISSIONTYPEID, REPORTINGPERIODID, CREATEDDATE, CREATEDBY, UPDATEDATE, UPDATEBY, DESCRIPTION, ADJUSTEDDUEDATE) VALUES (19, null, parseDateTime('2015-05-15', 'YYYY-MM-DD'), 2, 10, null, null, null, null, null, null);
INSERT INTO PUBLIC.DUEDATE (DUEDATEID, NAME, SUBMISSIONDATE, TRANSMISSIONTYPEID, REPORTINGPERIODID, CREATEDDATE, CREATEDBY, UPDATEDATE, UPDATEBY, DESCRIPTION, ADJUSTEDDUEDATE) VALUES (20, null, parseDateTime('2015-11-14', 'YYYY-MM-DD'), 3, 10, null, null, null, null, null, null);
INSERT INTO PUBLIC.DUEDATE (DUEDATEID, NAME, SUBMISSIONDATE, TRANSMISSIONTYPEID, REPORTINGPERIODID, CREATEDDATE, CREATEDBY, UPDATEDATE, UPDATEBY, DESCRIPTION, ADJUSTEDDUEDATE) VALUES (21, null, parseDateTime('2015-11-14', 'YYYY-MM-DD'), 2, 11, null, null, null, null, null, null);
INSERT INTO PUBLIC.DUEDATE (DUEDATEID, NAME, SUBMISSIONDATE, TRANSMISSIONTYPEID, REPORTINGPERIODID, CREATEDDATE, CREATEDBY, UPDATEDATE, UPDATEBY, DESCRIPTION, ADJUSTEDDUEDATE) VALUES (22, null, parseDateTime('2016-05-15', 'YYYY-MM-DD'), 3, 11, null, null, null, null, null, null);
INSERT INTO PUBLIC.DUEDATE (DUEDATEID, NAME, SUBMISSIONDATE, TRANSMISSIONTYPEID, REPORTINGPERIODID, CREATEDDATE, CREATEDBY, UPDATEDATE, UPDATEBY, DESCRIPTION, ADJUSTEDDUEDATE) VALUES (23, null, parseDateTime('2016-05-15', 'YYYY-MM-DD'), 2, 12, null, null, null, null, null, null);
INSERT INTO PUBLIC.DUEDATE (DUEDATEID, NAME, SUBMISSIONDATE, TRANSMISSIONTYPEID, REPORTINGPERIODID, CREATEDDATE, CREATEDBY, UPDATEDATE, UPDATEBY, DESCRIPTION, ADJUSTEDDUEDATE) VALUES (24, null, parseDateTime('2016-11-14', 'YYYY-MM-DD'), 3, 12, null, null, null, null, null, null);
INSERT INTO PUBLIC.DUEDATE (DUEDATEID, NAME, SUBMISSIONDATE, TRANSMISSIONTYPEID, REPORTINGPERIODID, CREATEDDATE, CREATEDBY, UPDATEDATE, UPDATEBY, DESCRIPTION, ADJUSTEDDUEDATE) VALUES (25, null, parseDateTime('2016-11-14', 'YYYY-MM-DD'), 2, 13, null, null, null, null, null, null);
INSERT INTO PUBLIC.DUEDATE (DUEDATEID, NAME, SUBMISSIONDATE, TRANSMISSIONTYPEID, REPORTINGPERIODID, CREATEDDATE, CREATEDBY, UPDATEDATE, UPDATEBY, DESCRIPTION, ADJUSTEDDUEDATE) VALUES (26, null, parseDateTime('2017-05-15', 'YYYY-MM-DD'), 3, 13, null, null, null, null, null, null);
INSERT INTO PUBLIC.DUEDATE (DUEDATEID, NAME, SUBMISSIONDATE, TRANSMISSIONTYPEID, REPORTINGPERIODID, CREATEDDATE, CREATEDBY, UPDATEDATE, UPDATEBY, DESCRIPTION, ADJUSTEDDUEDATE) VALUES (27, null, parseDateTime('2017-05-15', 'YYYY-MM-DD'), 2, 14, null, null, null, null, null, null);
INSERT INTO PUBLIC.DUEDATE (DUEDATEID, NAME, SUBMISSIONDATE, TRANSMISSIONTYPEID, REPORTINGPERIODID, CREATEDDATE, CREATEDBY, UPDATEDATE, UPDATEBY, DESCRIPTION, ADJUSTEDDUEDATE) VALUES (28, null, parseDateTime('2017-09-30', 'YYYY-MM-DD'), 3, 14, null, null, null, null, null, null);
INSERT INTO PUBLIC.DUEDATE (DUEDATEID, NAME, SUBMISSIONDATE, TRANSMISSIONTYPEID, REPORTINGPERIODID, CREATEDDATE, CREATEDBY, UPDATEDATE, UPDATEBY, DESCRIPTION, ADJUSTEDDUEDATE) VALUES (30, null, parseDateTime('2018-03-31', 'YYYY-MM-DD'), 3, 15, null, null, null, null, null, null);
INSERT INTO PUBLIC.DUEDATE (DUEDATEID, NAME, SUBMISSIONDATE, TRANSMISSIONTYPEID, REPORTINGPERIODID, CREATEDDATE, CREATEDBY, UPDATEDATE, UPDATEBY, DESCRIPTION, ADJUSTEDDUEDATE) VALUES (29, null, parseDateTime('2017-08-18', 'YYYY-MM-DD'), 2, 15, null, null, null, null, null, null);
INSERT INTO PUBLIC.DUEDATE (DUEDATEID, NAME, SUBMISSIONDATE, TRANSMISSIONTYPEID, REPORTINGPERIODID, CREATEDDATE, CREATEDBY, UPDATEDATE, UPDATEBY, DESCRIPTION, ADJUSTEDDUEDATE) VALUES (31, null, parseDateTime('2018-05-15', 'YYYY-MM-DD'), 2, 16, null, null, null, null, null, null);
INSERT INTO PUBLIC.DUEDATE (DUEDATEID, NAME, SUBMISSIONDATE, TRANSMISSIONTYPEID, REPORTINGPERIODID, CREATEDDATE, CREATEDBY, UPDATEDATE, UPDATEBY, DESCRIPTION, ADJUSTEDDUEDATE) VALUES (32, null, parseDateTime('2018-11-14', 'YYYY-MM-DD'), 3, 16, null, null, null, null, null, null);
INSERT INTO PUBLIC.DUEDATE (DUEDATEID, NAME, SUBMISSIONDATE, TRANSMISSIONTYPEID, REPORTINGPERIODID, CREATEDDATE, CREATEDBY, UPDATEDATE, UPDATEBY, DESCRIPTION, ADJUSTEDDUEDATE) VALUES (33, null, parseDateTime('2018-11-14', 'YYYY-MM-DD'), 2, 17, null, null, null, null, null, null);
INSERT INTO PUBLIC.DUEDATE (DUEDATEID, NAME, SUBMISSIONDATE, TRANSMISSIONTYPEID, REPORTINGPERIODID, CREATEDDATE, CREATEDBY, UPDATEDATE, UPDATEBY, DESCRIPTION, ADJUSTEDDUEDATE) VALUES (34, null, parseDateTime('2019-05-15', 'YYYY-MM-DD'), 3, 17, null, null, null, null, null, null);
INSERT INTO PUBLIC.DUEDATE (DUEDATEID, NAME, SUBMISSIONDATE, TRANSMISSIONTYPEID, REPORTINGPERIODID, CREATEDDATE, CREATEDBY, UPDATEDATE, UPDATEBY, DESCRIPTION, ADJUSTEDDUEDATE) VALUES (43, null, parseDateTime('2021-05-15', 'YYYY-MM-DD'), 2, 22, null, null, null, null, null, null);
INSERT INTO PUBLIC.DUEDATE (DUEDATEID, NAME, SUBMISSIONDATE, TRANSMISSIONTYPEID, REPORTINGPERIODID, CREATEDDATE, CREATEDBY, UPDATEDATE, UPDATEBY, DESCRIPTION, ADJUSTEDDUEDATE) VALUES (44, null, parseDateTime('2021-09-30', 'YYYY-MM-DD'), 3, 22, null, null, null, null, null, null);
INSERT INTO PUBLIC.DUEDATE (DUEDATEID, NAME, SUBMISSIONDATE, TRANSMISSIONTYPEID, REPORTINGPERIODID, CREATEDDATE, CREATEDBY, UPDATEDATE, UPDATEBY, DESCRIPTION, ADJUSTEDDUEDATE) VALUES (45, null, parseDateTime('2021-11-14', 'YYYY-MM-DD'), 2, 23, null, null, null, null, null, null);
INSERT INTO PUBLIC.DUEDATE (DUEDATEID, NAME, SUBMISSIONDATE, TRANSMISSIONTYPEID, REPORTINGPERIODID, CREATEDDATE, CREATEDBY, UPDATEDATE, UPDATEBY, DESCRIPTION, ADJUSTEDDUEDATE) VALUES (46, null, parseDateTime('2022-03-31', 'YYYY-MM-DD'), 3, 23, null, null, null, null, null, null);
INSERT INTO PUBLIC.DUEDATE (DUEDATEID, NAME, SUBMISSIONDATE, TRANSMISSIONTYPEID, REPORTINGPERIODID, CREATEDDATE, CREATEDBY, UPDATEDATE, UPDATEBY, DESCRIPTION, ADJUSTEDDUEDATE) VALUES (35, null, parseDateTime('2019-05-15', 'YYYY-MM-DD'), 2, 18, null, null, null, null, null, null);
INSERT INTO PUBLIC.DUEDATE (DUEDATEID, NAME, SUBMISSIONDATE, TRANSMISSIONTYPEID, REPORTINGPERIODID, CREATEDDATE, CREATEDBY, UPDATEDATE, UPDATEBY, DESCRIPTION, ADJUSTEDDUEDATE) VALUES (36, null, parseDateTime('2019-11-14', 'YYYY-MM-DD'), 3, 18, null, null, null, null, null, null);
INSERT INTO PUBLIC.DUEDATE (DUEDATEID, NAME, SUBMISSIONDATE, TRANSMISSIONTYPEID, REPORTINGPERIODID, CREATEDDATE, CREATEDBY, UPDATEDATE, UPDATEBY, DESCRIPTION, ADJUSTEDDUEDATE) VALUES (37, null, parseDateTime('2019-11-14', 'YYYY-MM-DD'), 2, 19, null, null, null, null, null, null);
INSERT INTO PUBLIC.DUEDATE (DUEDATEID, NAME, SUBMISSIONDATE, TRANSMISSIONTYPEID, REPORTINGPERIODID, CREATEDDATE, CREATEDBY, UPDATEDATE, UPDATEBY, DESCRIPTION, ADJUSTEDDUEDATE) VALUES (38, null, parseDateTime('2020-05-15', 'YYYY-MM-DD'), 3, 19, null, null, null, null, null, null);
INSERT INTO PUBLIC.DUEDATE (DUEDATEID, NAME, SUBMISSIONDATE, TRANSMISSIONTYPEID, REPORTINGPERIODID, CREATEDDATE, CREATEDBY, UPDATEDATE, UPDATEBY, DESCRIPTION, ADJUSTEDDUEDATE) VALUES (39, null, parseDateTime('2020-05-15', 'YYYY-MM-DD'), 2, 20, null, null, null, null, null, null);
INSERT INTO PUBLIC.DUEDATE (DUEDATEID, NAME, SUBMISSIONDATE, TRANSMISSIONTYPEID, REPORTINGPERIODID, CREATEDDATE, CREATEDBY, UPDATEDATE, UPDATEBY, DESCRIPTION, ADJUSTEDDUEDATE) VALUES (40, null, parseDateTime('2020-11-14', 'YYYY-MM-DD'), 3, 20, null, null, null, null, null, null);
INSERT INTO PUBLIC.DUEDATE (DUEDATEID, NAME, SUBMISSIONDATE, TRANSMISSIONTYPEID, REPORTINGPERIODID, CREATEDDATE, CREATEDBY, UPDATEDATE, UPDATEBY, DESCRIPTION, ADJUSTEDDUEDATE) VALUES (41, null, parseDateTime('2020-11-14', 'YYYY-MM-DD'), 2, 21, null, null, null, null, null, null);
INSERT INTO PUBLIC.DUEDATE (DUEDATEID, NAME, SUBMISSIONDATE, TRANSMISSIONTYPEID, REPORTINGPERIODID, CREATEDDATE, CREATEDBY, UPDATEDATE, UPDATEBY, DESCRIPTION, ADJUSTEDDUEDATE) VALUES (42, null, parseDateTime('2021-05-15', 'YYYY-MM-DD'), 3, 21, null, null, null, null, null, null);



INSERT INTO PUBLIC.DERIVEDROLE (DERIVEDROLEID, NAME, PRIMARYUSERROLEID, SECONDARYUSERROLEID, CREATEDDATE, CREATEDBY, UPDATEDATE, UPDATEBY, DESCRIPTION) VALUES (1, 'System Administrator', 1, null, null, null, null, null, null);
INSERT INTO PUBLIC.DERIVEDROLE (DERIVEDROLEID, NAME, PRIMARYUSERROLEID, SECONDARYUSERROLEID, CREATEDDATE, CREATEDBY, UPDATEDATE, UPDATEBY, DESCRIPTION) VALUES (2, 'Central Office User', 2, null, null, null, null, null, null);
INSERT INTO PUBLIC.DERIVEDROLE (DERIVEDROLEID, NAME, PRIMARYUSERROLEID, SECONDARYUSERROLEID, CREATEDDATE, CREATEDBY, UPDATEDATE, UPDATEBY, DESCRIPTION) VALUES (3, 'Central Office Data Team Member', 2, 1, null, null, null, null, null);
INSERT INTO PUBLIC.DERIVEDROLE (DERIVEDROLEID, NAME, PRIMARYUSERROLEID, SECONDARYUSERROLEID, CREATEDDATE, CREATEDBY, UPDATEDATE, UPDATEBY, DESCRIPTION) VALUES (4, 'Central Office Admin', 2, 2, null, null, null, null, null);
INSERT INTO PUBLIC.DERIVEDROLE (DERIVEDROLEID, NAME, PRIMARYUSERROLEID, SECONDARYUSERROLEID, CREATEDDATE, CREATEDBY, UPDATEDATE, UPDATEBY, DESCRIPTION) VALUES (5, 'Central Office Manager', 2, 3, null, null, null, null, null);
INSERT INTO PUBLIC.DERIVEDROLE (DERIVEDROLEID, NAME, PRIMARYUSERROLEID, SECONDARYUSERROLEID, CREATEDDATE, CREATEDBY, UPDATEDATE, UPDATEBY, DESCRIPTION) VALUES (6, 'Regional Office User', 3, null, null, null, null, null, null);
INSERT INTO PUBLIC.DERIVEDROLE (DERIVEDROLEID, NAME, PRIMARYUSERROLEID, SECONDARYUSERROLEID, CREATEDDATE, CREATEDBY, UPDATEDATE, UPDATEBY, DESCRIPTION) VALUES (7, 'Regional Office Admin', 3, 2, null, null, null, null, null);
INSERT INTO PUBLIC.DERIVEDROLE (DERIVEDROLEID, NAME, PRIMARYUSERROLEID, SECONDARYUSERROLEID, CREATEDDATE, CREATEDBY, UPDATEDATE, UPDATEBY, DESCRIPTION) VALUES (8, 'Regional Office Manager', 3, 3, null, null, null, null, null);
INSERT INTO PUBLIC.DERIVEDROLE (DERIVEDROLEID, NAME, PRIMARYUSERROLEID, SECONDARYUSERROLEID, CREATEDDATE, CREATEDBY, UPDATEDATE, UPDATEBY, DESCRIPTION) VALUES (9, 'State User', 4, null, null, null, null, null, null);
INSERT INTO PUBLIC.DERIVEDROLE (DERIVEDROLEID, NAME, PRIMARYUSERROLEID, SECONDARYUSERROLEID, CREATEDDATE, CREATEDBY, UPDATEDATE, UPDATEBY, DESCRIPTION) VALUES (10, 'State Admin', 4, 2, null, null, null, null, null);
INSERT INTO PUBLIC.DERIVEDROLE (DERIVEDROLEID, NAME, PRIMARYUSERROLEID, SECONDARYUSERROLEID, CREATEDDATE, CREATEDBY, UPDATEDATE, UPDATEBY, DESCRIPTION) VALUES (11, 'State Manager', 4, 3, null, null, null, null, null);
INSERT INTO PUBLIC.DERIVEDROLE (DERIVEDROLEID, NAME, PRIMARYUSERROLEID, SECONDARYUSERROLEID, CREATEDDATE, CREATEDBY, UPDATEDATE, UPDATEBY, DESCRIPTION) VALUES (12, 'ICF NYTD Developer - System Admin Version', 1, 4, null, null, null, null, null);
INSERT INTO PUBLIC.DERIVEDROLE (DERIVEDROLEID, NAME, PRIMARYUSERROLEID, SECONDARYUSERROLEID, CREATEDDATE, CREATEDBY, UPDATEDATE, UPDATEBY, DESCRIPTION) VALUES (13, 'ICF NYTD Developer - Central Office Version', 2, 4, null, null, null, null, null);
INSERT INTO PUBLIC.DERIVEDROLE (DERIVEDROLEID, NAME, PRIMARYUSERROLEID, SECONDARYUSERROLEID, CREATEDDATE, CREATEDBY, UPDATEDATE, UPDATEBY, DESCRIPTION) VALUES (14, 'ICF NYTD Developer - Regional Office Version', 3, 4, null, null, null, null, null);
INSERT INTO PUBLIC.DERIVEDROLE (DERIVEDROLEID, NAME, PRIMARYUSERROLEID, SECONDARYUSERROLEID, CREATEDDATE, CREATEDBY, UPDATEDATE, UPDATEBY, DESCRIPTION) VALUES (15, 'ICF NYTD Developer - State Version', 4, 4, null, null, null, null, null);
INSERT INTO PUBLIC.DERIVEDROLE (DERIVEDROLEID, NAME, PRIMARYUSERROLEID, SECONDARYUSERROLEID, CREATEDDATE, CREATEDBY, UPDATEDATE, UPDATEBY, DESCRIPTION) VALUES (16, 'System Administrator', 1, 1, null, null, null, null, null);

INSERT INTO PUBLIC.POPULATION (POPULATIONID, NAME, CREATEDDATE, CREATEDBY, UPDATEDATE, UPDATEBY, DESCRIPTION, POPULATIONTYPE) VALUES (1, 'Served', parseDateTime('2009-09-10', 'YYYY-MM-DD'), null, null, null, null, 'Served');
INSERT INTO PUBLIC.POPULATION (POPULATIONID, NAME, CREATEDDATE, CREATEDBY, UPDATEDATE, UPDATEBY, DESCRIPTION, POPULATIONTYPE) VALUES (2, 'Pre-buffer', parseDateTime('2009-09-10', 'YYYY-MM-DD'), null, null, null, null, 'Baseline');
INSERT INTO PUBLIC.POPULATION (POPULATIONID, NAME, CREATEDDATE, CREATEDBY, UPDATEDATE, UPDATEBY, DESCRIPTION, POPULATIONTYPE) VALUES (3, 'Post-buffer', parseDateTime('2009-09-10', 'YYYY-MM-DD'), null, null, null, null, 'Baseline');
INSERT INTO PUBLIC.POPULATION (POPULATIONID, NAME, CREATEDDATE, CREATEDBY, UPDATEDATE, UPDATEBY, DESCRIPTION, POPULATIONTYPE) VALUES (4, 'Baseline', parseDateTime('2009-09-10', 'YYYY-MM-DD'), null, null, null, null, 'Baseline');
INSERT INTO PUBLIC.POPULATION (POPULATIONID, NAME, CREATEDDATE, CREATEDBY, UPDATEDATE, UPDATEBY, DESCRIPTION, POPULATIONTYPE) VALUES (5, 'Follow-up 19', parseDateTime('2009-09-10', 'YYYY-MM-DD'), null, null, null, null, 'Follow-up');
INSERT INTO PUBLIC.POPULATION (POPULATIONID, NAME, CREATEDDATE, CREATEDBY, UPDATEDATE, UPDATEBY, DESCRIPTION, POPULATIONTYPE) VALUES (6, 'Follow-up 21', parseDateTime('2009-09-10', 'YYYY-MM-DD'), null, null, null, null, 'Follow-up');


-- INSERT INTO PUBLIC.OUTCOMEPOPULATION (POPULATIONID, NAME, CREATEDDATE, CREATEDBY, UPDATEDATE, UPDATEBY, DESCRIPTION) VALUES (2, 'Pre-buffer', parseDateTime('2009-09-10 16:00:35', 'YYYY-MM-DD'), null, null, null, null);
-- INSERT INTO PUBLIC.OUTCOMEPOPULATION (POPULATIONID, NAME, CREATEDDATE, CREATEDBY, UPDATEDATE, UPDATEBY, DESCRIPTION) VALUES (3, 'Post-buffer', parseDateTime('2009-09-10 16:00:35', 'YYYY-MM-DD'), null, null, null, null);
-- INSERT INTO PUBLIC.OUTCOMEPOPULATION (POPULATIONID, NAME, CREATEDDATE, CREATEDBY, UPDATEDATE, UPDATEBY, DESCRIPTION) VALUES (5, 'Follow-up 19', parseDateTime('2009-09-10 16:00:37', 'YYYY-MM-DD'), null, null, null, null);
-- INSERT INTO PUBLIC.OUTCOMEPOPULATION (POPULATIONID, NAME, CREATEDDATE, CREATEDBY, UPDATEDATE, UPDATEBY, DESCRIPTION) VALUES (6, 'Follow-up 21', parseDateTime('2009-09-10 16:00:43', 'YYYY-MM-DD'), null, null, null, null);
-- INSERT INTO PUBLIC.OUTCOMEPOPULATION (POPULATIONID, NAME, CREATEDDATE, CREATEDBY, UPDATEDATE, UPDATEBY, DESCRIPTION) VALUES (4, 'Baseline', parseDateTime('2009-09-10 16:00:47', 'YYYY-MM-DD'), null, null, null, null);

INSERT INTO PUBLIC.PRIVILEGE (PRIVILEGEID, PRIVILEGETYPE, CREATEDDATE, CREATEDBY, UPDATEDATE, UPDATEBY, DESCRIPTION) VALUES (1, 'canAdminAllUsers', null, null, null, null, 'Can administer any user');
INSERT INTO PUBLIC.PRIVILEGE (PRIVILEGEID, PRIVILEGETYPE, CREATEDDATE, CREATEDBY, UPDATEDATE, UPDATEBY, DESCRIPTION) VALUES (2, 'canExportData', null, null, null, null, 'Can export data');
INSERT INTO PUBLIC.PRIVILEGE (PRIVILEGEID, PRIVILEGETYPE, CREATEDDATE, CREATEDBY, UPDATEDATE, UPDATEBY, DESCRIPTION) VALUES (3, 'canAdminOfficeUsers', null, null, null, null, 'Can administer users within an office');
INSERT INTO PUBLIC.PRIVILEGE (PRIVILEGEID, PRIVILEGETYPE, CREATEDDATE, CREATEDBY, UPDATEDATE, UPDATEBY, DESCRIPTION) VALUES (6, 'canSearchByState', null, null, null, null, 'Can search for data by state.');
INSERT INTO PUBLIC.PRIVILEGE (PRIVILEGEID, PRIVILEGETYPE, CREATEDDATE, CREATEDBY, UPDATEDATE, UPDATEBY, DESCRIPTION) VALUES (4, 'canViewTransmissions', null, null, null, null, 'Can view non-submitted file transmissions of office');
INSERT INTO PUBLIC.PRIVILEGE (PRIVILEGEID, PRIVILEGETYPE, CREATEDDATE, CREATEDBY, UPDATEDATE, UPDATEBY, DESCRIPTION) VALUES (5, 'canDeleteAnyTransmission', null, null, null, null, 'Can delete any and all transmissions on the system');
INSERT INTO PUBLIC.PRIVILEGE (PRIVILEGEID, PRIVILEGETYPE, CREATEDDATE, CREATEDBY, UPDATEDATE, UPDATEBY, DESCRIPTION) VALUES (7, 'canSubmitTransmissions', null, null, null, null, 'Can submit transmitted files of office');
INSERT INTO PUBLIC.PRIVILEGE (PRIVILEGEID, PRIVILEGETYPE, CREATEDDATE, CREATEDBY, UPDATEDATE, UPDATEBY, DESCRIPTION) VALUES (8, 'canViewSubmissionAndTransmissionReports', null, null, null, null, 'These reports are for the sysadmin');
INSERT INTO PUBLIC.PRIVILEGE (PRIVILEGEID, PRIVILEGETYPE, CREATEDDATE, CREATEDBY, UPDATEDATE, UPDATEBY, DESCRIPTION) VALUES (9, 'canViewFederalActiveSubmissions', null, 'ng', null, null, 'Ability to search only active submissions for federal users');

-- INSERT INTO PUBLIC.PRIVLEGEDERIVEDROLE (PRIVLEGEDERIVEDROLEID, DERIVEDROLEID, PRIVILEGEID, CREATEDDATE, CREATEDBY, UPDATEDATE, UPDATEBY, DESCRIPTION) VALUES (1, 1, 1, null, null, null, null, null);
-- INSERT INTO PUBLIC.PRIVLEGEDERIVEDROLE (PRIVLEGEDERIVEDROLEID, DERIVEDROLEID, PRIVILEGEID, CREATEDDATE, CREATEDBY, UPDATEDATE, UPDATEBY, DESCRIPTION) VALUES (2, 3, 2, null, null, null, null, null);
-- INSERT INTO PUBLIC.PRIVLEGEDERIVEDROLE (PRIVLEGEDERIVEDROLEID, DERIVEDROLEID, PRIVILEGEID, CREATEDDATE, CREATEDBY, UPDATEDATE, UPDATEBY, DESCRIPTION) VALUES (3, 4, 3, null, null, null, null, null);
-- INSERT INTO PUBLIC.PRIVLEGEDERIVEDROLE (PRIVLEGEDERIVEDROLEID, DERIVEDROLEID, PRIVILEGEID, CREATEDDATE, CREATEDBY, UPDATEDATE, UPDATEBY, DESCRIPTION) VALUES (4, 7, 3, null, null, null, null, null);
-- INSERT INTO PUBLIC.PRIVLEGEDERIVEDROLE (PRIVLEGEDERIVEDROLEID, DERIVEDROLEID, PRIVILEGEID, CREATEDDATE, CREATEDBY, UPDATEDATE, UPDATEBY, DESCRIPTION) VALUES (5, 10, 3, null, null, null, null, null);
-- INSERT INTO PUBLIC.PRIVLEGEDERIVEDROLE (PRIVLEGEDERIVEDROLEID, DERIVEDROLEID, PRIVILEGEID, CREATEDDATE, CREATEDBY, UPDATEDATE, UPDATEBY, DESCRIPTION) VALUES (8, 11, 4, null, null, null, null, null);
-- INSERT INTO PUBLIC.PRIVLEGEDERIVEDROLE (PRIVLEGEDERIVEDROLEID, DERIVEDROLEID, PRIVILEGEID, CREATEDDATE, CREATEDBY, UPDATEDATE, UPDATEBY, DESCRIPTION) VALUES (6, 9, 4, null, null, null, null, null);
-- INSERT INTO PUBLIC.PRIVLEGEDERIVEDROLE (PRIVLEGEDERIVEDROLEID, DERIVEDROLEID, PRIVILEGEID, CREATEDDATE, CREATEDBY, UPDATEDATE, UPDATEBY, DESCRIPTION) VALUES (7, 10, 4, null, null, null, null, null);
-- INSERT INTO PUBLIC.PRIVLEGEDERIVEDROLE (PRIVLEGEDERIVEDROLEID, DERIVEDROLEID, PRIVILEGEID, CREATEDDATE, CREATEDBY, UPDATEDATE, UPDATEBY, DESCRIPTION) VALUES (9, 12, 5, null, null, null, null, null);
-- INSERT INTO PUBLIC.PRIVLEGEDERIVEDROLE (PRIVLEGEDERIVEDROLEID, DERIVEDROLEID, PRIVILEGEID, CREATEDDATE, CREATEDBY, UPDATEDATE, UPDATEBY, DESCRIPTION) VALUES (10, 13, 5, null, null, null, null, null);
-- INSERT INTO PUBLIC.PRIVLEGEDERIVEDROLE (PRIVLEGEDERIVEDROLEID, DERIVEDROLEID, PRIVILEGEID, CREATEDDATE, CREATEDBY, UPDATEDATE, UPDATEBY, DESCRIPTION) VALUES (11, 14, 5, null, null, null, null, null);
-- INSERT INTO PUBLIC.PRIVLEGEDERIVEDROLE (PRIVLEGEDERIVEDROLEID, DERIVEDROLEID, PRIVILEGEID, CREATEDDATE, CREATEDBY, UPDATEDATE, UPDATEBY, DESCRIPTION) VALUES (12, 15, 5, null, null, null, null, null);
-- INSERT INTO PUBLIC.PRIVLEGEDERIVEDROLE (PRIVLEGEDERIVEDROLEID, DERIVEDROLEID, PRIVILEGEID, CREATEDDATE, CREATEDBY, UPDATEDATE, UPDATEBY, DESCRIPTION) VALUES (13, 1, 6, null, null, null, null, null);
-- INSERT INTO PUBLIC.PRIVLEGEDERIVEDROLE (PRIVLEGEDERIVEDROLEID, DERIVEDROLEID, PRIVILEGEID, CREATEDDATE, CREATEDBY, UPDATEDATE, UPDATEBY, DESCRIPTION) VALUES (14, 2, 6, null, null, null, null, null);
-- INSERT INTO PUBLIC.PRIVLEGEDERIVEDROLE (PRIVLEGEDERIVEDROLEID, DERIVEDROLEID, PRIVILEGEID, CREATEDDATE, CREATEDBY, UPDATEDATE, UPDATEBY, DESCRIPTION) VALUES (15, 3, 6, null, null, null, null, null);
-- INSERT INTO PUBLIC.PRIVLEGEDERIVEDROLE (PRIVLEGEDERIVEDROLEID, DERIVEDROLEID, PRIVILEGEID, CREATEDDATE, CREATEDBY, UPDATEDATE, UPDATEBY, DESCRIPTION) VALUES (16, 4, 6, null, null, null, null, null);
-- INSERT INTO PUBLIC.PRIVLEGEDERIVEDROLE (PRIVLEGEDERIVEDROLEID, DERIVEDROLEID, PRIVILEGEID, CREATEDDATE, CREATEDBY, UPDATEDATE, UPDATEBY, DESCRIPTION) VALUES (17, 5, 6, null, null, null, null, null);
-- INSERT INTO PUBLIC.PRIVLEGEDERIVEDROLE (PRIVLEGEDERIVEDROLEID, DERIVEDROLEID, PRIVILEGEID, CREATEDDATE, CREATEDBY, UPDATEDATE, UPDATEBY, DESCRIPTION) VALUES (18, 6, 6, null, null, null, null, null);
-- INSERT INTO PUBLIC.PRIVLEGEDERIVEDROLE (PRIVLEGEDERIVEDROLEID, DERIVEDROLEID, PRIVILEGEID, CREATEDDATE, CREATEDBY, UPDATEDATE, UPDATEBY, DESCRIPTION) VALUES (19, 7, 6, null, null, null, null, null);
-- INSERT INTO PUBLIC.PRIVLEGEDERIVEDROLE (PRIVLEGEDERIVEDROLEID, DERIVEDROLEID, PRIVILEGEID, CREATEDDATE, CREATEDBY, UPDATEDATE, UPDATEBY, DESCRIPTION) VALUES (20, 8, 6, null, null, null, null, null);
-- INSERT INTO PUBLIC.PRIVLEGEDERIVEDROLE (PRIVLEGEDERIVEDROLEID, DERIVEDROLEID, PRIVILEGEID, CREATEDDATE, CREATEDBY, UPDATEDATE, UPDATEBY, DESCRIPTION) VALUES (21, 12, 6, null, null, null, null, null);
-- INSERT INTO PUBLIC.PRIVLEGEDERIVEDROLE (PRIVLEGEDERIVEDROLEID, DERIVEDROLEID, PRIVILEGEID, CREATEDDATE, CREATEDBY, UPDATEDATE, UPDATEBY, DESCRIPTION) VALUES (22, 13, 6, null, null, null, null, null);
-- INSERT INTO PUBLIC.PRIVLEGEDERIVEDROLE (PRIVLEGEDERIVEDROLEID, DERIVEDROLEID, PRIVILEGEID, CREATEDDATE, CREATEDBY, UPDATEDATE, UPDATEBY, DESCRIPTION) VALUES (23, 14, 6, null, null, null, null, null);
-- INSERT INTO PUBLIC.PRIVLEGEDERIVEDROLE (PRIVLEGEDERIVEDROLEID, DERIVEDROLEID, PRIVILEGEID, CREATEDDATE, CREATEDBY, UPDATEDATE, UPDATEBY, DESCRIPTION) VALUES (24, 11, 7, null, null, null, null, null);
-- INSERT INTO PUBLIC.PRIVLEGEDERIVEDROLE (PRIVLEGEDERIVEDROLEID, DERIVEDROLEID, PRIVILEGEID, CREATEDDATE, CREATEDBY, UPDATEDATE, UPDATEBY, DESCRIPTION) VALUES (25, 1, 8, null, null, null, null, null);
-- INSERT INTO PUBLIC.PRIVLEGEDERIVEDROLE (PRIVLEGEDERIVEDROLEID, DERIVEDROLEID, PRIVILEGEID, CREATEDDATE, CREATEDBY, UPDATEDATE, UPDATEBY, DESCRIPTION) VALUES (26, 1, 9, null, 'NG', null, null, null);
-- INSERT INTO PUBLIC.PRIVLEGEDERIVEDROLE (PRIVLEGEDERIVEDROLEID, DERIVEDROLEID, PRIVILEGEID, CREATEDDATE, CREATEDBY, UPDATEDATE, UPDATEBY, DESCRIPTION) VALUES (27, 2, 9, null, 'NG', null, null, null);
-- INSERT INTO PUBLIC.PRIVLEGEDERIVEDROLE (PRIVLEGEDERIVEDROLEID, DERIVEDROLEID, PRIVILEGEID, CREATEDDATE, CREATEDBY, UPDATEDATE, UPDATEBY, DESCRIPTION) VALUES (28, 3, 9,null , 'NG', null, null, null);
-- INSERT INTO PUBLIC.PRIVLEGEDERIVEDROLE (PRIVLEGEDERIVEDROLEID, DERIVEDROLEID, PRIVILEGEID, CREATEDDATE, CREATEDBY, UPDATEDATE, UPDATEBY, DESCRIPTION) VALUES (29, 4, 9, null, 'NG', null, null, null);
-- INSERT INTO PUBLIC.PRIVLEGEDERIVEDROLE (PRIVLEGEDERIVEDROLEID, DERIVEDROLEID, PRIVILEGEID, CREATEDDATE, CREATEDBY, UPDATEDATE, UPDATEBY, DESCRIPTION) VALUES (30, 5, 9, null, 'NG', null, null, null);
-- INSERT INTO PUBLIC.PRIVLEGEDERIVEDROLE (PRIVLEGEDERIVEDROLEID, DERIVEDROLEID, PRIVILEGEID, CREATEDDATE, CREATEDBY, UPDATEDATE, UPDATEBY, DESCRIPTION) VALUES (31, 16, 2, null, 'NG', null, null, null);
-- INSERT INTO PUBLIC.PRIVLEGEDERIVEDROLE (PRIVLEGEDERIVEDROLEID, DERIVEDROLEID, PRIVILEGEID, CREATEDDATE, CREATEDBY, UPDATEDATE, UPDATEBY, DESCRIPTION) VALUES (32, 13, 2, null, null, null, null, null);
-- INSERT INTO PUBLIC.PRIVLEGEDERIVEDROLE (PRIVLEGEDERIVEDROLEID, DERIVEDROLEID, PRIVILEGEID, CREATEDDATE, CREATEDBY, UPDATEDATE, UPDATEBY, DESCRIPTION) VALUES (33, 13, 9, null, null, null, null, null);


INSERT INTO PUBLIC.SITEUSER (SITEUSERID, USERNAME, PASSWORD, FIRSTNAME, LASTNAME, EMAILADDRESS, PHONENUMBER, PRIMARYUSERROLEID, EMAILNOTIFICATION, LOCKED, CREATEDDATE, CREATEDBY, UPDATEDATE, UPDATEBY, DESCRIPTION, TIMELOCKED, PWCHANGEKEY, REGIONID, STATEID, ISDELETED, PWCHANGEDDATE, PWTEMPORARY) VALUES (41, 'miuser', 'z5coopFNptAp4D9tfdIWHWHWdACUO2KzpyvNfBoHqqRfrtX2poFobsagT+nhyYcA6yTnftFkNNN7Q5QFflW4OW5fAzQ+BRCp', 'miuser', 'miuser', 'mduser@abc.com', null, 4, 'F', 0, parseDateTime('2016-02-15 09:20:00', 'YYYY-MM-DD HH:mm:ss'), 'sysadmin', parseDateTime('2016-02-15 09:20:00', 'YYYY-MM-DD HH:mm:ss'), 'sysadmin', null, null, null, null, 28, 'T', parseDateTime('2017-04-20 14:47:44', 'YYYY-MM-DD HH:mm:ss'), 'F');
INSERT INTO PUBLIC.SITEUSER (SITEUSERID, USERNAME, PASSWORD, FIRSTNAME, LASTNAME, EMAILADDRESS, PHONENUMBER, PRIMARYUSERROLEID, EMAILNOTIFICATION, LOCKED, CREATEDDATE, CREATEDBY, UPDATEDATE, UPDATEBY, DESCRIPTION, TIMELOCKED, PWCHANGEKEY, REGIONID, STATEID, ISDELETED, PWCHANGEDDATE, PWTEMPORARY) VALUES (95, 'USERT6', null, 'USERT6', 'USERT6', 'nmallela@icfi.com', null, 2, 'F', 0, parseDateTime('2017-05-08 18:38:05', 'YYYY-MM-DD HH:mm:ss'), 'sysadmin', parseDateTime('2017-05-08 18:38:09', 'YYYY-MM-DD HH:mm:ss'), 'sysadmin', null, null, null, null, null, 'F', parseDateTime('2017-04-20 14:47:44', 'YYYY-MM-DD HH:mm:ss'), 'F');
INSERT INTO PUBLIC.SITEUSER (SITEUSERID, USERNAME, PASSWORD, FIRSTNAME, LASTNAME, EMAILADDRESS, PHONENUMBER, PRIMARYUSERROLEID, EMAILNOTIFICATION, LOCKED, CREATEDDATE, CREATEDBY, UPDATEDATE, UPDATEBY, DESCRIPTION, TIMELOCKED, PWCHANGEKEY, REGIONID, STATEID, ISDELETED, PWCHANGEDDATE, PWTEMPORARY) VALUES (66, 'sa2', '8lzTx0kvbIolgaa2Rl1HMrG9vzM+mPI0qc246QydiothFXCQihyQIWR5scUI4jWUC8oMU5/Kqegz+V+EfYmNqX0soa0GbdO4', 'sa2', 'sa2', 'nmallela@icfi.com', null, 2, 'F', 0, parseDateTime('2017-05-08 18:38:05', 'YYYY-MM-DD HH:mm:ss'), 'sysadmin', parseDateTime('2017-05-08 18:38:09', 'YYYY-MM-DD HH:mm:ss'), 'sysadmin', null, null, null, null, null, 'F', parseDateTime('2017-04-20 14:47:44', 'YYYY-MM-DD HH:mm:ss'), 'F');
INSERT INTO PUBLIC.SITEUSER (SITEUSERID, USERNAME, PASSWORD, FIRSTNAME, LASTNAME, EMAILADDRESS, PHONENUMBER, PRIMARYUSERROLEID, EMAILNOTIFICATION, LOCKED, CREATEDDATE, CREATEDBY, UPDATEDATE, UPDATEBY, DESCRIPTION, TIMELOCKED, PWCHANGEKEY, REGIONID, STATEID, ISDELETED, PWCHANGEDDATE, PWTEMPORARY) VALUES (67, 'su1', 'Ib/6vX1WzjwkBHQmC/DOKPv4ciPo9hnizfWiVAtEOpUJlgBYkM3WGAC4UJU4hf8hrKbi2VbvJcyh94LKlMUS1PUlAhg5BtXu', 'su1', 'su1', 'test1@abc.com', null, 4, 'F', 0, parseDateTime('2016-02-15 09:20:00', 'YYYY-MM-DD HH:mm:ss'), 'sysadmin', parseDateTime('2016-02-15 09:20:00', 'YYYY-MM-DD HH:mm:ss'), 'sysadmin', null, null, null, null, 7, 'F', parseDateTime('2017-04-20 14:47:44', 'YYYY-MM-DD HH:mm:ss'), 'F');
INSERT INTO PUBLIC.SITEUSER (SITEUSERID, USERNAME, PASSWORD, FIRSTNAME, LASTNAME, EMAILADDRESS, PHONENUMBER, PRIMARYUSERROLEID, EMAILNOTIFICATION, LOCKED, CREATEDDATE, CREATEDBY, UPDATEDATE, UPDATEBY, DESCRIPTION, TIMELOCKED, PWCHANGEKEY, REGIONID, STATEID, ISDELETED, PWCHANGEDDATE, PWTEMPORARY) VALUES (87, 'cb8', null, 'cb8', 'cb8', 'nmallela@icfi.com', '1234567898', 2, 'T', 0, parseDateTime('2017-05-08 18:38:05', 'YYYY-MM-DD HH:mm:ss'), 'sysadmin', parseDateTime('2017-05-08 18:38:09', 'YYYY-MM-DD HH:mm:ss'), 'sysadmin', null, null, null, null, null, 'F', parseDateTime('2017-04-20 14:47:44', 'YYYY-MM-DD HH:mm:ss'), 'F');
INSERT INTO PUBLIC.SITEUSER (SITEUSERID, USERNAME, PASSWORD, FIRSTNAME, LASTNAME, EMAILADDRESS, PHONENUMBER, PRIMARYUSERROLEID, EMAILNOTIFICATION, LOCKED, CREATEDDATE, CREATEDBY, UPDATEDATE, UPDATEBY, DESCRIPTION, TIMELOCKED, PWCHANGEKEY, REGIONID, STATEID, ISDELETED, PWCHANGEDDATE, PWTEMPORARY) VALUES (90, 'ru2', null, 'ru2', 'ru2', 'nmallela@icfi.com', '1234567890', 3, 'F', 0, parseDateTime('2017-05-08 18:38:05', 'YYYY-MM-DD HH:mm:ss'), 'sysadmin', parseDateTime('2018-05-15 08:36:37', 'YYYY-MM-DD HH:mm:ss'), 'sysadmin', null, null, null, 3, 13, 'F', parseDateTime('2017-04-20 14:47:44', 'YYYY-MM-DD HH:mm:ss'), 'F');
INSERT INTO PUBLIC.SITEUSER (SITEUSERID, USERNAME, PASSWORD, FIRSTNAME, LASTNAME, EMAILADDRESS, PHONENUMBER, PRIMARYUSERROLEID, EMAILNOTIFICATION, LOCKED, CREATEDDATE, CREATEDBY, UPDATEDATE, UPDATEBY, DESCRIPTION, TIMELOCKED, PWCHANGEKEY, REGIONID, STATEID, ISDELETED, PWCHANGEDDATE, PWTEMPORARY) VALUES (181, 'oregon_user', 'LANLD0CQUDiL9TVAvYt9lMA3xUQ0zvf5/LRjcejflXabLwsgHmWAJdMJj+IuO91q4TV62mh5AGUzKPLMJhi9MqfEuqp6b52E', 'oregon_user', 'oregon_user', 'a@ab.com', null, 4, 'F', 0, parseDateTime('2016-09-16 11:48:06', 'YYYY-MM-DD HH:mm:ss'), 'sysadmin', parseDateTime('2016-09-16 11:48:06', 'YYYY-MM-DD HH:mm:ss'), 'sysadmin', null, null, null, null, 43, 'F', parseDateTime('2017-04-20 14:47:44', 'YYYY-MM-DD HH:mm:ss'), 'F');
INSERT INTO PUBLIC.SITEUSER (SITEUSERID, USERNAME, PASSWORD, FIRSTNAME, LASTNAME, EMAILADDRESS, PHONENUMBER, PRIMARYUSERROLEID, EMAILNOTIFICATION, LOCKED, CREATEDDATE, CREATEDBY, UPDATEDATE, UPDATEBY, DESCRIPTION, TIMELOCKED, PWCHANGEKEY, REGIONID, STATEID, ISDELETED, PWCHANGEDDATE, PWTEMPORARY) VALUES (281, 'causer', '44qe9nVo9ZHGg6VqqM8ttKCsET2dgFM40ZmyeE6RfYm5urjQnMxZe0uBaSUGzs6E69ETqmAcjKMl6kTgWld1QP6xPFbuMP1v', 'California', 'User', 'dschulze@icfi.com', null, 4, 'F', 0, parseDateTime('2017-05-08 18:38:05', 'YYYY-MM-DD HH:mm:ss'), 'sysadmin', parseDateTime('2017-05-08 18:38:09', 'YYYY-MM-DD HH:mm:ss'), 'sysadmin', null, null, null, null, 6, 'F', parseDateTime('2017-04-20 14:47:44', 'YYYY-MM-DD HH:mm:ss'), 'F');
INSERT INTO PUBLIC.SITEUSER (SITEUSERID, USERNAME, PASSWORD, FIRSTNAME, LASTNAME, EMAILADDRESS, PHONENUMBER, PRIMARYUSERROLEID, EMAILNOTIFICATION, LOCKED, CREATEDDATE, CREATEDBY, UPDATEDATE, UPDATEBY, DESCRIPTION, TIMELOCKED, PWCHANGEKEY, REGIONID, STATEID, ISDELETED, PWCHANGEDDATE, PWTEMPORARY) VALUES (341, 'nmuser', '3JvcR+q+UbYXUntLi3yy9eF4RkF67pLirjca7jWD5AFdhldGPG/3ruVm3l+oQjvRk+FKzym4PntfSLqXyf2sr1kvzR584fo0', 'New Mexico', 'User', 'dschulze@icfi.com', null, 4, 'F', 0, parseDateTime('2017-05-08 18:38:05', 'YYYY-MM-DD HH:mm:ss'), 'sysadmin', parseDateTime('2017-05-08 18:38:09', 'YYYY-MM-DD HH:mm:ss'), 'sysadmin', null, null, null, null, 37, 'F', parseDateTime('2017-04-20 14:47:44', 'YYYY-MM-DD HH:mm:ss'), 'F');
INSERT INTO PUBLIC.SITEUSER (SITEUSERID, USERNAME, PASSWORD, FIRSTNAME, LASTNAME, EMAILADDRESS, PHONENUMBER, PRIMARYUSERROLEID, EMAILNOTIFICATION, LOCKED, CREATEDDATE, CREATEDBY, UPDATEDATE, UPDATEBY, DESCRIPTION, TIMELOCKED, PWCHANGEKEY, REGIONID, STATEID, ISDELETED, PWCHANGEDDATE, PWTEMPORARY) VALUES (361, 'akuser', 'jRtJ0mGZvc/aw9kAChTCm0caC/NcMjMnBCXKNnLOueJEBTVwjZ9HS34Ccl45OYzhE7Eirsbn8eQdKbjrB51Op4ZNNB3TnEtv', 'Alaska', 'User', 'dschulze@icfi.com', null, 4, 'F', 0, parseDateTime('2017-01-16 17:00:55', 'YYYY-MM-DD HH:mm:ss'), 'sysadmin', parseDateTime('2017-01-16 17:00:55', 'YYYY-MM-DD HH:mm:ss'), 'sysadmin', null, null, null, null, 2, 'T', parseDateTime('2017-04-20 14:47:44', 'YYYY-MM-DD HH:mm:ss'), 'F');
INSERT INTO PUBLIC.SITEUSER (SITEUSERID, USERNAME, PASSWORD, FIRSTNAME, LASTNAME, EMAILADDRESS, PHONENUMBER, PRIMARYUSERROLEID, EMAILNOTIFICATION, LOCKED, CREATEDDATE, CREATEDBY, UPDATEDATE, UPDATEBY, DESCRIPTION, TIMELOCKED, PWCHANGEKEY, REGIONID, STATEID, ISDELETED, PWCHANGEDDATE, PWTEMPORARY) VALUES (382, 'nyuser', 'UmiIeJN6MRhCVGiWfphZR9KxEd9TrATw8FoHa9jgLYYwnyXDvZ2oWNRlmXR9qhy81I1E3cu90tUZdJ/NtwjBQqRJfpBpn1rO', 'New York', 'User', 'dschulze@icfi.com', null, 4, 'F', 0, parseDateTime('2017-05-08 18:38:05', 'YYYY-MM-DD HH:mm:ss'), 'sysadmin', parseDateTime('2017-05-08 18:38:09', 'YYYY-MM-DD HH:mm:ss'), 'sysadmin', null, null, null, null, 38, 'F', parseDateTime('2017-04-20 14:47:44', 'YYYY-MM-DD HH:mm:ss'), 'F');
INSERT INTO PUBLIC.SITEUSER (SITEUSERID, USERNAME, PASSWORD, FIRSTNAME, LASTNAME, EMAILADDRESS, PHONENUMBER, PRIMARYUSERROLEID, EMAILNOTIFICATION, LOCKED, CREATEDDATE, CREATEDBY, UPDATEDATE, UPDATEBY, DESCRIPTION, TIMELOCKED, PWCHANGEKEY, REGIONID, STATEID, ISDELETED, PWCHANGEDDATE, PWTEMPORARY) VALUES (441, 'neuser', 'iyc46Izf+UGgAldwWEluCbfLrF8zZ3gx/VNGFBlgN6lppIczXzrf3Oi8EalFTuG5JLl1zTvlxSHGdI9qU61nMz4KGUl6beCC', 'Nebraska', 'User', 'null@null.com', null, 4, 'F', 0, parseDateTime('2017-05-08 18:38:05', 'YYYY-MM-DD HH:mm:ss'), 'sysadmin', parseDateTime('2017-05-08 18:38:09', 'YYYY-MM-DD HH:mm:ss'), 'sysadmin', null, null, null, null, 33, 'F', parseDateTime('2017-04-20 14:47:44', 'YYYY-MM-DD HH:mm:ss'), 'F');
INSERT INTO PUBLIC.SITEUSER (SITEUSERID, USERNAME, PASSWORD, FIRSTNAME, LASTNAME, EMAILADDRESS, PHONENUMBER, PRIMARYUSERROLEID, EMAILNOTIFICATION, LOCKED, CREATEDDATE, CREATEDBY, UPDATEDATE, UPDATEBY, DESCRIPTION, TIMELOCKED, PWCHANGEKEY, REGIONID, STATEID, ISDELETED, PWCHANGEDDATE, PWTEMPORARY) VALUES (442, 'azuser', 'l8hQY7HK2M06M2jY27fYDwKT1vf5fSXzk+rgU1OqiI9gHnlx9PIqp2F3+B+X7qC4NH+SoyV6llRztqTuY5VB7hE2jLKQuSvL', 'Arizona', 'User', 'null@null.com', null, 4, 'F', 0, parseDateTime('2017-05-08 18:38:05', 'YYYY-MM-DD HH:mm:ss'), 'sysadmin', parseDateTime('2017-05-08 18:38:09', 'YYYY-MM-DD HH:mm:ss'), 'sysadmin', null, null, null, null, 4, 'F', parseDateTime('2017-04-20 14:47:44', 'YYYY-MM-DD HH:mm:ss'), 'F');
INSERT INTO PUBLIC.SITEUSER (SITEUSERID, USERNAME, PASSWORD, FIRSTNAME, LASTNAME, EMAILADDRESS, PHONENUMBER, PRIMARYUSERROLEID, EMAILNOTIFICATION, LOCKED, CREATEDDATE, CREATEDBY, UPDATEDATE, UPDATEBY, DESCRIPTION, TIMELOCKED, PWCHANGEKEY, REGIONID, STATEID, ISDELETED, PWCHANGEDDATE, PWTEMPORARY) VALUES (103, 'reesRegionalUser', 'ruh+gJ7A2oIhGHTtC+eG6oWmrhuS1dHWDjSpCWVbkxz2lVEgvT35DZx/EYTqdUdWpBttJ7BPw2Jt0PYfi3u4m7sja8IazQWo', 'Rees', 'Byars', 'rees.byars@icfi.com', null, 3, 'F', 0, parseDateTime('2017-05-08 18:38:05', 'YYYY-MM-DD HH:mm:ss'), 'sysadmin', parseDateTime('2017-05-08 18:38:09', 'YYYY-MM-DD HH:mm:ss'), 'sysadmin', null, null, null, 5, null, 'F', parseDateTime('2017-04-20 14:47:44', 'YYYY-MM-DD HH:mm:ss'), 'F');
INSERT INTO PUBLIC.SITEUSER (SITEUSERID, USERNAME, PASSWORD, FIRSTNAME, LASTNAME, EMAILADDRESS, PHONENUMBER, PRIMARYUSERROLEID, EMAILNOTIFICATION, LOCKED, CREATEDDATE, CREATEDBY, UPDATEDATE, UPDATEBY, DESCRIPTION, TIMELOCKED, PWCHANGEKEY, REGIONID, STATEID, ISDELETED, PWCHANGEDDATE, PWTEMPORARY) VALUES (121, 'kpandya', 'HbEt4O/gYZD2PRCpDxe+EGtrSrQK0wjf4IDOPAnmg0kYvsAogGyX6T0OlS5EzuSuQDqoG5BGXnr3SBMLWOWs1pYMzTq1KneY', 'K', 'P', 'kpandya@icfi.com', null, 1, 'F', 0, parseDateTime('2017-05-08 18:38:05', 'YYYY-MM-DD HH:mm:ss'), 'sysadmin', parseDateTime('2017-05-08 18:38:09', 'YYYY-MM-DD HH:mm:ss'), 'sysadmin', null, null, null, null, null, 'F', parseDateTime('2017-04-20 14:47:44', 'YYYY-MM-DD HH:mm:ss'), 'F');
INSERT INTO PUBLIC.SITEUSER (SITEUSERID, USERNAME, PASSWORD, FIRSTNAME, LASTNAME, EMAILADDRESS, PHONENUMBER, PRIMARYUSERROLEID, EMAILNOTIFICATION, LOCKED, CREATEDDATE, CREATEDBY, UPDATEDATE, UPDATEBY, DESCRIPTION, TIMELOCKED, PWCHANGEKEY, REGIONID, STATEID, ISDELETED, PWCHANGEDDATE, PWTEMPORARY) VALUES (122, 'testuser', '390lRKCzgdkJWx7OATsto2MfBfidY24YldQTRpcN1eP97wjLT20XpEKiJrBvEV25pghGpYeqAKMHSrEy4ZeaviubtCFw6dMA', 'testuser', 'testuser', 'kpandya@icfi.com', null, 4, 'F', 0, parseDateTime('2017-05-08 18:38:05', 'YYYY-MM-DD HH:mm:ss'), 'sysadmin', parseDateTime('2017-05-08 18:38:09', 'YYYY-MM-DD HH:mm:ss'), 'sysadmin', null, null, null, null, 55, 'F', parseDateTime('2017-04-20 14:47:44', 'YYYY-MM-DD HH:mm:ss'), 'F');
INSERT INTO PUBLIC.SITEUSER (SITEUSERID, USERNAME, PASSWORD, FIRSTNAME, LASTNAME, EMAILADDRESS, PHONENUMBER, PRIMARYUSERROLEID, EMAILNOTIFICATION, LOCKED, CREATEDDATE, CREATEDBY, UPDATEDATE, UPDATEBY, DESCRIPTION, TIMELOCKED, PWCHANGEKEY, REGIONID, STATEID, ISDELETED, PWCHANGEDDATE, PWTEMPORARY) VALUES (123, 'tnuser', 'rr/GzcsKoSbnb+hHBM7C95Le/C5U0QGETClkUq1bvlKyejs1GIRI5YHSREy+uh6kdi4nEmJifTZRP7EerLgPxzprkd6/5+wF', 'tnuser', 'tnuser', 'kpandya@icfi.com', null, 4, 'F', 0, parseDateTime('2017-05-08 18:38:05', 'YYYY-MM-DD HH:mm:ss'), 'sysadmin', parseDateTime('2017-05-08 18:38:09', 'YYYY-MM-DD HH:mm:ss'), 'sysadmin', null, null, null, null, 50, 'F', parseDateTime('2017-04-20 14:47:44', 'YYYY-MM-DD HH:mm:ss'), 'F');
INSERT INTO PUBLIC.SITEUSER (SITEUSERID, USERNAME, PASSWORD, FIRSTNAME, LASTNAME, EMAILADDRESS, PHONENUMBER, PRIMARYUSERROLEID, EMAILNOTIFICATION, LOCKED, CREATEDDATE, CREATEDBY, UPDATEDATE, UPDATEBY, DESCRIPTION, TIMELOCKED, PWCHANGEKEY, REGIONID, STATEID, ISDELETED, PWCHANGEDDATE, PWTEMPORARY) VALUES (124, 'federal', 'lz2WqBc7maQQWCj9cWBNY63MjuQdtL8R4H6bHLreK0GfSgLn1EzAQUPU34pcjFOrRqLD+U5eoBNq7j+YWYBkMgGq2CXn1XPo', 'federal', 'federal', 'kpandya@icfi.com', null, 2, 'F', 0, parseDateTime('2017-05-08 18:38:05', 'YYYY-MM-DD HH:mm:ss'), 'sysadmin', parseDateTime('2017-05-08 18:38:09', 'YYYY-MM-DD HH:mm:ss'), 'sysadmin', null, null, null, null, null, 'F', parseDateTime('2017-04-20 14:47:44', 'YYYY-MM-DD HH:mm:ss'), 'F');
INSERT INTO PUBLIC.SITEUSER (SITEUSERID, USERNAME, PASSWORD, FIRSTNAME, LASTNAME, EMAILADDRESS, PHONENUMBER, PRIMARYUSERROLEID, EMAILNOTIFICATION, LOCKED, CREATEDDATE, CREATEDBY, UPDATEDATE, UPDATEBY, DESCRIPTION, TIMELOCKED, PWCHANGEKEY, REGIONID, STATEID, ISDELETED, PWCHANGEDDATE, PWTEMPORARY) VALUES (182, 'sat1', 'eoVhlXhIdTGSczqf1IOf86GmVUxbfLalJmrOKmI1zT0i5D/KA9gheyADyp+JXWaKKBXyQuOdtvWLrHvky4Djj+xRsv1xsWje', 'sat1', 'sat1', 'nmallela@icfi.com', null, 1, 'F', 0, parseDateTime('2016-12-20 16:42:32', 'YYYY-MM-DD HH:mm:ss'), 'sysadmin', parseDateTime('2016-12-20 16:42:32', 'YYYY-MM-DD HH:mm:ss'), 'sysadmin', null, null, null, null, null, 'F', parseDateTime('2017-04-20 14:47:44', 'YYYY-MM-DD HH:mm:ss'), 'F');
INSERT INTO PUBLIC.SITEUSER (SITEUSERID, USERNAME, PASSWORD, FIRSTNAME, LASTNAME, EMAILADDRESS, PHONENUMBER, PRIMARYUSERROLEID, EMAILNOTIFICATION, LOCKED, CREATEDDATE, CREATEDBY, UPDATEDATE, UPDATEBY, DESCRIPTION, TIMELOCKED, PWCHANGEKEY, REGIONID, STATEID, ISDELETED, PWCHANGEDDATE, PWTEMPORARY) VALUES (303, 'dcuser', 'wh8/6Iu/Shz4EYEIXggHS8czI6ca6UPMJhmuVIISLQVDsH3D6I0q4/cSl5n/oq+nfy/YNPQItQqSnNBtVH+Xel+CjGZ5GY5M', 'DC', 'User', 'dschulze@icfi.com', null, 4, 'F', 0, parseDateTime('2017-05-08 18:38:05', 'YYYY-MM-DD HH:mm:ss'), 'sysadmin', parseDateTime('2017-05-08 18:38:09', 'YYYY-MM-DD HH:mm:ss'), 'sysadmin', null, null, null, null, 11, 'F', parseDateTime('2017-04-20 14:47:44', 'YYYY-MM-DD HH:mm:ss'), 'F');
INSERT INTO PUBLIC.SITEUSER (SITEUSERID, USERNAME, PASSWORD, FIRSTNAME, LASTNAME, EMAILADDRESS, PHONENUMBER, PRIMARYUSERROLEID, EMAILNOTIFICATION, LOCKED, CREATEDDATE, CREATEDBY, UPDATEDATE, UPDATEBY, DESCRIPTION, TIMELOCKED, PWCHANGEKEY, REGIONID, STATEID, ISDELETED, PWCHANGEDDATE, PWTEMPORARY) VALUES (304, 'nduser', 'I9m7aUpodqOpxAsY95j5L7LyO7oEwWod/8XA1sQm2vhQaCLQhnhZnmP4heZsx6ytCW2GerHwwfUBx6DHY+BYwic7rZcn4SjZ', 'North Dakota', 'User', 'dschulze@icfi.com', null, 4, 'F', 0, parseDateTime('2017-05-08 18:38:05', 'YYYY-MM-DD HH:mm:ss'), 'sysadmin', parseDateTime('2017-05-08 18:38:09', 'YYYY-MM-DD HH:mm:ss'), 'sysadmin', null, null, null, null, 40, 'F', parseDateTime('2017-04-20 14:47:44', 'YYYY-MM-DD HH:mm:ss'), 'F');
INSERT INTO PUBLIC.SITEUSER (SITEUSERID, USERNAME, PASSWORD, FIRSTNAME, LASTNAME, EMAILADDRESS, PHONENUMBER, PRIMARYUSERROLEID, EMAILNOTIFICATION, LOCKED, CREATEDDATE, CREATEDBY, UPDATEDATE, UPDATEBY, DESCRIPTION, TIMELOCKED, PWCHANGEKEY, REGIONID, STATEID, ISDELETED, PWCHANGEDDATE, PWTEMPORARY) VALUES (321, 'mtuser', 'lCD3mdkIg/ZjGCTKaS+TZWRJsjC4c8h7skJaSmjUWlLxVw5yhEnWwlpN9x208W/grU7rlVUPYqrxWvSfv8UsnsZ30ez13aUk', 'Montana', 'User', 'dschulze@icfi.com', null, 4, 'F', 0, parseDateTime('2017-05-08 18:38:05', 'YYYY-MM-DD HH:mm:ss'), 'sysadmin', parseDateTime('2017-05-08 18:38:09', 'YYYY-MM-DD HH:mm:ss'), 'sysadmin', null, null, null, null, 32, 'F', parseDateTime('2017-04-20 14:47:44', 'YYYY-MM-DD HH:mm:ss'), 'F');
INSERT INTO PUBLIC.SITEUSER (SITEUSERID, USERNAME, PASSWORD, FIRSTNAME, LASTNAME, EMAILADDRESS, PHONENUMBER, PRIMARYUSERROLEID, EMAILNOTIFICATION, LOCKED, CREATEDDATE, CREATEDBY, UPDATEDATE, UPDATEBY, DESCRIPTION, TIMELOCKED, PWCHANGEKEY, REGIONID, STATEID, ISDELETED, PWCHANGEDDATE, PWTEMPORARY) VALUES (348, 'vtuser', 'SJlNk0EtfbMmBh0dcO7H7PV5N3GezoRaJ/H72UT5I4pPanyiTkxXKXATtmoHmCzsEmqaQnm0H47KQA8qIASd9vcCL1SUeMUL', 'Vermont', 'User', 'dschulze@icfi.com', null, 4, 'F', 0, parseDateTime('2017-05-08 18:38:05', 'YYYY-MM-DD HH:mm:ss'), 'sysadmin', parseDateTime('2017-05-08 18:38:09', 'YYYY-MM-DD HH:mm:ss'), 'sysadmin', null, null, null, null, 53, 'F', parseDateTime('2017-04-20 14:47:44', 'YYYY-MM-DD HH:mm:ss'), 'F');
INSERT INTO PUBLIC.SITEUSER (SITEUSERID, USERNAME, PASSWORD, FIRSTNAME, LASTNAME, EMAILADDRESS, PHONENUMBER, PRIMARYUSERROLEID, EMAILNOTIFICATION, LOCKED, CREATEDDATE, CREATEDBY, UPDATEDATE, UPDATEBY, DESCRIPTION, TIMELOCKED, PWCHANGEKEY, REGIONID, STATEID, ISDELETED, PWCHANGEDDATE, PWTEMPORARY) VALUES (381, 'couser', 'YVBXgYepccOyfg3y2dJjulgpGMlt0Tf5lkhbZJ9srRRnCtoj78gkrMy39DxssLpE0xdgCCRMaaVQJNekz3cvO5vjT3zEWOLo', 'Colorado', 'User', 'dschulze@icfi.com', null, 4, 'F', 0, parseDateTime('2017-05-08 18:38:05', 'YYYY-MM-DD HH:mm:ss'), 'sysadmin', parseDateTime('2018-02-23 14:04:17', 'YYYY-MM-DD HH:mm:ss'), 'sysadmin', null, null, null, null, 7, 'F', parseDateTime('2018-02-23 14:04:17', 'YYYY-MM-DD HH:mm:ss'), 'F');
INSERT INTO PUBLIC.SITEUSER (SITEUSERID, USERNAME, PASSWORD, FIRSTNAME, LASTNAME, EMAILADDRESS, PHONENUMBER, PRIMARYUSERROLEID, EMAILNOTIFICATION, LOCKED, CREATEDDATE, CREATEDBY, UPDATEDATE, UPDATEBY, DESCRIPTION, TIMELOCKED, PWCHANGEKEY, REGIONID, STATEID, ISDELETED, PWCHANGEDDATE, PWTEMPORARY) VALUES (1, 'sysadmin', 'UW8Ll4SUPESuHpEOqy6T1XwGg1q4l5u/rwwZUMs666rcQepOBC193iu6jSa4Aopb23c22gNSPYF9j8DLFj+72XBNmFNdgfwO', 'Peter', 'Gibbons', 'Mark.Choi@icf.com', '770', 1, 'T', 0, parseDateTime('2017-05-05 13:47:47', 'YYYY-MM-DD HH:mm:ss'), 'sysadmin', parseDateTime('2021-08-05 17:01:56', 'YYYY-MM-DD HH:mm:ss'), 'sysadmin', null, null, null, null, null, 'F', parseDateTime('2021-08-05 17:01:56', 'YYYY-MM-DD HH:mm:ss'), 'F');
INSERT INTO PUBLIC.SITEUSER (SITEUSERID, USERNAME, PASSWORD, FIRSTNAME, LASTNAME, EMAILADDRESS, PHONENUMBER, PRIMARYUSERROLEID, EMAILNOTIFICATION, LOCKED, CREATEDDATE, CREATEDBY, UPDATEDATE, UPDATEBY, DESCRIPTION, TIMELOCKED, PWCHANGEKEY, REGIONID, STATEID, ISDELETED, PWCHANGEDDATE, PWTEMPORARY) VALUES (91, 'cb5', null, 'cb5 first', 'cb5 last', 'nmallela@icfi.com', null, 2, 'F', 0, parseDateTime('2017-05-08 18:38:05', 'YYYY-MM-DD HH:mm:ss'), 'sysadmin', parseDateTime('2017-05-08 18:38:09', 'YYYY-MM-DD HH:mm:ss'), 'sysadmin', null, null, null, null, null, 'F', parseDateTime('2017-04-20 14:47:44', 'YYYY-MM-DD HH:mm:ss'), 'F');
INSERT INTO PUBLIC.SITEUSER (SITEUSERID, USERNAME, PASSWORD, FIRSTNAME, LASTNAME, EMAILADDRESS, PHONENUMBER, PRIMARYUSERROLEID, EMAILNOTIFICATION, LOCKED, CREATEDDATE, CREATEDBY, UPDATEDATE, UPDATEBY, DESCRIPTION, TIMELOCKED, PWCHANGEKEY, REGIONID, STATEID, ISDELETED, PWCHANGEDDATE, PWTEMPORARY) VALUES (94, 'cb10', null, 'cb10', 'cb10', 'nmallela@icfi.com', null, 2, 'F', 0, parseDateTime('2017-05-08 18:38:05', 'YYYY-MM-DD HH:mm:ss'), 'sysadmin', parseDateTime('2017-05-08 18:38:09', 'YYYY-MM-DD HH:mm:ss'), 'sysadmin', null, null, null, null, null, 'F', parseDateTime('2017-04-20 14:47:44', 'YYYY-MM-DD HH:mm:ss'), 'F');
INSERT INTO PUBLIC.SITEUSER (SITEUSERID, USERNAME, PASSWORD, FIRSTNAME, LASTNAME, EMAILADDRESS, PHONENUMBER, PRIMARYUSERROLEID, EMAILNOTIFICATION, LOCKED, CREATEDDATE, CREATEDBY, UPDATEDATE, UPDATEBY, DESCRIPTION, TIMELOCKED, PWCHANGEKEY, REGIONID, STATEID, ISDELETED, PWCHANGEDDATE, PWTEMPORARY) VALUES (102, 'reesStateUser', 'nf4YHoa3lMZ8rQFf5DxBSa2qpHUN1faE1yDFcGxCY4D9AQGbZlHENUkLC4aGPl2sePqetCwyGdJXazpFAVYDX75Em6pd3Kdk', 'Rees', 'Byars', 'rees.byars@icfi.com', '8032434440', 4, 'F', 0, parseDateTime('2016-02-15 09:20:00', 'YYYY-MM-DD HH:mm:ss'), 'sysadmin', parseDateTime('2016-02-15 09:20:00', 'YYYY-MM-DD HH:mm:ss'), 'sysadmin', null, null, null, null, 48, 'F', parseDateTime('2017-04-20 14:47:44', 'YYYY-MM-DD HH:mm:ss'), 'F');
INSERT INTO PUBLIC.SITEUSER (SITEUSERID, USERNAME, PASSWORD, FIRSTNAME, LASTNAME, EMAILADDRESS, PHONENUMBER, PRIMARYUSERROLEID, EMAILNOTIFICATION, LOCKED, CREATEDDATE, CREATEDBY, UPDATEDATE, UPDATEBY, DESCRIPTION, TIMELOCKED, PWCHANGEKEY, REGIONID, STATEID, ISDELETED, PWCHANGEDDATE, PWTEMPORARY) VALUES (141, 'pruser', '4NMTeC8aGaSmF+VcyoA9Lh2RyeqFUikivy9H/Fc1e3QqPYfVQYRxVlW7wosYiNxiEvtx4pcIeahlm2en35l8XMvG5MkQcKOV', 'pruser', 'pruser', 'kpandya@icfi.com', null, 4, 'F', 1, parseDateTime('2017-05-08 18:38:05', 'YYYY-MM-DD HH:mm:ss'), 'sysadmin', parseDateTime('2017-05-08 18:38:09', 'YYYY-MM-DD HH:mm:ss'), 'sysadmin', null, TO_TIMESTAMP('2017-04-11 22:28:01.452000', 'YYYY-MM-DD HH:mm:ss.FF6'), null, null, 45, 'F', parseDateTime('2017-04-20 14:47:44', 'YYYY-MM-DD HH:mm:ss'), 'F');
INSERT INTO PUBLIC.SITEUSER (SITEUSERID, USERNAME, PASSWORD, FIRSTNAME, LASTNAME, EMAILADDRESS, PHONENUMBER, PRIMARYUSERROLEID, EMAILNOTIFICATION, LOCKED, CREATEDDATE, CREATEDBY, UPDATEDATE, UPDATEBY, DESCRIPTION, TIMELOCKED, PWCHANGEKEY, REGIONID, STATEID, ISDELETED, PWCHANGEDDATE, PWTEMPORARY) VALUES (162, 'admin2012', 'JGLGzolem2dmMgPKFwouWBWIF54evxEV847+JIUwXDyKOZX+76gq44BEYORsfnomtjLuKlP9yOrqLha6P57VXFvwjWhLT+sH', 'admin', 'admin', 'a@a.com', null, 1, 'F', 0, parseDateTime('2017-05-08 18:38:05', 'YYYY-MM-DD HH:mm:ss'), 'sysadmin', parseDateTime('2017-05-08 18:38:09', 'YYYY-MM-DD HH:mm:ss'), 'sysadmin', null, null, null, null, null, 'F', parseDateTime('2017-04-20 14:47:44', 'YYYY-MM-DD HH:mm:ss'), 'F');
INSERT INTO PUBLIC.SITEUSER (SITEUSERID, USERNAME, PASSWORD, FIRSTNAME, LASTNAME, EMAILADDRESS, PHONENUMBER, PRIMARYUSERROLEID, EMAILNOTIFICATION, LOCKED, CREATEDDATE, CREATEDBY, UPDATEDATE, UPDATEBY, DESCRIPTION, TIMELOCKED, PWCHANGEKEY, REGIONID, STATEID, ISDELETED, PWCHANGEDDATE, PWTEMPORARY) VALUES (301, 'aluser', 'Dw7B4BY1pktne8BvxmrdbPib3XArfNhQcid/GH7+9agirkjj86XbuxXhR7B12YRG6dBiF2wnIMjVqyJqttCSYMDF6MDDV8Kn', 'Alabama', 'User', 'dschulze@icfi.com', null, 4, 'F', 0, parseDateTime('2017-05-04 17:01:14', 'YYYY-MM-DD HH:mm:ss'), 'sysadmin', parseDateTime('2017-05-04 17:01:14', 'YYYY-MM-DD HH:mm:ss'), 'sysadmin', null, TO_TIMESTAMP('2017-05-04 17:01:15.785000', 'YYYY-MM-DD HH:mm:ss.FF6'), null, null, 1, 'F', parseDateTime('2017-04-20 14:47:44', 'YYYY-MM-DD HH:mm:ss'), 'F');
INSERT INTO PUBLIC.SITEUSER (SITEUSERID, USERNAME, PASSWORD, FIRSTNAME, LASTNAME, EMAILADDRESS, PHONENUMBER, PRIMARYUSERROLEID, EMAILNOTIFICATION, LOCKED, CREATEDDATE, CREATEDBY, UPDATEDATE, UPDATEBY, DESCRIPTION, TIMELOCKED, PWCHANGEKEY, REGIONID, STATEID, ISDELETED, PWCHANGEDDATE, PWTEMPORARY) VALUES (302, 'wyuser', 'eNP+xu3soqr2DG7fVTsoT/xpa934DFnOV56aCcAcIBJRwtFsUNaLVjhJ6iTKKihx7R02NIRtZgr9Zz90zTTNg9MPJlos6hRz', 'Wyoming', 'User', 'dschulze@icfi.com', null, 4, 'F', 0, parseDateTime('2017-05-08 18:38:05', 'YYYY-MM-DD HH:mm:ss'), 'sysadmin', parseDateTime('2017-05-08 18:38:09', 'YYYY-MM-DD HH:mm:ss'), 'sysadmin', null, null, null, null, 59, 'F', parseDateTime('2017-04-20 14:47:44', 'YYYY-MM-DD HH:mm:ss'), 'F');
INSERT INTO PUBLIC.SITEUSER (SITEUSERID, USERNAME, PASSWORD, FIRSTNAME, LASTNAME, EMAILADDRESS, PHONENUMBER, PRIMARYUSERROLEID, EMAILNOTIFICATION, LOCKED, CREATEDDATE, CREATEDBY, UPDATEDATE, UPDATEBY, DESCRIPTION, TIMELOCKED, PWCHANGEKEY, REGIONID, STATEID, ISDELETED, PWCHANGEDDATE, PWTEMPORARY) VALUES (305, 'wiuser', 'BWTWniox1aYQgiGDoCjilek2w3aZEEj3EIz45Tt2TWDDZ2xCMvCsvTsB3S/qNTsZuj5QvbRc8WIJ2RwfHQsDcfNNCVnXR1Tl', 'Bucky', 'Badger', 'thomas.wolfrum@icfi.com', '414-453-0876', 4, 'F', 0, parseDateTime('2017-05-08 18:38:05', 'YYYY-MM-DD HH:mm:ss'), 'sysadmin', parseDateTime('2017-05-08 18:38:09', 'YYYY-MM-DD HH:mm:ss'), 'sysadmin', null, null, 'FA8C3799F6F6C1', null, 58, 'F', parseDateTime('2017-04-20 14:47:44', 'YYYY-MM-DD HH:mm:ss'), 'F');
INSERT INTO PUBLIC.SITEUSER (SITEUSERID, USERNAME, PASSWORD, FIRSTNAME, LASTNAME, EMAILADDRESS, PHONENUMBER, PRIMARYUSERROLEID, EMAILNOTIFICATION, LOCKED, CREATEDDATE, CREATEDBY, UPDATEDATE, UPDATEBY, DESCRIPTION, TIMELOCKED, PWCHANGEKEY, REGIONID, STATEID, ISDELETED, PWCHANGEDDATE, PWTEMPORARY) VALUES (342, 'nvuser', 'Rf091XtSXSn3Q5LbO3I5gX44gVyLW4zMMFcROQ6QSpXqPLelij2bUkxEvqW94/GkFRZZrLNA6bBddxM8lCAmbxClFy7g54V3', 'Nevada', 'User', 'dschulze@icfi.com', null, 4, 'F', 0, parseDateTime('2017-05-08 18:38:05', 'YYYY-MM-DD HH:mm:ss'), 'sysadmin', parseDateTime('2017-05-08 18:38:09', 'YYYY-MM-DD HH:mm:ss'), 'sysadmin', null, null, null, null, 34, 'F', parseDateTime('2017-04-20 14:47:44', 'YYYY-MM-DD HH:mm:ss'), 'F');
INSERT INTO PUBLIC.SITEUSER (SITEUSERID, USERNAME, PASSWORD, FIRSTNAME, LASTNAME, EMAILADDRESS, PHONENUMBER, PRIMARYUSERROLEID, EMAILNOTIFICATION, LOCKED, CREATEDDATE, CREATEDBY, UPDATEDATE, UPDATEBY, DESCRIPTION, TIMELOCKED, PWCHANGEKEY, REGIONID, STATEID, ISDELETED, PWCHANGEDDATE, PWTEMPORARY) VALUES (343, 'hiuser', 'CdTA1ELeBqAVbu1gWx0ZByOhNSdDi3IBh8bD4+ddDd4UUBgeGtqSvO8zG1Bp2ua3XP6BfS0LcWJwcYEu1gvUfNncJnhBzYZK', 'Hawaii', 'User', 'dschulze@icfi.com', null, 4, 'F', 0, parseDateTime('2017-05-08 18:38:05', 'YYYY-MM-DD HH:mm:ss'), 'sysadmin', parseDateTime('2017-05-08 18:38:09', 'YYYY-MM-DD HH:mm:ss'), 'sysadmin', null, null, null, null, 16, 'F', parseDateTime('2017-04-20 14:47:44', 'YYYY-MM-DD HH:mm:ss'), 'F');
INSERT INTO PUBLIC.SITEUSER (SITEUSERID, USERNAME, PASSWORD, FIRSTNAME, LASTNAME, EMAILADDRESS, PHONENUMBER, PRIMARYUSERROLEID, EMAILNOTIFICATION, LOCKED, CREATEDDATE, CREATEDBY, UPDATEDATE, UPDATEBY, DESCRIPTION, TIMELOCKED, PWCHANGEKEY, REGIONID, STATEID, ISDELETED, PWCHANGEDDATE, PWTEMPORARY) VALUES (443, 'kyuser', 'CVW9mLXv83YIqrqBH8OczjhBArmQ4oKd1VSF0UpRAzTpQYPLWdXQa+T2s5ZPfYUQ0lJcscypKpThasCE/JzNLOGaIqpcFeMS', 'Kentucky', 'User', 'null@null.com', null, 4, 'F', 0, parseDateTime('2017-05-08 18:38:05', 'YYYY-MM-DD HH:mm:ss'), 'sysadmin', parseDateTime('2021-08-05 17:00:35', 'YYYY-MM-DD HH:mm:ss'), 'sysadmin', null, null, null, null, 22, 'F', parseDateTime('2021-08-05 17:00:35', 'YYYY-MM-DD HH:mm:ss'), 'F');
INSERT INTO PUBLIC.SITEUSER (SITEUSERID, USERNAME, PASSWORD, FIRSTNAME, LASTNAME, EMAILADDRESS, PHONENUMBER, PRIMARYUSERROLEID, EMAILNOTIFICATION, LOCKED, CREATEDDATE, CREATEDBY, UPDATEDATE, UPDATEBY, DESCRIPTION, TIMELOCKED, PWCHANGEKEY, REGIONID, STATEID, ISDELETED, PWCHANGEDDATE, PWTEMPORARY) VALUES (444, 'txuser', '+gim6souMo6M5KJgpMQi3JaqQuhY8zIQ7CFL1rzJb93hDq1GTO0fXy869DD7AfcY8hppX/FWr6TA0Rqj9cgJPJAo6vIaFpU/', 'Texas', 'User', 'prince.sharma@uuu.com', null, 4, 'T', 0, parseDateTime('2017-05-08 18:38:05', 'YYYY-MM-DD HH:mm:ss'), 'sysadmin', parseDateTime('2018-05-17 14:26:13', 'YYYY-MM-DD HH:mm:ss'), 'sysadmin', null, null, null, null, 51, 'F', parseDateTime('2018-01-03 13:02:40', 'YYYY-MM-DD HH:mm:ss'), 'F');
INSERT INTO PUBLIC.SITEUSER (SITEUSERID, USERNAME, PASSWORD, FIRSTNAME, LASTNAME, EMAILADDRESS, PHONENUMBER, PRIMARYUSERROLEID, EMAILNOTIFICATION, LOCKED, CREATEDDATE, CREATEDBY, UPDATEDATE, UPDATEBY, DESCRIPTION, TIMELOCKED, PWCHANGEKEY, REGIONID, STATEID, ISDELETED, PWCHANGEDDATE, PWTEMPORARY) VALUES (446, 'utuser', '2/h5btkPD7SWr5616u6i4OyhHObFZtVyvbJym+SqQxJnTuMrSB7FpVrG8Q94tzRZl3RMA0/jISe8jUXSk6Gejobfpmh3i232', 'Utah', 'User', 'null@null.com', null, 4, 'F', 0, parseDateTime('2017-05-08 18:38:05', 'YYYY-MM-DD HH:mm:ss'), 'sysadmin', parseDateTime('2017-05-08 18:38:09', 'YYYY-MM-DD HH:mm:ss'), 'sysadmin', null, null, null, null, 52, 'F', parseDateTime('2017-04-20 14:47:44', 'YYYY-MM-DD HH:mm:ss'), 'F');
INSERT INTO PUBLIC.SITEUSER (SITEUSERID, USERNAME, PASSWORD, FIRSTNAME, LASTNAME, EMAILADDRESS, PHONENUMBER, PRIMARYUSERROLEID, EMAILNOTIFICATION, LOCKED, CREATEDDATE, CREATEDBY, UPDATEDATE, UPDATEBY, DESCRIPTION, TIMELOCKED, PWCHANGEKEY, REGIONID, STATEID, ISDELETED, PWCHANGEDDATE, PWTEMPORARY) VALUES (501, 'sam.account', '747F+Vmz9x+9bL13Ze7y4uXqhY03eygiUPeGFnwICbxk2a21o6xpwrfW18DeOIEYksfqGeDn5xOn/HhvYYWgXfzI3lR5LhcC', 'Sample', 'Account', 'testnytd@icfi.com', '7035551234', 4, 'F', 0, parseDateTime('2017-02-01 13:47:33', 'YYYY-MM-DD HH:mm:ss'), 'sysadmin', parseDateTime('2017-02-01 13:47:33', 'YYYY-MM-DD HH:mm:ss'), 'sysadmin', null, null, null, null, 60, 'F', parseDateTime('2017-04-20 14:47:44', 'YYYY-MM-DD HH:mm:ss'), 'F');
INSERT INTO PUBLIC.SITEUSER (SITEUSERID, USERNAME, PASSWORD, FIRSTNAME, LASTNAME, EMAILADDRESS, PHONENUMBER, PRIMARYUSERROLEID, EMAILNOTIFICATION, LOCKED, CREATEDDATE, CREATEDBY, UPDATEDATE, UPDATEBY, DESCRIPTION, TIMELOCKED, PWCHANGEKEY, REGIONID, STATEID, ISDELETED, PWCHANGEDDATE, PWTEMPORARY) VALUES (88, 'cb1', null, 'cb1', 'cb1', 'Prashanth.Nagapaga@icf.com', '1234567890', 2, 'T', 0, parseDateTime('2017-02-10 10:11:07', 'YYYY-MM-DD HH:mm:ss'), 'sysadmin', parseDateTime('2017-02-10 10:11:07', 'YYYY-MM-DD HH:mm:ss'), 'sysadmin', null, null, null, null, null, 'F', parseDateTime('2017-04-20 14:47:44', 'YYYY-MM-DD HH:mm:ss'), 'F');
INSERT INTO PUBLIC.SITEUSER (SITEUSERID, USERNAME, PASSWORD, FIRSTNAME, LASTNAME, EMAILADDRESS, PHONENUMBER, PRIMARYUSERROLEID, EMAILNOTIFICATION, LOCKED, CREATEDDATE, CREATEDBY, UPDATEDATE, UPDATEBY, DESCRIPTION, TIMELOCKED, PWCHANGEKEY, REGIONID, STATEID, ISDELETED, PWCHANGEDDATE, PWTEMPORARY) VALUES (93, 'de1', '36cOyrf0RySFVJVOZKF+o+0Pl+O3EpIsjoAqY6dvRRRLr3ok/NhlGbsIf1KOPsr6pzoo0I+5KDjLfZd0QSvMtXnqjvxNl9pn', 'de1', 'de1', 'nmallela@icfi.com', null, 4, 'F', 0, parseDateTime('2017-05-08 18:38:05', 'YYYY-MM-DD HH:mm:ss'), 'sysadmin', parseDateTime('2017-05-08 18:38:09', 'YYYY-MM-DD HH:mm:ss'), 'sysadmin', null, null, null, null, 10, 'F', parseDateTime('2017-04-20 14:47:44', 'YYYY-MM-DD HH:mm:ss'), 'F');
INSERT INTO PUBLIC.SITEUSER (SITEUSERID, USERNAME, PASSWORD, FIRSTNAME, LASTNAME, EMAILADDRESS, PHONENUMBER, PRIMARYUSERROLEID, EMAILNOTIFICATION, LOCKED, CREATEDDATE, CREATEDBY, UPDATEDATE, UPDATEBY, DESCRIPTION, TIMELOCKED, PWCHANGEKEY, REGIONID, STATEID, ISDELETED, PWCHANGEDDATE, PWTEMPORARY) VALUES (161, 'oregon_test', 'ors2hJ5SalVlhEr+Mx63d6W/BiDBM5bsw2rKbDf7cdAksq1+lp0VqTZ1JoHhIc/itfDYcIl8A8LFpsHZh+Jr95fEvKgQUP0g', 'oregon_test', 'oregon_test', 'a@a.com', null, 4, 'F', 0, parseDateTime('2017-05-08 18:38:05', 'YYYY-MM-DD HH:mm:ss'), 'sysadmin', parseDateTime('2017-05-08 18:38:09', 'YYYY-MM-DD HH:mm:ss'), 'sysadmin', null, null, null, null, 43, 'F', parseDateTime('2017-04-20 14:47:44', 'YYYY-MM-DD HH:mm:ss'), 'F');
INSERT INTO PUBLIC.SITEUSER (SITEUSERID, USERNAME, PASSWORD, FIRSTNAME, LASTNAME, EMAILADDRESS, PHONENUMBER, PRIMARYUSERROLEID, EMAILNOTIFICATION, LOCKED, CREATEDDATE, CREATEDBY, UPDATEDATE, UPDATEBY, DESCRIPTION, TIMELOCKED, PWCHANGEKEY, REGIONID, STATEID, ISDELETED, PWCHANGEDDATE, PWTEMPORARY) VALUES (163, 'indiana_user', 'Mr5+BnXYaLp30CUBJAaIYPjF/6eQWHjbZnGVkPxpJZBCAVPtt+q5UuK5Zp1+8CD0wvD7PM8kTT+yasMT28tpx7/z6Lj3/BcF', 'indiana_user', 'indiana_user', 'a@a.com', null, 4, 'F', 0, parseDateTime('2017-05-08 18:38:05', 'YYYY-MM-DD HH:mm:ss'), 'sysadmin', parseDateTime('2017-05-08 18:38:09', 'YYYY-MM-DD HH:mm:ss'), 'sysadmin', null, null, null, null, 19, 'F', parseDateTime('2017-04-20 14:47:44', 'YYYY-MM-DD HH:mm:ss'), 'F');
INSERT INTO PUBLIC.SITEUSER (SITEUSERID, USERNAME, PASSWORD, FIRSTNAME, LASTNAME, EMAILADDRESS, PHONENUMBER, PRIMARYUSERROLEID, EMAILNOTIFICATION, LOCKED, CREATEDDATE, CREATEDBY, UPDATEDATE, UPDATEBY, DESCRIPTION, TIMELOCKED, PWCHANGEKEY, REGIONID, STATEID, ISDELETED, PWCHANGEDDATE, PWTEMPORARY) VALUES (383, 'mduser', 'i7F1WBCgrwEYjXsUiV/tvX/GWmb7bovaAeOYjtjAOSvlqrytS7Ob8THITaUu9jOptg7045fSQl0CANilf8QgFpK9zf5Tqizw', 'Maryland', 'User', 'dschulze@icfi.com', null, 4, 'F', 0, parseDateTime('2017-05-08 18:38:05', 'YYYY-MM-DD HH:mm:ss'), 'sysadmin', parseDateTime('2017-05-08 18:38:09', 'YYYY-MM-DD HH:mm:ss'), 'sysadmin', null, null, null, null, 26, 'F', parseDateTime('2017-04-20 14:47:44', 'YYYY-MM-DD HH:mm:ss'), 'F');
INSERT INTO PUBLIC.SITEUSER (SITEUSERID, USERNAME, PASSWORD, FIRSTNAME, LASTNAME, EMAILADDRESS, PHONENUMBER, PRIMARYUSERROLEID, EMAILNOTIFICATION, LOCKED, CREATEDDATE, CREATEDBY, UPDATEDATE, UPDATEBY, DESCRIPTION, TIMELOCKED, PWCHANGEKEY, REGIONID, STATEID, ISDELETED, PWCHANGEDDATE, PWTEMPORARY) VALUES (349, 'meuser', 'y16QTqtQMYbr0cyFUqbviGFocEBjCINKLS0PRofrr+b4xbOqkrlo8UobbD6+wjk2euyGGkR5qADuMRxiI6xkdnt8Cerf/D9w', 'meuser', 'meuser', 'nmallela@icfi.com', null, 4, 'F', 0, parseDateTime('2017-05-08 18:38:05', 'YYYY-MM-DD HH:mm:ss'), 'sysadmin', parseDateTime('2017-05-08 18:38:09', 'YYYY-MM-DD HH:mm:ss'), 'sysadmin', null, null, null, null, 24, 'F', parseDateTime('2017-04-20 14:47:44', 'YYYY-MM-DD HH:mm:ss'), 'F');
INSERT INTO PUBLIC.SITEUSER (SITEUSERID, USERNAME, PASSWORD, FIRSTNAME, LASTNAME, EMAILADDRESS, PHONENUMBER, PRIMARYUSERROLEID, EMAILNOTIFICATION, LOCKED, CREATEDDATE, CREATEDBY, UPDATEDATE, UPDATEBY, DESCRIPTION, TIMELOCKED, PWCHANGEKEY, REGIONID, STATEID, ISDELETED, PWCHANGEDDATE, PWTEMPORARY) VALUES (61, 'al1', 'wrHNRL1qdt6UtLYu40AY2hYXcadihy9WlINLeECaVbiHNcAB5l4VK8xwKK+YAKrwMlwU4t6dCgqRJLMT7AwQsRvwELVdB0C9', 'al1', 'al1', 'cb1@abc.com', null, 4, 'F', 0, parseDateTime('2017-05-08 18:38:05', 'YYYY-MM-DD HH:mm:ss'), 'sysadmin', parseDateTime('2017-05-08 18:38:09', 'YYYY-MM-DD HH:mm:ss'), 'sysadmin', null, null, null, null, 1, 'F', parseDateTime('2017-04-20 14:47:44', 'YYYY-MM-DD HH:mm:ss'), 'F');
INSERT INTO PUBLIC.SITEUSER (SITEUSERID, USERNAME, PASSWORD, FIRSTNAME, LASTNAME, EMAILADDRESS, PHONENUMBER, PRIMARYUSERROLEID, EMAILNOTIFICATION, LOCKED, CREATEDDATE, CREATEDBY, UPDATEDATE, UPDATEBY, DESCRIPTION, TIMELOCKED, PWCHANGEKEY, REGIONID, STATEID, ISDELETED, PWCHANGEDDATE, PWTEMPORARY) VALUES (62, 's1', 'fegfYyHPBaYlYBAEs2o5ka+vaEg2mpb2O4aj1tCMA67fH+3uoxBOaiGTFrOhlLU1s6vzlHWmG1h7pmSJg90VbosqysKRm4sZ', 's1', 's1', 'nmallela@icfi.com', null, 1, 'F', 0, parseDateTime('2017-05-08 18:38:05', 'YYYY-MM-DD HH:mm:ss'), 'sysadmin', parseDateTime('2017-05-08 18:38:09', 'YYYY-MM-DD HH:mm:ss'), 'sysadmin', null, null, null, null, null, 'F', parseDateTime('2017-04-20 14:47:44', 'YYYY-MM-DD HH:mm:ss'), 'F');
INSERT INTO PUBLIC.SITEUSER (SITEUSERID, USERNAME, PASSWORD, FIRSTNAME, LASTNAME, EMAILADDRESS, PHONENUMBER, PRIMARYUSERROLEID, EMAILNOTIFICATION, LOCKED, CREATEDDATE, CREATEDBY, UPDATEDATE, UPDATEBY, DESCRIPTION, TIMELOCKED, PWCHANGEKEY, REGIONID, STATEID, ISDELETED, PWCHANGEDDATE, PWTEMPORARY) VALUES (101, 'RTest1', 'B/ip2ykNNjMFKCM7rTCpuyZgsGdhTry4Pw+gMecKH3CM8lxjjcZqC9FSitibmB5aQ4HPf+lqmDYTbVY1asPJ76dfvSHnwWEK', 'RTest1', 'RTest1', 'nmallela@icfi.com', null, 4, 'F', 0, parseDateTime('2016-02-15 09:20:00', 'YYYY-MM-DD HH:mm:ss'), 'sysadmin', parseDateTime('2016-02-15 09:20:00', 'YYYY-MM-DD HH:mm:ss'), 'sysadmin', null, null, null, null, 16, 'F', parseDateTime('2017-04-20 14:47:44', 'YYYY-MM-DD HH:mm:ss'), 'F');
INSERT INTO PUBLIC.SITEUSER (SITEUSERID, USERNAME, PASSWORD, FIRSTNAME, LASTNAME, EMAILADDRESS, PHONENUMBER, PRIMARYUSERROLEID, EMAILNOTIFICATION, LOCKED, CREATEDDATE, CREATEDBY, UPDATEDATE, UPDATEBY, DESCRIPTION, TIMELOCKED, PWCHANGEKEY, REGIONID, STATEID, ISDELETED, PWCHANGEDDATE, PWTEMPORARY) VALUES (241, 'aruser', 'S7HKeaQlkh1eblWIBcPA2hmlc33c3CJ7pCR+eT/fVpYvAYPVW9jEe0vH0t7/8RJll6LGXAUpftGviZX35MGJBAM1Q26FmbOe', 'Arkansas', 'User', 'dschulze@icfi.com', null, 4, 'F', 0, parseDateTime('2017-05-08 18:38:05', 'YYYY-MM-DD HH:mm:ss'), 'sysadmin', parseDateTime('2017-05-08 18:38:09', 'YYYY-MM-DD HH:mm:ss'), 'sysadmin', null, null, null, null, 5, 'F', parseDateTime('2017-04-20 14:47:44', 'YYYY-MM-DD HH:mm:ss'), 'F');
INSERT INTO PUBLIC.SITEUSER (SITEUSERID, USERNAME, PASSWORD, FIRSTNAME, LASTNAME, EMAILADDRESS, PHONENUMBER, PRIMARYUSERROLEID, EMAILNOTIFICATION, LOCKED, CREATEDDATE, CREATEDBY, UPDATEDATE, UPDATEBY, DESCRIPTION, TIMELOCKED, PWCHANGEKEY, REGIONID, STATEID, ISDELETED, PWCHANGEDDATE, PWTEMPORARY) VALUES (221, 'gauser', 'k7EnB98I257D7hUvxa8yCyrHRM4Jezn5BJBLVMRJF7f9AdnoqsEk2L4MrCh/tSFEthAEGftFbQD/tpUkTKIh1uHgY0bw4irM', 'Georgia', 'User', 'dschulze@icfi.com', null, 4, 'F', 0, parseDateTime('2017-05-08 18:38:05', 'YYYY-MM-DD HH:mm:ss'), 'sysadmin', parseDateTime('2017-05-08 18:38:09', 'YYYY-MM-DD HH:mm:ss'), 'sysadmin', null, null, null, null, 14, 'F', parseDateTime('2017-04-20 14:47:44', 'YYYY-MM-DD HH:mm:ss'), 'F');
INSERT INTO PUBLIC.SITEUSER (SITEUSERID, USERNAME, PASSWORD, FIRSTNAME, LASTNAME, EMAILADDRESS, PHONENUMBER, PRIMARYUSERROLEID, EMAILNOTIFICATION, LOCKED, CREATEDDATE, CREATEDBY, UPDATEDATE, UPDATEBY, DESCRIPTION, TIMELOCKED, PWCHANGEKEY, REGIONID, STATEID, ISDELETED, PWCHANGEDDATE, PWTEMPORARY) VALUES (261, 'riuser', 's9tpro712WUMedND0NPSIuo7YUl024IYp9Do49Mo5GNUdbTopt2Sgojkfbqn+ZLaZcPwo6bbH4dne/zFQwtwQ4OXTqRTWFOx', 'Rhode Island', 'User', 'dschulze@icfi.com', null, 4, 'F', 0, parseDateTime('2017-05-08 18:38:05', 'YYYY-MM-DD HH:mm:ss'), 'sysadmin', parseDateTime('2017-05-08 18:38:09', 'YYYY-MM-DD HH:mm:ss'), 'sysadmin', null, null, null, null, 47, 'F', parseDateTime('2017-04-20 14:47:44', 'YYYY-MM-DD HH:mm:ss'), 'F');
INSERT INTO PUBLIC.SITEUSER (SITEUSERID, USERNAME, PASSWORD, FIRSTNAME, LASTNAME, EMAILADDRESS, PHONENUMBER, PRIMARYUSERROLEID, EMAILNOTIFICATION, LOCKED, CREATEDDATE, CREATEDBY, UPDATEDATE, UPDATEBY, DESCRIPTION, TIMELOCKED, PWCHANGEKEY, REGIONID, STATEID, ISDELETED, PWCHANGEDDATE, PWTEMPORARY) VALUES (344, 'pauser', 'AOPM2l7Bbn7My44bv7lAgVk/V9HFUqQ8QfLD31O8L+exFcHVE6dzA9mHXIIlcGvFyGHZ5KghYzhQKxvOMdH3myPVXgUSmV28', 'pauser', 'pauser', 'nmallela@icfi.com', null, 4, 'F', 0, parseDateTime('2017-05-08 18:38:05', 'YYYY-MM-DD HH:mm:ss'), 'sysadmin', parseDateTime('2017-05-08 18:38:09', 'YYYY-MM-DD HH:mm:ss'), 'sysadmin', null, null, null, null, 44, 'F', parseDateTime('2017-04-20 14:47:44', 'YYYY-MM-DD HH:mm:ss'), 'F');
INSERT INTO PUBLIC.SITEUSER (SITEUSERID, USERNAME, PASSWORD, FIRSTNAME, LASTNAME, EMAILADDRESS, PHONENUMBER, PRIMARYUSERROLEID, EMAILNOTIFICATION, LOCKED, CREATEDDATE, CREATEDBY, UPDATEDATE, UPDATEBY, DESCRIPTION, TIMELOCKED, PWCHANGEKEY, REGIONID, STATEID, ISDELETED, PWCHANGEDDATE, PWTEMPORARY) VALUES (345, 'vauser', 'o1N/qzgmCctMaICiI8sZ9+5ufm0wIf+vOdm9ftooiKPTD6uubHQSwQQ95KjjRhbTSvnJxjng0qwYyoqoMzSDRFgRutOVjVHi', 'Virginia', 'User', 'dschulze@icfi.com', null, 4, 'F', 0, parseDateTime('2017-05-08 18:38:05', 'YYYY-MM-DD HH:mm:ss'), 'sysadmin', parseDateTime('2017-05-08 18:38:09', 'YYYY-MM-DD HH:mm:ss'), 'sysadmin', null, null, null, 3, 55, 'F', parseDateTime('2017-04-20 14:47:44', 'YYYY-MM-DD HH:mm:ss'), 'F');
INSERT INTO PUBLIC.SITEUSER (SITEUSERID, USERNAME, PASSWORD, FIRSTNAME, LASTNAME, EMAILADDRESS, PHONENUMBER, PRIMARYUSERROLEID, EMAILNOTIFICATION, LOCKED, CREATEDDATE, CREATEDBY, UPDATEDATE, UPDATEBY, DESCRIPTION, TIMELOCKED, PWCHANGEKEY, REGIONID, STATEID, ISDELETED, PWCHANGEDDATE, PWTEMPORARY) VALUES (346, 'mnuser', 'NRTW2aKCCMyXnjxi9yBmVrH4WvuTgQ/vhtBFhjXKsT4zCk7RUb7xMwsL+rAdE63FxS7BzkoH5dxv7meG/P1AfLzj/2MdLG+8', 'Minnesota', 'User', 'dschulze@icfi.com', null, 4, 'F', 0, parseDateTime('2017-05-08 18:38:05', 'YYYY-MM-DD HH:mm:ss'), 'sysadmin', parseDateTime('2017-05-08 18:38:09', 'YYYY-MM-DD HH:mm:ss'), 'sysadmin', null, null, null, null, 29, 'F', parseDateTime('2017-04-20 14:47:44', 'YYYY-MM-DD HH:mm:ss'), 'F');
INSERT INTO PUBLIC.SITEUSER (SITEUSERID, USERNAME, PASSWORD, FIRSTNAME, LASTNAME, EMAILADDRESS, PHONENUMBER, PRIMARYUSERROLEID, EMAILNOTIFICATION, LOCKED, CREATEDDATE, CREATEDBY, UPDATEDATE, UPDATEBY, DESCRIPTION, TIMELOCKED, PWCHANGEKEY, REGIONID, STATEID, ISDELETED, PWCHANGEDDATE, PWTEMPORARY) VALUES (347, 'nhuser', 'IX+1MwF64rSsn6fQCHrSrpvNlALKmHVnXFYDdLYINUW/MyTLzdVBSTLYkL6ry8G+3OIwOqOoO4ylntYyTK91aC3d3BhTYF+e', 'nhuser', 'nhuser', 'nmallela@icfi.com', null, 4, 'F', 0, parseDateTime('2017-05-08 18:38:05', 'YYYY-MM-DD HH:mm:ss'), 'sysadmin', parseDateTime('2017-05-08 18:38:09', 'YYYY-MM-DD HH:mm:ss'), 'sysadmin', null, null, null, null, 35, 'F', parseDateTime('2017-04-20 14:47:44', 'YYYY-MM-DD HH:mm:ss'), 'F');
INSERT INTO PUBLIC.SITEUSER (SITEUSERID, USERNAME, PASSWORD, FIRSTNAME, LASTNAME, EMAILADDRESS, PHONENUMBER, PRIMARYUSERROLEID, EMAILNOTIFICATION, LOCKED, CREATEDDATE, CREATEDBY, UPDATEDATE, UPDATEBY, DESCRIPTION, TIMELOCKED, PWCHANGEKEY, REGIONID, STATEID, ISDELETED, PWCHANGEDDATE, PWTEMPORARY) VALUES (401, 'mcb', 'tOl+e821cVw/xJ9SXVLB8bHkbrAuWbGcjeSlqniQvKvbWDUjahdm2sNUpomVAssMQYSQ1SA3VBcMiGqyC3+hia/24m0NVFoh', 'Mutsuo', 'CBTest', 'mutsuo.ishijima@icfi.com', null, 2, 'T', 0, parseDateTime('2017-05-08 18:38:05', 'YYYY-MM-DD HH:mm:ss'), 'sysadmin', parseDateTime('2017-04-13 14:04:42', 'YYYY-MM-DD HH:mm:ss'), 'sysadmin', null, null, null, null, null, 'T', parseDateTime('2017-04-20 14:47:44', 'YYYY-MM-DD HH:mm:ss'), 'F');
INSERT INTO PUBLIC.SITEUSER (SITEUSERID, USERNAME, PASSWORD, FIRSTNAME, LASTNAME, EMAILADDRESS, PHONENUMBER, PRIMARYUSERROLEID, EMAILNOTIFICATION, LOCKED, CREATEDDATE, CREATEDBY, UPDATEDATE, UPDATEBY, DESCRIPTION, TIMELOCKED, PWCHANGEKEY, REGIONID, STATEID, ISDELETED, PWCHANGEDDATE, PWTEMPORARY) VALUES (402, 'mregional1', 'tOl+e821cVw/xJ9SXVLB8bHkbrAuWbGcjeSlqniQvKvbWDUjahdm2sNUpomVAssMQYSQ1SA3VBcMiGqyC3+hia/24m0NVFoh', 'Mutsuo', 'regional1', 'mutsuo.ishijima@icf.com', null, 3, 'T', 0, parseDateTime('2017-05-08 18:38:05', 'YYYY-MM-DD HH:mm:ss'), 'sysadmin', parseDateTime('2017-04-13 14:05:17', 'YYYY-MM-DD HH:mm:ss'), 'sysadmin', null, null, null, 1, null, 'T', parseDateTime('2017-04-20 14:47:44', 'YYYY-MM-DD HH:mm:ss'), 'F');
INSERT INTO PUBLIC.SITEUSER (SITEUSERID, USERNAME, PASSWORD, FIRSTNAME, LASTNAME, EMAILADDRESS, PHONENUMBER, PRIMARYUSERROLEID, EMAILNOTIFICATION, LOCKED, CREATEDDATE, CREATEDBY, UPDATEDATE, UPDATEBY, DESCRIPTION, TIMELOCKED, PWCHANGEKEY, REGIONID, STATEID, ISDELETED, PWCHANGEDDATE, PWTEMPORARY) VALUES (421, 'inuser', 'UeCoRL6tCyd7Fz0IbRXMC2B8OzTm+h4nJj64H1aMvRYnew0VZESvqdG79J403+/bfaJdCasii1NvSZtQcbbmWXAGAKp1xrXc', 'Indiana', 'Jones', 'null@null.com', null, 4, 'F', 0, parseDateTime('2017-05-08 18:38:05', 'YYYY-MM-DD HH:mm:ss'), 'sysadmin', parseDateTime('2017-05-08 18:38:09', 'YYYY-MM-DD HH:mm:ss'), 'sysadmin', null, null, null, null, 19, 'F', parseDateTime('2017-04-20 14:47:44', 'YYYY-MM-DD HH:mm:ss'), 'F');
INSERT INTO PUBLIC.SITEUSER (SITEUSERID, USERNAME, PASSWORD, FIRSTNAME, LASTNAME, EMAILADDRESS, PHONENUMBER, PRIMARYUSERROLEID, EMAILNOTIFICATION, LOCKED, CREATEDDATE, CREATEDBY, UPDATEDATE, UPDATEBY, DESCRIPTION, TIMELOCKED, PWCHANGEKEY, REGIONID, STATEID, ISDELETED, PWCHANGEDDATE, PWTEMPORARY) VALUES (481, 'bucky', '1Nnlk1Y5FCZ7FQJ8Ku3ANsB0ymcMe4lz5+IhMu24f5yulAfeW79WcNwpY8Ij82SEe5eTLf/5CT7d6EcJYU/OklT48Esv+9vl', 'Bucky', 'Badger', 'fred.derf@icfi.com', null, 4, 'F', 0, parseDateTime('2016-12-01 14:06:02', 'YYYY-MM-DD HH:mm:ss'), 'sysadmin', parseDateTime('2017-07-25 13:26:13', 'YYYY-MM-DD HH:mm:ss'), 'sysadmin', null, null, null, 4, 58, 'T', parseDateTime('2017-07-25 13:26:13', 'YYYY-MM-DD HH:mm:ss'), 'F');
INSERT INTO PUBLIC.SITEUSER (SITEUSERID, USERNAME, PASSWORD, FIRSTNAME, LASTNAME, EMAILADDRESS, PHONENUMBER, PRIMARYUSERROLEID, EMAILNOTIFICATION, LOCKED, CREATEDDATE, CREATEDBY, UPDATEDATE, UPDATEBY, DESCRIPTION, TIMELOCKED, PWCHANGEKEY, REGIONID, STATEID, ISDELETED, PWCHANGEDDATE, PWTEMPORARY) VALUES (522, 'jdoe', 'PPfILN2u3Tnlqkz2eg3S+mPBhKcFTPnH8y8NLspISLYEdygVBD/xxi5EsSRRphvZH3vxIYIKjBxv27pmZsEh/OvEExEzEEi4', 'John ', 'Doe', 'jdoe@gmail.com', null, 4, 'F', 0, parseDateTime('2017-05-08 18:38:05', 'YYYY-MM-DD HH:mm:ss'), 'sysadmin', parseDateTime('2017-07-25 15:00:33', 'YYYY-MM-DD HH:mm:ss'), 'sysadmin', null, null, null, null, 4, 'F', parseDateTime('2017-07-25 15:00:12', 'YYYY-MM-DD HH:mm:ss'), 'F');
INSERT INTO PUBLIC.SITEUSER (SITEUSERID, USERNAME, PASSWORD, FIRSTNAME, LASTNAME, EMAILADDRESS, PHONENUMBER, PRIMARYUSERROLEID, EMAILNOTIFICATION, LOCKED, CREATEDDATE, CREATEDBY, UPDATEDATE, UPDATEBY, DESCRIPTION, TIMELOCKED, PWCHANGEKEY, REGIONID, STATEID, ISDELETED, PWCHANGEDDATE, PWTEMPORARY) VALUES (579, 'test2', null, 'mutsuo', 'test2mutsuo', 'mutsuo.ishijima@icfi.com', null, 3, 'F', 0, parseDateTime('2017-04-14 21:01:04', 'YYYY-MM-DD HH:mm:ss'), 'sysadmin', parseDateTime('2017-04-14 21:01:04', 'YYYY-MM-DD HH:mm:ss'), 'sysadmin', null, null, null, 1, null, 'T', parseDateTime('2017-04-20 14:47:44', 'YYYY-MM-DD HH:mm:ss'), 'F');
INSERT INTO PUBLIC.SITEUSER (SITEUSERID, USERNAME, PASSWORD, FIRSTNAME, LASTNAME, EMAILADDRESS, PHONENUMBER, PRIMARYUSERROLEID, EMAILNOTIFICATION, LOCKED, CREATEDDATE, CREATEDBY, UPDATEDATE, UPDATEBY, DESCRIPTION, TIMELOCKED, PWCHANGEKEY, REGIONID, STATEID, ISDELETED, PWCHANGEDDATE, PWTEMPORARY) VALUES (563, 'ransysadmin', '1k45en/ruhd1RgZN+Tcyxd2P0uL70YvT75ZrcashadjHrWE081AXn7kfXr9tIG//sTfaArxoEXEiQ1czkuDyUttkEI4Qlhrh', 'ranju', 'saroch', 'ranju.saroch@icf.com', '7039343652', 1, 'T', 0, parseDateTime('2017-04-07 19:58:21', 'YYYY-MM-DD HH:mm:ss'), 'sysadmin', parseDateTime('2019-12-20 19:15:22', 'YYYY-MM-DD HH:mm:ss'), 'sysadmin', null, null, null, null, null, 'F', parseDateTime('2019-04-01', 'YYYY-MM-DD'), 'F');
INSERT INTO PUBLIC.SITEUSER (SITEUSERID, USERNAME, PASSWORD, FIRSTNAME, LASTNAME, EMAILADDRESS, PHONENUMBER, PRIMARYUSERROLEID, EMAILNOTIFICATION, LOCKED, CREATEDDATE, CREATEDBY, UPDATEDATE, UPDATEBY, DESCRIPTION, TIMELOCKED, PWCHANGEKEY, REGIONID, STATEID, ISDELETED, PWCHANGEDDATE, PWTEMPORARY) VALUES (42, 'pwiliams ', 'xw4ybHgNhrYC1Sei4/NMWfrjUhoUv/00hd38giYIYk0GkUb3AnifD3mt2f4ar7pEX+LfTcWH+GuHbdgecdvPxvXk3DkmRaJw', 'pwilliams', 'pwilliams', 'test1@abc.com', null, 4, 'F', 0, parseDateTime('2017-05-08 18:38:05', 'YYYY-MM-DD HH:mm:ss'), 'sysadmin', parseDateTime('2017-05-08 18:38:09', 'YYYY-MM-DD HH:mm:ss'), 'sysadmin', null, null, null, null, 1, 'F', parseDateTime('2017-04-20 14:47:44', 'YYYY-MM-DD HH:mm:ss'), 'F');
INSERT INTO PUBLIC.SITEUSER (SITEUSERID, USERNAME, PASSWORD, FIRSTNAME, LASTNAME, EMAILADDRESS, PHONENUMBER, PRIMARYUSERROLEID, EMAILNOTIFICATION, LOCKED, CREATEDDATE, CREATEDBY, UPDATEDATE, UPDATEBY, DESCRIPTION, TIMELOCKED, PWCHANGEKEY, REGIONID, STATEID, ISDELETED, PWCHANGEDDATE, PWTEMPORARY) VALUES (621, 'test22', 'NOuriDQfrvF4CY5baq8CKijANhspZuubXfZ3swEPRbCPVfusSsEtTJZcGG9PFl3U3RYdDVNf8J1lAchj0s4ROaXDXT9uLC4g', 'mutsuo', 'ro', 'mutsuo.ishijima@gmail.com', '111-111-1111', 3, 'T', 0, parseDateTime('2017-04-27 16:33:58', 'YYYY-MM-DD HH:mm:ss'), 'sysadmin', parseDateTime('2021-03-04 14:45:27', 'YYYY-MM-DD HH:mm:ss'), 'mutsuoadmin', null, null, null, 3, 7, 'F', parseDateTime('2019-04-07', 'YYYY-MM-DD'), 'F');
INSERT INTO PUBLIC.SITEUSER (SITEUSERID, USERNAME, PASSWORD, FIRSTNAME, LASTNAME, EMAILADDRESS, PHONENUMBER, PRIMARYUSERROLEID, EMAILNOTIFICATION, LOCKED, CREATEDDATE, CREATEDBY, UPDATEDATE, UPDATEBY, DESCRIPTION, TIMELOCKED, PWCHANGEKEY, REGIONID, STATEID, ISDELETED, PWCHANGEDDATE, PWTEMPORARY) VALUES (625, 'mchoi1', 'gtgyHkReTkg1y3C3PJVpqszJzhjfnOH6nsIprru2SsALajPi2DXElNc0CZWskk4cnQM20cBTFCqHvSedLoNzWS3lxuU+w2Y0', 'Mark', 'Choi', 'mark.choi@icf.com', null, 4, 'T', 0, parseDateTime('2017-04-25 11:24:14', 'YYYY-MM-DD HH:mm:ss'), 'sysadmin', parseDateTime('2017-04-25 11:38:43', 'YYYY-MM-DD HH:mm:ss'), 'mchoi1', null, null, null, null, 57, 'T', parseDateTime('2017-04-25 12:15:07', 'YYYY-MM-DD HH:mm:ss'), 'F');
INSERT INTO PUBLIC.SITEUSER (SITEUSERID, USERNAME, PASSWORD, FIRSTNAME, LASTNAME, EMAILADDRESS, PHONENUMBER, PRIMARYUSERROLEID, EMAILNOTIFICATION, LOCKED, CREATEDDATE, CREATEDBY, UPDATEDATE, UPDATEBY, DESCRIPTION, TIMELOCKED, PWCHANGEKEY, REGIONID, STATEID, ISDELETED, PWCHANGEDDATE, PWTEMPORARY) VALUES (384, 'wvuser', 'Zdn1yi8Ye00xlz5yH6V7+L2N8RYqPFQ/s6Te/YZGbYSPK8jlSFVWsSWJi0qnax6lqMF08Ir+Z0uWibroFDhUkLcZ9GQ1Pij/', 'West Virginia', 'User', 'dschulze@icfi.com', null, 4, 'F', 0, parseDateTime('2017-05-08 18:38:05', 'YYYY-MM-DD HH:mm:ss'), 'sysadmin', parseDateTime('2017-05-08 18:38:09', 'YYYY-MM-DD HH:mm:ss'), 'sysadmin', null, null, null, null, 57, 'F', parseDateTime('2017-04-20 14:47:44', 'YYYY-MM-DD HH:mm:ss'), 'F');
INSERT INTO PUBLIC.SITEUSER (SITEUSERID, USERNAME, PASSWORD, FIRSTNAME, LASTNAME, EMAILADDRESS, PHONENUMBER, PRIMARYUSERROLEID, EMAILNOTIFICATION, LOCKED, CREATEDDATE, CREATEDBY, UPDATEDATE, UPDATEBY, DESCRIPTION, TIMELOCKED, PWCHANGEKEY, REGIONID, STATEID, ISDELETED, PWCHANGEDDATE, PWTEMPORARY) VALUES (21, 'navauser', 'l7+QX20HAaA5WMMK7lQrA60jJk1s9K1HAeT8t7GoWs3mOGu6RWXo1HLicRFiKqZwZiAQEJJgPuVSeAEx73WbPiMwozpQG5h1', 'navauser', 'navauser', 'nmallela@icfi.com', '5714902116', 1, 'T', 0, parseDateTime('2017-01-03 11:37:56', 'YYYY-MM-DD HH:mm:ss'), 'sysadmin', parseDateTime('2017-01-03 11:37:56', 'YYYY-MM-DD HH:mm:ss'), 'sysadmin', null, null, null, 1, 14, 'T', parseDateTime('2017-04-20 14:47:44', 'YYYY-MM-DD HH:mm:ss'), 'F');
INSERT INTO PUBLIC.SITEUSER (SITEUSERID, USERNAME, PASSWORD, FIRSTNAME, LASTNAME, EMAILADDRESS, PHONENUMBER, PRIMARYUSERROLEID, EMAILNOTIFICATION, LOCKED, CREATEDDATE, CREATEDBY, UPDATEDATE, UPDATEBY, DESCRIPTION, TIMELOCKED, PWCHANGEKEY, REGIONID, STATEID, ISDELETED, PWCHANGEDDATE, PWTEMPORARY) VALUES (445, 'mouser', '8DbxsWHRj7rfDIcWCvjXfwd4x/aSBhxphwomCfeQZXxnDj1apwJpekUZnUShI4O2QZf6JgjX2XKYGI2fF3tNq51lgIutizck', 'Missouri', 'User', 'null@null.com', null, 4, 'F', 0, parseDateTime('2017-05-08 18:38:05', 'YYYY-MM-DD HH:mm:ss'), 'sysadmin', parseDateTime('2017-05-08 18:38:09', 'YYYY-MM-DD HH:mm:ss'), 'sysadmin', null, null, null, null, 31, 'F', parseDateTime('2017-04-20 14:47:44', 'YYYY-MM-DD HH:mm:ss'), 'F');
INSERT INTO PUBLIC.SITEUSER (SITEUSERID, USERNAME, PASSWORD, FIRSTNAME, LASTNAME, EMAILADDRESS, PHONENUMBER, PRIMARYUSERROLEID, EMAILNOTIFICATION, LOCKED, CREATEDDATE, CREATEDBY, UPDATEDATE, UPDATEBY, DESCRIPTION, TIMELOCKED, PWCHANGEKEY, REGIONID, STATEID, ISDELETED, PWCHANGEDDATE, PWTEMPORARY) VALUES (762, 'mchoi7', '3RbTEW56iWTE2rRFef+nqrATpOqd0VigT/b0+i4n+fWjwcRRWNk2h+UF1vsDlM1y0UcAnGkzRNBwj5nDw7Yze5ThM0H6Dghm', 'Mark', 'Choi', '37897@icf.com', null, 4, 'F', 1, parseDateTime('2017-07-20 11:49:58', 'YYYY-MM-DD HH:mm:ss'), 'sysadmin', parseDateTime('2017-08-03 16:27:52', 'YYYY-MM-DD HH:mm:ss'), 'sysadmin', null, null, null, null, 51, 'T', parseDateTime('2017-07-21 14:16:04', 'YYYY-MM-DD HH:mm:ss'), 'F');
INSERT INTO PUBLIC.SITEUSER (SITEUSERID, USERNAME, PASSWORD, FIRSTNAME, LASTNAME, EMAILADDRESS, PHONENUMBER, PRIMARYUSERROLEID, EMAILNOTIFICATION, LOCKED, CREATEDDATE, CREATEDBY, UPDATEDATE, UPDATEBY, DESCRIPTION, TIMELOCKED, PWCHANGEKEY, REGIONID, STATEID, ISDELETED, PWCHANGEDDATE, PWTEMPORARY) VALUES (805, 'rsaroch', 'YG1YFHD6Fmhv/vqdQcOJl6oN1FBO62fFvqb3VhMl3rjJYu92Eyov4oYn2aQHTpFcagKQaEMMbgFwERxxBAldQhCgTKmHA6KO', 'ranju', 'test', 'rsaroch@icfi.com', null, 1, 'F', 0, parseDateTime('2017-08-03 17:36:37', 'YYYY-MM-DD HH:mm:ss'), 'sysadmin', parseDateTime('2017-10-20 17:27:09', 'YYYY-MM-DD HH:mm:ss'), 'sysadmin', null, null, null, null, null, 'F', parseDateTime('2017-08-03 17:36:37', 'YYYY-MM-DD HH:mm:ss'), 'T');
INSERT INTO PUBLIC.SITEUSER (SITEUSERID, USERNAME, PASSWORD, FIRSTNAME, LASTNAME, EMAILADDRESS, PHONENUMBER, PRIMARYUSERROLEID, EMAILNOTIFICATION, LOCKED, CREATEDDATE, CREATEDBY, UPDATEDATE, UPDATEBY, DESCRIPTION, TIMELOCKED, PWCHANGEKEY, REGIONID, STATEID, ISDELETED, PWCHANGEDDATE, PWTEMPORARY) VALUES (902, 'ranjuWI', 'PDockEbgQmBizBhuVNqarA/t2pLuPeu1b8GSO3VM263Hsl32Ixc8Oo0CrmpfuJyJTOQ4wAfZMBLHIDVOESnYQJPBgudBInR3', 'RanjuWI', 'Wisconsin', 'RSaroch@icfconsulting.com', null, 4, 'F', 0, parseDateTime('2017-11-06 11:57:23', 'YYYY-MM-DD HH:mm:ss'), 'sysadmin', parseDateTime('2018-02-23 14:11:21', 'YYYY-MM-DD HH:mm:ss'), 'sysadmin', null, null, null, null, 58, 'T', parseDateTime('2018-02-23 14:11:21', 'YYYY-MM-DD HH:mm:ss'), 'F');
INSERT INTO PUBLIC.SITEUSER (SITEUSERID, USERNAME, PASSWORD, FIRSTNAME, LASTNAME, EMAILADDRESS, PHONENUMBER, PRIMARYUSERROLEID, EMAILNOTIFICATION, LOCKED, CREATEDDATE, CREATEDBY, UPDATEDATE, UPDATEBY, DESCRIPTION, TIMELOCKED, PWCHANGEKEY, REGIONID, STATEID, ISDELETED, PWCHANGEDDATE, PWTEMPORARY) VALUES (922, 'ORStateUSer', 'DB2aL4AwDtsl3kdDxSrVdjqeS4oVsvZWtDDKVIWkE9/5bdnU7eQ4Y2NChUyULujaWsjwRpIb90EE4+8hHd19FwwTRw8WAg+3', 'Oregon', 'StateUser', 'none@none.com', null, 4, 'F', 0, parseDateTime('2017-11-13 12:52:44', 'YYYY-MM-DD HH:mm:ss'), 'sysadmin', parseDateTime('2018-05-17 14:02:48', 'YYYY-MM-DD HH:mm:ss'), 'sysadmin', null, null, null, null, 43, 'F', parseDateTime('2017-11-13 12:54:29', 'YYYY-MM-DD HH:mm:ss'), 'F');
INSERT INTO PUBLIC.SITEUSER (SITEUSERID, USERNAME, PASSWORD, FIRSTNAME, LASTNAME, EMAILADDRESS, PHONENUMBER, PRIMARYUSERROLEID, EMAILNOTIFICATION, LOCKED, CREATEDDATE, CREATEDBY, UPDATEDATE, UPDATEBY, DESCRIPTION, TIMELOCKED, PWCHANGEKEY, REGIONID, STATEID, ISDELETED, PWCHANGEDDATE, PWTEMPORARY) VALUES (962, 'WITestUser', '2gTQLsvnO752f+ab76Z7Pvhk5KpL8eD14nSo1570UJtau/cTopu0H4+JC6jZEeFtYBlinddvJV7YbBlM53TZwZ3kM9qGV0Ld', 'WITestUser', 'WITestUser', 'ranju.saroch+wiTest@gmail.com', null, 4, 'F', 0, parseDateTime('2018-01-04 12:05:24', 'YYYY-MM-DD HH:mm:ss'), 'sysadmin', parseDateTime('2021-04-06 22:27:39', 'YYYY-MM-DD HH:mm:ss'), 'sysadmin', null, null, null, null, 58, 'F', parseDateTime('2021-07-15 11:59:05', 'YYYY-MM-DD HH:mm:ss'), 'F');
INSERT INTO PUBLIC.SITEUSER (SITEUSERID, USERNAME, PASSWORD, FIRSTNAME, LASTNAME, EMAILADDRESS, PHONENUMBER, PRIMARYUSERROLEID, EMAILNOTIFICATION, LOCKED, CREATEDDATE, CREATEDBY, UPDATEDATE, UPDATEBY, DESCRIPTION, TIMELOCKED, PWCHANGEKEY, REGIONID, STATEID, ISDELETED, PWCHANGEDDATE, PWTEMPORARY) VALUES (982, 'coloradouser', 'd9WeuJyq3lT/wK/Chp460DwQhada5CWBJV26wpTIwc0ZeUAqju8l2fqXwv1dJwF3V/13booJg+e6XzK7nVvXgrHJTWz/sa2Z', 'colorado', 'user', 'none@none.com', null, 4, 'F', 0, parseDateTime('2018-01-19 14:22:21', 'YYYY-MM-DD HH:mm:ss'), 'sysadmin', parseDateTime('2019-11-21 10:22:20', 'YYYY-MM-DD HH:mm:ss'), 'sysadmin', null, null, null, null, 7, 'F', parseDateTime('2018-09-28 09:13:13', 'YYYY-MM-DD HH:mm:ss'), 'F');
INSERT INTO PUBLIC.SITEUSER (SITEUSERID, USERNAME, PASSWORD, FIRSTNAME, LASTNAME, EMAILADDRESS, PHONENUMBER, PRIMARYUSERROLEID, EMAILNOTIFICATION, LOCKED, CREATEDDATE, CREATEDBY, UPDATEDATE, UPDATEBY, DESCRIPTION, TIMELOCKED, PWCHANGEKEY, REGIONID, STATEID, ISDELETED, PWCHANGEDDATE, PWTEMPORARY) VALUES (1022, 'ranjuky', 'BBOrZ3Uk4Z2nnbQRSZ/hSx0znt42g7rTHD9n476YymsvF/H0kd8plm+rc5pov3S+UP6Zk5JSd80Na2zdyPHkYYLMRy3Un4WD', 'RanjuKY', 'KY', 'ranju.saroch@caliber.com', null, 4, 'F', 0, parseDateTime('2018-03-02 16:04:49', 'YYYY-MM-DD HH:mm:ss'), 'sysadmin', parseDateTime('2018-03-02 16:04:49', 'YYYY-MM-DD HH:mm:ss'), 'sysadmin', null, null, null, null, 22, 'F', parseDateTime('2018-03-02 16:05:26', 'YYYY-MM-DD HH:mm:ss'), 'F');
INSERT INTO PUBLIC.SITEUSER (SITEUSERID, USERNAME, PASSWORD, FIRSTNAME, LASTNAME, EMAILADDRESS, PHONENUMBER, PRIMARYUSERROLEID, EMAILNOTIFICATION, LOCKED, CREATEDDATE, CREATEDBY, UPDATEDATE, UPDATEBY, DESCRIPTION, TIMELOCKED, PWCHANGEKEY, REGIONID, STATEID, ISDELETED, PWCHANGEDDATE, PWTEMPORARY) VALUES (1083, 'test', null, 'test', 'testing', 'test@testing.com', null, 3, 'F', 0, parseDateTime('2018-05-11 13:33:32', 'YYYY-MM-DD HH:mm:ss'), 'sysadmin', parseDateTime('2018-05-14 10:47:29', 'YYYY-MM-DD HH:mm:ss'), 'sysadmin', null, null, null, 8, null, 'F', parseDateTime('2018-05-11 13:33:28', 'YYYY-MM-DD HH:mm:ss'), 'T');
INSERT INTO PUBLIC.SITEUSER (SITEUSERID, USERNAME, PASSWORD, FIRSTNAME, LASTNAME, EMAILADDRESS, PHONENUMBER, PRIMARYUSERROLEID, EMAILNOTIFICATION, LOCKED, CREATEDDATE, CREATEDBY, UPDATEDATE, UPDATEBY, DESCRIPTION, TIMELOCKED, PWCHANGEKEY, REGIONID, STATEID, ISDELETED, PWCHANGEDDATE, PWTEMPORARY) VALUES (1102, 'tuser', null, 'Test', 'User', 'mchoi@icf.com', null, 3, 'T', 0, parseDateTime('2018-05-15 08:32:46', 'YYYY-MM-DD HH:mm:ss'), 'sysadmin', parseDateTime('2018-06-25 16:07:43', 'YYYY-MM-DD HH:mm:ss'), 'sysadmin', null, null, null, 10, null, 'F', parseDateTime('2018-05-15 08:32:46', 'YYYY-MM-DD HH:mm:ss'), 'T');
INSERT INTO PUBLIC.SITEUSER (SITEUSERID, USERNAME, PASSWORD, FIRSTNAME, LASTNAME, EMAILADDRESS, PHONENUMBER, PRIMARYUSERROLEID, EMAILNOTIFICATION, LOCKED, CREATEDDATE, CREATEDBY, UPDATEDATE, UPDATEBY, DESCRIPTION, TIMELOCKED, PWCHANGEKEY, REGIONID, STATEID, ISDELETED, PWCHANGEDDATE, PWTEMPORARY) VALUES (1103, 'csharma1', null, 'Chris', 'Sharma', 'prince.sharma@noney.com', null, 3, 'F', 0, parseDateTime('2018-05-16 12:38:32', 'YYYY-MM-DD HH:mm:ss'), 'sysadmin', parseDateTime('2018-05-17 14:05:20', 'YYYY-MM-DD HH:mm:ss'), 'sysadmin', null, null, null, 1, null, 'F', parseDateTime('2018-05-16 12:38:32', 'YYYY-MM-DD HH:mm:ss'), 'T');
INSERT INTO PUBLIC.SITEUSER (SITEUSERID, USERNAME, PASSWORD, FIRSTNAME, LASTNAME, EMAILADDRESS, PHONENUMBER, PRIMARYUSERROLEID, EMAILNOTIFICATION, LOCKED, CREATEDDATE, CREATEDBY, UPDATEDATE, UPDATEBY, DESCRIPTION, TIMELOCKED, PWCHANGEKEY, REGIONID, STATEID, ISDELETED, PWCHANGEDDATE, PWTEMPORARY) VALUES (541, 'test1', '9RWtmDEocUa8694/3Nwy1pFL/m1rV2te9XeE1/TfnCs39LIzrZogDpv4S5U/6oTxuTJkeOZd7Pc3LUzw0UKNOGj/8b+SdaZp', 'mutsuo', 'state', 'mutsuo.ishijima@icf.com', '111-111-1111', 4, 'T', 0, parseDateTime('2017-04-21 14:56:46', 'YYYY-MM-DD HH:mm:ss'), 'sysadmin', parseDateTime('2021-05-04 22:13:48', 'YYYY-MM-DD HH:mm:ss'), 'mutsuoadmin', null, null, null, null, 47, 'F', parseDateTime('2021-04-28 11:41:01', 'YYYY-MM-DD HH:mm:ss'), 'F');
INSERT INTO PUBLIC.SITEUSER (SITEUSERID, USERNAME, PASSWORD, FIRSTNAME, LASTNAME, EMAILADDRESS, PHONENUMBER, PRIMARYUSERROLEID, EMAILNOTIFICATION, LOCKED, CREATEDDATE, CREATEDBY, UPDATEDATE, UPDATEBY, DESCRIPTION, TIMELOCKED, PWCHANGEKEY, REGIONID, STATEID, ISDELETED, PWCHANGEDDATE, PWTEMPORARY) VALUES (542, 'test2', 'vKgJ+JtmF0scd6/scM0TP7wgCdLbD4RgAftwuEgktGsDPQq/mlX0JGgEqO2xdj8CjkAeKFZ90K5NQuZf94jait7Rr4rKWTXc', 'mutsuo', 'test2', 'mutsuo.ishijima@icfi.com', '222-222-2222', 4, 'T', 0, parseDateTime('2017-04-14 16:06:01', 'YYYY-MM-DD HH:mm:ss'), 'sysadmin', parseDateTime('2017-04-20 16:15:31', 'YYYY-MM-DD HH:mm:ss'), 'sysadmin', null, null, null, null, 6, 'T', parseDateTime('2017-04-20 16:15:30', 'YYYY-MM-DD HH:mm:ss'), 'F');
INSERT INTO PUBLIC.SITEUSER (SITEUSERID, USERNAME, PASSWORD, FIRSTNAME, LASTNAME, EMAILADDRESS, PHONENUMBER, PRIMARYUSERROLEID, EMAILNOTIFICATION, LOCKED, CREATEDDATE, CREATEDBY, UPDATEDATE, UPDATEBY, DESCRIPTION, TIMELOCKED, PWCHANGEKEY, REGIONID, STATEID, ISDELETED, PWCHANGEDDATE, PWTEMPORARY) VALUES (580, 'RIStateUser', 'ehgMqVxdBdS3L6bJ9sIEZge34EBbCXLNDPrCUWsQv5A0Fx1FxBDb843u/cz6hEVk4L53KfF7e1EsSZ3NlsKvQZrJ/LlLZUqK', 'RodeIsland', 'StateUser', 'mutsuo.ishijima@icfi.com', null, 4, 'T', 0, parseDateTime('2017-04-17 15:49:17', 'YYYY-MM-DD HH:mm:ss'), 'sysadmin', parseDateTime('2020-06-11 13:53:18', 'YYYY-MM-DD HH:mm:ss'), 'RIStateUser', null, null, null, null, 47, 'F', parseDateTime('2021-04-06 21:23:05', 'YYYY-MM-DD HH:mm:ss'), 'F');
INSERT INTO PUBLIC.SITEUSER (SITEUSERID, USERNAME, PASSWORD, FIRSTNAME, LASTNAME, EMAILADDRESS, PHONENUMBER, PRIMARYUSERROLEID, EMAILNOTIFICATION, LOCKED, CREATEDDATE, CREATEDBY, UPDATEDATE, UPDATEBY, DESCRIPTION, TIMELOCKED, PWCHANGEKEY, REGIONID, STATEID, ISDELETED, PWCHANGEDDATE, PWTEMPORARY) VALUES (581, 'schoi', 'qOlEcUUMtnqGGAmzlWRdQLwA0HLG2CQNwabmTzYynP5SWXql+tqh7arYx6/oKwQ6EJhw+S1bJHLKFhLxQLU8QbgIJsEk+AgI', 'Sung', 'Choi', 'schoivt@gmail.com', null, 4, 'F', 0, parseDateTime('2017-04-19 08:38:57', 'YYYY-MM-DD HH:mm:ss'), 'sysadmin', parseDateTime('2017-04-19 08:38:57', 'YYYY-MM-DD HH:mm:ss'), 'sysadmin', null, null, '12A43C4FC0B566', null, 47, 'T', parseDateTime('2017-04-20 14:47:44', 'YYYY-MM-DD HH:mm:ss'), 'F');
INSERT INTO PUBLIC.SITEUSER (SITEUSERID, USERNAME, PASSWORD, FIRSTNAME, LASTNAME, EMAILADDRESS, PHONENUMBER, PRIMARYUSERROLEID, EMAILNOTIFICATION, LOCKED, CREATEDDATE, CREATEDBY, UPDATEDATE, UPDATEBY, DESCRIPTION, TIMELOCKED, PWCHANGEKEY, REGIONID, STATEID, ISDELETED, PWCHANGEDDATE, PWTEMPORARY) VALUES (584, 'tchoi1', 'YutW39xc3tVTCYsJ1xofs78JNJcROC6sMu5UcVocUVFxnGKXAu63brAnDaglPxRK4ZG1ibTY58x/vEmE/tZvjL+polU5JUCf', 'Testt', 'Choi', 'mchoi1@mail.com', null, 4, 'F', 0, parseDateTime('2017-05-08 18:38:05', 'YYYY-MM-DD HH:mm:ss'), 'sysadmin', parseDateTime('2017-05-08 18:38:09', 'YYYY-MM-DD HH:mm:ss'), 'sysadmin', null, null, null, null, 47, 'T', parseDateTime('2017-04-20 14:47:44', 'YYYY-MM-DD HH:mm:ss'), 'F');
INSERT INTO PUBLIC.SITEUSER (SITEUSERID, USERNAME, PASSWORD, FIRSTNAME, LASTNAME, EMAILADDRESS, PHONENUMBER, PRIMARYUSERROLEID, EMAILNOTIFICATION, LOCKED, CREATEDDATE, CREATEDBY, UPDATEDATE, UPDATEBY, DESCRIPTION, TIMELOCKED, PWCHANGEKEY, REGIONID, STATEID, ISDELETED, PWCHANGEDDATE, PWTEMPORARY) VALUES (583, 'tchoi', 'ieILq9w1sPWyXUIjGrf0dBGSBdtgI7rLOTeiaPaWe+fQeO+nvBOsQSEksPekSycmKwx8B0SOFurzpFvbuOD+X0rWPV2Sc3qU', 'Test', 'Choi', 'mchoi1@mail.com', null, 4, 'F', 0, parseDateTime('2017-04-19 09:34:46', 'YYYY-MM-DD HH:mm:ss'), 'sysadmin', parseDateTime('2017-04-19 09:34:46', 'YYYY-MM-DD HH:mm:ss'), 'sysadmin', null, null, 'FDB3D924F52766', null, 47, 'T', parseDateTime('2017-04-20 14:47:44', 'YYYY-MM-DD HH:mm:ss'), 'F');
INSERT INTO PUBLIC.SITEUSER (SITEUSERID, USERNAME, PASSWORD, FIRSTNAME, LASTNAME, EMAILADDRESS, PHONENUMBER, PRIMARYUSERROLEID, EMAILNOTIFICATION, LOCKED, CREATEDDATE, CREATEDBY, UPDATEDATE, UPDATEBY, DESCRIPTION, TIMELOCKED, PWCHANGEKEY, REGIONID, STATEID, ISDELETED, PWCHANGEDDATE, PWTEMPORARY) VALUES (702, 'icftestok', 'Jurej7oC8i05I7eX0nyWPSXfJgEd6FbD/e78DvJe29dPtCG3oPdpjur4hLYHEPQLZUWDCCnew+d/GVkNGoSgnvVg6yTEcb1h', 'OK', 'User', 'Prashanth.Nagapaga@icfi.com', null, 4, 'F', 0, parseDateTime('2017-05-18 09:35:38', 'YYYY-MM-DD HH:mm:ss'), 'sysadmin', parseDateTime('2017-05-18 09:35:38', 'YYYY-MM-DD HH:mm:ss'), 'sysadmin', null, null, null, null, 42, 'F', parseDateTime('2017-10-22 16:44:41', 'YYYY-MM-DD HH:mm:ss'), 'F');
INSERT INTO PUBLIC.SITEUSER (SITEUSERID, USERNAME, PASSWORD, FIRSTNAME, LASTNAME, EMAILADDRESS, PHONENUMBER, PRIMARYUSERROLEID, EMAILNOTIFICATION, LOCKED, CREATEDDATE, CREATEDBY, UPDATEDATE, UPDATEBY, DESCRIPTION, TIMELOCKED, PWCHANGEKEY, REGIONID, STATEID, ISDELETED, PWCHANGEDDATE, PWTEMPORARY) VALUES (703, 'icftestok1', 'xrYVAlDNPadnG4ApnaGO9SzFPR+stzll6BKTg0G9lplPn2NaZRtPBCXR4upBv3uXLCdVW9asFVeO44YG8DSm25KaQAnja1al', 'ICF Test OK', 'User', 'Prashanth.Nagapaga@icf.com', null, 4, 'F', 0, parseDateTime('2017-05-18 09:40:07', 'YYYY-MM-DD HH:mm:ss'), 'sysadmin', parseDateTime('2017-05-18 09:40:07', 'YYYY-MM-DD HH:mm:ss'), 'sysadmin', null, null, null, null, 42, 'F', parseDateTime('2017-05-18 09:40:44', 'YYYY-MM-DD HH:mm:ss'), 'F');
INSERT INTO PUBLIC.SITEUSER (SITEUSERID, USERNAME, PASSWORD, FIRSTNAME, LASTNAME, EMAILADDRESS, PHONENUMBER, PRIMARYUSERROLEID, EMAILNOTIFICATION, LOCKED, CREATEDDATE, CREATEDBY, UPDATEDATE, UPDATEBY, DESCRIPTION, TIMELOCKED, PWCHANGEKEY, REGIONID, STATEID, ISDELETED, PWCHANGEDDATE, PWTEMPORARY) VALUES (782, 'VAStateUser', 'sCJ058ePbKwpq0tW6gY0+LIJyS77o4ud5pY4FwFgqNYyfkGQfDqUNU6AO97H6cFMj8p4H/gOCkZpeKfqlPMxSFFvirxm3qTy', 'VAStateUser', 'Virginia', 'ranju.saroch@gmail.com', null, 4, 'F', 0, parseDateTime('2017-07-27 21:49:30', 'YYYY-MM-DD HH:mm:ss'), 'sysadmin', parseDateTime('2021-04-06 22:27:08', 'YYYY-MM-DD HH:mm:ss'), 'sysadmin', null, null, null, 3, 55, 'F', parseDateTime('2019-12-04 10:26:57', 'YYYY-MM-DD HH:mm:ss'), 'F');
INSERT INTO PUBLIC.SITEUSER (SITEUSERID, USERNAME, PASSWORD, FIRSTNAME, LASTNAME, EMAILADDRESS, PHONENUMBER, PRIMARYUSERROLEID, EMAILNOTIFICATION, LOCKED, CREATEDDATE, CREATEDBY, UPDATEDATE, UPDATEBY, DESCRIPTION, TIMELOCKED, PWCHANGEKEY, REGIONID, STATEID, ISDELETED, PWCHANGEDDATE, PWTEMPORARY) VALUES (886, 'mchoi11', 'ysbPPahu253+lWjzN3cvnZIzN0kVo+Cvq6LA8hTWJR8gcHEM1gJRc4VXeQEh3iJK6RJHjoJfa+4xz7m4m5um0brBi0hyb9ZG', 'Mark', 'Choi', 'mark.choi@icfi.com', '1231231231', 4, 'F', 0, parseDateTime('2017-10-23 08:51:15', 'YYYY-MM-DD HH:mm:ss'), 'sysadmin', parseDateTime('2020-04-03 14:53:31', 'YYYY-MM-DD HH:mm:ss'), 'sysadmin', null, null, null, 8, 47, 'F', parseDateTime('2020-05-20 19:04:13', 'YYYY-MM-DD HH:mm:ss'), 'F');
INSERT INTO PUBLIC.SITEUSER (SITEUSERID, USERNAME, PASSWORD, FIRSTNAME, LASTNAME, EMAILADDRESS, PHONENUMBER, PRIMARYUSERROLEID, EMAILNOTIFICATION, LOCKED, CREATEDDATE, CREATEDBY, UPDATEDATE, UPDATEBY, DESCRIPTION, TIMELOCKED, PWCHANGEKEY, REGIONID, STATEID, ISDELETED, PWCHANGEDDATE, PWTEMPORARY) VALUES (942, 'rghattu', 'P67U39RRxc76XpBT6xAJXLpZcs+mF47q/SoA3rT0GcZgNIDHRCKBK2zmIJIgiRSAQ2K8OQXN9xIHmjx2ezsB1CvPZCro9/+5', 'Rama', 'Ghattu', 'rama.ghattu@icf.com', null, 4, 'F', 0, parseDateTime('2017-12-13 15:29:46', 'YYYY-MM-DD HH:mm:ss'), 'sysadmin', parseDateTime('2018-05-17 15:13:05', 'YYYY-MM-DD HH:mm:ss'), 'sysadmin', null, null, null, 4, 2, 'F', parseDateTime('2017-12-20 12:44:00', 'YYYY-MM-DD HH:mm:ss'), 'F');
INSERT INTO PUBLIC.SITEUSER (SITEUSERID, USERNAME, PASSWORD, FIRSTNAME, LASTNAME, EMAILADDRESS, PHONENUMBER, PRIMARYUSERROLEID, EMAILNOTIFICATION, LOCKED, CREATEDDATE, CREATEDBY, UPDATEDATE, UPDATEBY, DESCRIPTION, TIMELOCKED, PWCHANGEKEY, REGIONID, STATEID, ISDELETED, PWCHANGEDDATE, PWTEMPORARY) VALUES (571, 'psharma1', 'lDQRquR7oiWGfGUjTPPCSvYDoiGEIiPtBAXbf4e5g7GRQ5FS+PpfmrOhZPknbpwKZ41oSp0USse7myluZgvEg0v4IOu5d/3V', 'Prince', 'Sharma', 'prince.sharma@none.com', null, 1, 'T', 0, parseDateTime('2017-04-12 17:29:25', 'YYYY-MM-DD HH:mm:ss'), 'sysadmin', parseDateTime('2018-05-16 15:19:34', 'YYYY-MM-DD HH:mm:ss'), 'sysadmin', null, null, null, null, null, 'F', parseDateTime('2017-10-17 18:20:53', 'YYYY-MM-DD HH:mm:ss'), 'F');
INSERT INTO PUBLIC.SITEUSER (SITEUSERID, USERNAME, PASSWORD, FIRSTNAME, LASTNAME, EMAILADDRESS, PHONENUMBER, PRIMARYUSERROLEID, EMAILNOTIFICATION, LOCKED, CREATEDDATE, CREATEDBY, UPDATEDATE, UPDATEBY, DESCRIPTION, TIMELOCKED, PWCHANGEKEY, REGIONID, STATEID, ISDELETED, PWCHANGEDDATE, PWTEMPORARY) VALUES (570, 'psharma', 'fW7qkW+/+Y9DbUPFdw6NPwzIh83SrhV2kVw1yNYHQHi4sn4vutCe7cYMTrSFDopVyAT+P67vbTEZIOrSbgMxT2TRY3VPWwBK', 'Prince', 'Sharma', 'prince.sharma@i.com', null, 1, 'F', 0, parseDateTime('2017-04-12 17:27:25', 'YYYY-MM-DD HH:mm:ss'), 'sysadmin', parseDateTime('2017-10-17 09:23:25', 'YYYY-MM-DD HH:mm:ss'), 'sysadmin', null, null, '56EA4BCC1BC044', null, null, 'T', parseDateTime('2017-08-04 10:25:01', 'YYYY-MM-DD HH:mm:ss'), 'F');
INSERT INTO PUBLIC.SITEUSER (SITEUSERID, USERNAME, PASSWORD, FIRSTNAME, LASTNAME, EMAILADDRESS, PHONENUMBER, PRIMARYUSERROLEID, EMAILNOTIFICATION, LOCKED, CREATEDDATE, CREATEDBY, UPDATEDATE, UPDATEBY, DESCRIPTION, TIMELOCKED, PWCHANGEKEY, REGIONID, STATEID, ISDELETED, PWCHANGEDDATE, PWTEMPORARY) VALUES (575, 'Navauser', 'CWJlvaXw8zxtXeVTVlmavLfQzTcenqwOhoY4H61K4srDHGtEasePrJrdpfe8j1sHdZdoGImx4o0tDKP9av9dyitg51zS51KM', 'Nava', 'User', 'nmallela@icfi.com', null, 1, 'F', 0, parseDateTime('2017-04-13 13:21:43', 'YYYY-MM-DD HH:mm:ss'), 'sysadmin', parseDateTime('2017-04-13 13:21:43', 'YYYY-MM-DD HH:mm:ss'), 'sysadmin', null, null, null, null, null, 'F', parseDateTime('2017-04-20 14:47:44', 'YYYY-MM-DD HH:mm:ss'), 'F');
INSERT INTO PUBLIC.SITEUSER (SITEUSERID, USERNAME, PASSWORD, FIRSTNAME, LASTNAME, EMAILADDRESS, PHONENUMBER, PRIMARYUSERROLEID, EMAILNOTIFICATION, LOCKED, CREATEDDATE, CREATEDBY, UPDATEDATE, UPDATEBY, DESCRIPTION, TIMELOCKED, PWCHANGEKEY, REGIONID, STATEID, ISDELETED, PWCHANGEDDATE, PWTEMPORARY) VALUES (573, 'mchoi', '8M2BdLu7yZe0LHwzeeZlF4wju8GBPMAQ3wPLFD7XUZE7UgwMpatufx/+K/NBTPuGbeHNsqw5MUHnVOR5p6IhDGXgdvB8W9NM', 'Mark', 'Choi', 'mark.choi@icf.com', '7039096709', 4, 'T', 0, parseDateTime('2017-04-13 08:54:43', 'YYYY-MM-DD HH:mm:ss'), 'sysadmin', parseDateTime('2017-04-13 08:54:43', 'YYYY-MM-DD HH:mm:ss'), 'sysadmin', null, null, 'FB54886A82CB39', null, 47, 'T', parseDateTime('2017-04-20 14:47:44', 'YYYY-MM-DD HH:mm:ss'), 'F');
INSERT INTO PUBLIC.SITEUSER (SITEUSERID, USERNAME, PASSWORD, FIRSTNAME, LASTNAME, EMAILADDRESS, PHONENUMBER, PRIMARYUSERROLEID, EMAILNOTIFICATION, LOCKED, CREATEDDATE, CREATEDBY, UPDATEDATE, UPDATEBY, DESCRIPTION, TIMELOCKED, PWCHANGEKEY, REGIONID, STATEID, ISDELETED, PWCHANGEDDATE, PWTEMPORARY) VALUES (585, 'mchoi2', 'JS5nw7g0gmqOEjP2uDyx24Wm6u3LE/GaFmmofEQ0+kca4N5xPYas1x4jNkI2fgttyKbA1mPo8oddP23EMGN8DK3UIGS8G/vO', 'Mark', 'Choi', 'mark.choi@icf.com', null, 4, 'F', 0, parseDateTime('2017-04-20 12:12:10', 'YYYY-MM-DD HH:mm:ss'), 'sysadmin', parseDateTime('2017-04-20 12:12:10', 'YYYY-MM-DD HH:mm:ss'), 'sysadmin', null, null, null, null, 57, 'T', parseDateTime('2017-04-20 14:47:44', 'YYYY-MM-DD HH:mm:ss'), 'F');
INSERT INTO PUBLIC.SITEUSER (SITEUSERID, USERNAME, PASSWORD, FIRSTNAME, LASTNAME, EMAILADDRESS, PHONENUMBER, PRIMARYUSERROLEID, EMAILNOTIFICATION, LOCKED, CREATEDDATE, CREATEDBY, UPDATEDATE, UPDATEBY, DESCRIPTION, TIMELOCKED, PWCHANGEKEY, REGIONID, STATEID, ISDELETED, PWCHANGEDDATE, PWTEMPORARY) VALUES (2042, 'test-r1', 'qwoHY8VShuruHMnPRzAU+YNRfjrMGAQNF4YAAl7QPQNB3ZKjU7zQP4Huca2ZoeV1abL5Hl+FG1Fkaaaca1prBnfVreO6u7pn', 'test', 'test', 'test@test.com', null, 3, 'F', 0, parseDateTime('2021-07-23 07:17:52', 'YYYY-MM-DD HH:mm:ss'), 'michael-sysadmin', parseDateTime('2021-07-23 07:28:44', 'YYYY-MM-DD HH:mm:ss'), 'michael-sysadmin', null, null, null, 1, null, 'F', parseDateTime('2021-07-23 20:31:12', 'YYYY-MM-DD HH:mm:ss'), 'F');
INSERT INTO PUBLIC.SITEUSER (SITEUSERID, USERNAME, PASSWORD, FIRSTNAME, LASTNAME, EMAILADDRESS, PHONENUMBER, PRIMARYUSERROLEID, EMAILNOTIFICATION, LOCKED, CREATEDDATE, CREATEDBY, UPDATEDATE, UPDATEBY, DESCRIPTION, TIMELOCKED, PWCHANGEKEY, REGIONID, STATEID, ISDELETED, PWCHANGEDDATE, PWTEMPORARY) VALUES (602, 'shaywood', 'lQIR6u3KIyMzREHSSDxScvOkLggvO7QU58FUf+hReTYm7l4+4XmDVUJqYAOEOdhVFfn9vhvachxXJ8ODhh0FJPAOnYiw0dHl', 'Susan', 'Haywood', 'andrea.grimaldi2@icfi.com', null, 4, 'T', 0, parseDateTime('2017-04-20 13:16:49', 'YYYY-MM-DD HH:mm:ss'), 'sysadmin', parseDateTime('2017-04-20 13:17:52', 'YYYY-MM-DD HH:mm:ss'), 'sysadmin', null, null, null, null, 24, 'T', parseDateTime('2017-04-20 14:47:44', 'YYYY-MM-DD HH:mm:ss'), 'F');
INSERT INTO PUBLIC.SITEUSER (SITEUSERID, USERNAME, PASSWORD, FIRSTNAME, LASTNAME, EMAILADDRESS, PHONENUMBER, PRIMARYUSERROLEID, EMAILNOTIFICATION, LOCKED, CREATEDDATE, CREATEDBY, UPDATEDATE, UPDATEBY, DESCRIPTION, TIMELOCKED, PWCHANGEKEY, REGIONID, STATEID, ISDELETED, PWCHANGEDDATE, PWTEMPORARY) VALUES (643, 'mchoi4', '4B8Lsf59kELWQp3kFIRXtVUmJVtGDsXjMunSNgCyMcyaRCFn49CDbU6ZcD6h2nD9ViUtYlkRRnM5M67tVLylYuJzP5qUzjW/', 'Mark', 'Choi', 'mark.choi@icf.com', null, 4, 'F', 0, parseDateTime('2017-04-26 13:13:20', 'YYYY-MM-DD HH:mm:ss'), 'sysadmin', parseDateTime('2017-04-26 13:13:20', 'YYYY-MM-DD HH:mm:ss'), 'sysadmin', null, null, null, null, 20, 'T', parseDateTime('2017-04-26 13:24:01', 'YYYY-MM-DD HH:mm:ss'), 'F');
INSERT INTO PUBLIC.SITEUSER (SITEUSERID, USERNAME, PASSWORD, FIRSTNAME, LASTNAME, EMAILADDRESS, PHONENUMBER, PRIMARYUSERROLEID, EMAILNOTIFICATION, LOCKED, CREATEDDATE, CREATEDBY, UPDATEDATE, UPDATEBY, DESCRIPTION, TIMELOCKED, PWCHANGEKEY, REGIONID, STATEID, ISDELETED, PWCHANGEDDATE, PWTEMPORARY) VALUES (645, 'mchoi3', 'YMuDDO2PBKA4iFzRfzfNas4P3Ne7FJ6vAaHK8D0A0aU0eI3HDirgYXc0hmW4Kr73zSeL2LUDAYqJXt4Fpmw4uGcqkCZbhxnQ', 'Mark', 'Choi', 'mark.choi@icf.com', null, 4, 'T', 0, parseDateTime('2017-04-26 13:15:23', 'YYYY-MM-DD HH:mm:ss'), 'sysadmin', parseDateTime('2017-08-10 13:18:19', 'YYYY-MM-DD HH:mm:ss'), 'sysadmin', null, null, 'F7DE7E92842C3B', null, 47, 'T', parseDateTime('2017-10-12 09:40:48', 'YYYY-MM-DD HH:mm:ss'), 'F');
INSERT INTO PUBLIC.SITEUSER (SITEUSERID, USERNAME, PASSWORD, FIRSTNAME, LASTNAME, EMAILADDRESS, PHONENUMBER, PRIMARYUSERROLEID, EMAILNOTIFICATION, LOCKED, CREATEDDATE, CREATEDBY, UPDATEDATE, UPDATEBY, DESCRIPTION, TIMELOCKED, PWCHANGEKEY, REGIONID, STATEID, ISDELETED, PWCHANGEDDATE, PWTEMPORARY) VALUES (663, 'mchoi5', 'Sw7/N7GDWnYLOvba7W9/9fZG90t7ezZ62VHvIL4lCnXjoyWeMBhTUQpBj+0qmcAFkvbswSEFT9cUa9YqF8YUMcJE3kUKTbpE', 'Mark', 'Choi', 'mark.choi@icf.com', null, 4, 'F', 0, parseDateTime('2017-04-27 12:14:07', 'YYYY-MM-DD HH:mm:ss'), 'sysadmin', parseDateTime('2017-04-27 12:14:07', 'YYYY-MM-DD HH:mm:ss'), 'sysadmin', null, null, null, null, 36, 'T', parseDateTime('2017-04-27 12:15:04', 'YYYY-MM-DD HH:mm:ss'), 'F');
INSERT INTO PUBLIC.SITEUSER (SITEUSERID, USERNAME, PASSWORD, FIRSTNAME, LASTNAME, EMAILADDRESS, PHONENUMBER, PRIMARYUSERROLEID, EMAILNOTIFICATION, LOCKED, CREATEDDATE, CREATEDBY, UPDATEDATE, UPDATEBY, DESCRIPTION, TIMELOCKED, PWCHANGEKEY, REGIONID, STATEID, ISDELETED, PWCHANGEDDATE, PWTEMPORARY) VALUES (682, 'mchoi6', 'XzqVmKjd91NlOObHJsgy3hErQJjisyACjgLxZvMwVwpAnkYWvmifPFB0i8sQ6vD6Jo6hMHHDZAnXRkQPkxJxyiE7yrF1BIqj', 'Mark', 'Choi', 'mark.choi@icf.com', null, 4, 'T', 0, parseDateTime('2017-05-01 16:02:29', 'YYYY-MM-DD HH:mm:ss'), 'sysadmin', parseDateTime('2017-08-08 10:07:18', 'YYYY-MM-DD HH:mm:ss'), 'sysadmin', null, null, null, null, 24, 'T', parseDateTime('2017-07-14 15:20:32', 'YYYY-MM-DD HH:mm:ss'), 'F');
INSERT INTO PUBLIC.SITEUSER (SITEUSERID, USERNAME, PASSWORD, FIRSTNAME, LASTNAME, EMAILADDRESS, PHONENUMBER, PRIMARYUSERROLEID, EMAILNOTIFICATION, LOCKED, CREATEDDATE, CREATEDBY, UPDATEDATE, UPDATEBY, DESCRIPTION, TIMELOCKED, PWCHANGEKEY, REGIONID, STATEID, ISDELETED, PWCHANGEDDATE, PWTEMPORARY) VALUES (803, 'mchoi8', 'UHrILqdDHqGi5ekSluby8FqJJqls1oxR+Lx4JC/JgepY3ALGKXkSuLEHObXbEB1Bcx7NMJL5lHCK7f+rwpKiYMxZJXIcMXCo', 'Mark', 'Choi', '37897@icfi.com', null, 1, 'T', 0, parseDateTime('2017-08-03 09:19:00', 'YYYY-MM-DD HH:mm:ss'), 'sysadmin', parseDateTime('2017-08-03 13:01:20', 'YYYY-MM-DD HH:mm:ss'), 'sysadmin', null, null, null, null, null, 'T', parseDateTime('2017-08-03 09:19:29', 'YYYY-MM-DD HH:mm:ss'), 'F');
INSERT INTO PUBLIC.SITEUSER (SITEUSERID, USERNAME, PASSWORD, FIRSTNAME, LASTNAME, EMAILADDRESS, PHONENUMBER, PRIMARYUSERROLEID, EMAILNOTIFICATION, LOCKED, CREATEDDATE, CREATEDBY, UPDATEDATE, UPDATEBY, DESCRIPTION, TIMELOCKED, PWCHANGEKEY, REGIONID, STATEID, ISDELETED, PWCHANGEDDATE, PWTEMPORARY) VALUES (804, 'mchoi9', 'p68lywlOcyPoExYzAYsHzFfs14TGqJbJ04XqjS71F+eriWScPM9XrFSGix49KCS1s3hSrNDvQDWI9bq8NhCx6Kwu8ThCCR6L', 'Mark', 'Choi', 'mchoi@icf.com', null, 1, 'T', 0, parseDateTime('2017-08-03 12:29:07', 'YYYY-MM-DD HH:mm:ss'), 'sysadmin', parseDateTime('2017-08-03 16:14:33', 'YYYY-MM-DD HH:mm:ss'), 'sysadmin', null, null, null, null, null, 'T', parseDateTime('2017-08-03 12:29:38', 'YYYY-MM-DD HH:mm:ss'), 'F');
INSERT INTO PUBLIC.SITEUSER (SITEUSERID, USERNAME, PASSWORD, FIRSTNAME, LASTNAME, EMAILADDRESS, PHONENUMBER, PRIMARYUSERROLEID, EMAILNOTIFICATION, LOCKED, CREATEDDATE, CREATEDBY, UPDATEDATE, UPDATEBY, DESCRIPTION, TIMELOCKED, PWCHANGEKEY, REGIONID, STATEID, ISDELETED, PWCHANGEDDATE, PWTEMPORARY) VALUES (882, 'ranju.saroch-nytdtest', null, 'test12', 'test12', 'ranju.saroch-nytdtest@gmail.com', '7035674567', 2, 'F', 0, parseDateTime('2017-10-20 17:50:03', 'YYYY-MM-DD HH:mm:ss'), 'sysadmin', parseDateTime('2019-10-22 13:43:30', 'YYYY-MM-DD HH:mm:ss'), 'sysadmin', null, null, null, null, null, 'F', parseDateTime('2017-10-20 17:50:02', 'YYYY-MM-DD HH:mm:ss'), 'T');
INSERT INTO PUBLIC.SITEUSER (SITEUSERID, USERNAME, PASSWORD, FIRSTNAME, LASTNAME, EMAILADDRESS, PHONENUMBER, PRIMARYUSERROLEID, EMAILNOTIFICATION, LOCKED, CREATEDDATE, CREATEDBY, UPDATEDATE, UPDATEBY, DESCRIPTION, TIMELOCKED, PWCHANGEKEY, REGIONID, STATEID, ISDELETED, PWCHANGEDDATE, PWTEMPORARY) VALUES (1002, 'psharma1986', 'eQrxJvhZi9zOihQMnTgyjw91fDlOywBXaiDR8CvDCBrPeJ1h8qVVFwu6EsnKo23U0nwjzXvOqac+IpHZzhkEkk2e29s9hHru', 'Prince', 'Sharma', 'Charles.Pinkston@icf.com', null, 3, 'F', 0, parseDateTime('2018-02-23 12:50:45', 'YYYY-MM-DD HH:mm:ss'), 'sysadmin', parseDateTime('2018-05-16 15:23:59', 'YYYY-MM-DD HH:mm:ss'), 'sysadmin', null, null, null, 2, 1, 'F', parseDateTime('2018-02-23 12:52:45', 'YYYY-MM-DD HH:mm:ss'), 'F');
INSERT INTO PUBLIC.SITEUSER (SITEUSERID, USERNAME, PASSWORD, FIRSTNAME, LASTNAME, EMAILADDRESS, PHONENUMBER, PRIMARYUSERROLEID, EMAILNOTIFICATION, LOCKED, CREATEDDATE, CREATEDBY, UPDATEDATE, UPDATEBY, DESCRIPTION, TIMELOCKED, PWCHANGEKEY, REGIONID, STATEID, ISDELETED, PWCHANGEDDATE, PWTEMPORARY) VALUES (1042, 'psharma1111', '4I4G2OXs6ZUHs5JA1llryDNKCE8BoN1NABz0WIC5BgOcQmEJRSm6BSE/GbPefRtA46riBCkRACFdrTaIP4uVvTKiuJghPQqM', 'Prince', 'Sharma', 'prince.sharma@icf.com', null, 3, 'T', 0, parseDateTime('2018-04-02 10:25:53', 'YYYY-MM-DD HH:mm:ss'), 'sysadmin', parseDateTime('2018-05-17 15:25:25', 'YYYY-MM-DD HH:mm:ss'), 'sysadmin', null, null, null, 6, 34, 'F', parseDateTime('2018-04-02 10:26:40', 'YYYY-MM-DD HH:mm:ss'), 'F');
INSERT INTO PUBLIC.SITEUSER (SITEUSERID, USERNAME, PASSWORD, FIRSTNAME, LASTNAME, EMAILADDRESS, PHONENUMBER, PRIMARYUSERROLEID, EMAILNOTIFICATION, LOCKED, CREATEDDATE, CREATEDBY, UPDATEDATE, UPDATEBY, DESCRIPTION, TIMELOCKED, PWCHANGEKEY, REGIONID, STATEID, ISDELETED, PWCHANGEDDATE, PWTEMPORARY) VALUES (1122, 'altestuser', 'vhIRw+AqY5G37tK/vyjcxq9vvNktD51g1yDEtIeq83EerK3Q1hdzkz3lj9Ep0kN20RH7x4JRf/4afNJA0/LrGX+U2rCpuQIW', 'AL', 'User', 'Prashanth.Nagapaga@icf.com', null, 4, 'F', 0, parseDateTime('2018-06-28 14:06:12', 'YYYY-MM-DD HH:mm:ss'), 'sysadmin', parseDateTime('2018-06-28 14:06:12', 'YYYY-MM-DD HH:mm:ss'), 'sysadmin', null, null, null, null, 1, 'F', parseDateTime('2018-06-28 14:06:44', 'YYYY-MM-DD HH:mm:ss'), 'F');
INSERT INTO PUBLIC.SITEUSER (SITEUSERID, USERNAME, PASSWORD, FIRSTNAME, LASTNAME, EMAILADDRESS, PHONENUMBER, PRIMARYUSERROLEID, EMAILNOTIFICATION, LOCKED, CREATEDDATE, CREATEDBY, UPDATEDATE, UPDATEBY, DESCRIPTION, TIMELOCKED, PWCHANGEKEY, REGIONID, STATEID, ISDELETED, PWCHANGEDDATE, PWTEMPORARY) VALUES (1123, 'r1testuser', null, 'Region1', 'User', 'Prashanth.Nagapaga@icf.com', null, 3, 'F', 0, parseDateTime('2018-06-28 14:19:16', 'YYYY-MM-DD HH:mm:ss'), 'sysadmin', parseDateTime('2018-06-28 14:19:56', 'YYYY-MM-DD HH:mm:ss'), 'sysadmin', null, null, null, 1, null, 'F', parseDateTime('2018-06-28 14:19:16', 'YYYY-MM-DD HH:mm:ss'), 'T');
INSERT INTO PUBLIC.SITEUSER (SITEUSERID, USERNAME, PASSWORD, FIRSTNAME, LASTNAME, EMAILADDRESS, PHONENUMBER, PRIMARYUSERROLEID, EMAILNOTIFICATION, LOCKED, CREATEDDATE, CREATEDBY, UPDATEDATE, UPDATEBY, DESCRIPTION, TIMELOCKED, PWCHANGEKEY, REGIONID, STATEID, ISDELETED, PWCHANGEDDATE, PWTEMPORARY) VALUES (1142, 'cbuserranju', '9urF3BD4HJUti8lJASRPBu5wgIOTkXuhVeuVbExVzimowWWBJjgjoADLygKaVYEnqN/N+Rl8RKM6XTP+xggWudcRAU3OfTqF', 'cbuserranju', 'saroch', 'ranju.saroch@icfconsulting.com', null, 2, 'T', 0, parseDateTime('2018-08-13 11:46:33', 'YYYY-MM-DD HH:mm:ss'), 'sysadmin', parseDateTime('2019-07-25 10:36:48', 'YYYY-MM-DD HH:mm:ss'), 'sysadmin', null, null, null, 10, null, 'F', parseDateTime('2019-07-13', 'YYYY-MM-DD'), 'F');
INSERT INTO PUBLIC.SITEUSER (SITEUSERID, USERNAME, PASSWORD, FIRSTNAME, LASTNAME, EMAILADDRESS, PHONENUMBER, PRIMARYUSERROLEID, EMAILNOTIFICATION, LOCKED, CREATEDDATE, CREATEDBY, UPDATEDATE, UPDATEBY, DESCRIPTION, TIMELOCKED, PWCHANGEKEY, REGIONID, STATEID, ISDELETED, PWCHANGEDDATE, PWTEMPORARY) VALUES (1143, 'regionaluserranju', 'clcCS8wEaPLRcQNLFQHup6EzZ6J0qkwHTqSk04FKLeRbP4J55lLwTQCW0CLi1jnnkc4/OARkMrXEbzmqnuJd4qwhZ51XeOC+', 'regionaluserranju', 'saroch', 'mark.choi@icf.com', null, 3, 'T', 0, parseDateTime('2018-08-14 12:21:22', 'YYYY-MM-DD HH:mm:ss'), 'sysadmin', parseDateTime('2020-02-27 18:33:42', 'YYYY-MM-DD HH:mm:ss'), 'sysadmin', null, null, null, 1, null, 'F', parseDateTime('2020-02-27 18:30:21', 'YYYY-MM-DD HH:mm:ss'), 'F');
INSERT INTO PUBLIC.SITEUSER (SITEUSERID, USERNAME, PASSWORD, FIRSTNAME, LASTNAME, EMAILADDRESS, PHONENUMBER, PRIMARYUSERROLEID, EMAILNOTIFICATION, LOCKED, CREATEDDATE, CREATEDBY, UPDATEDATE, UPDATEBY, DESCRIPTION, TIMELOCKED, PWCHANGEKEY, REGIONID, STATEID, ISDELETED, PWCHANGEDDATE, PWTEMPORARY) VALUES (1162, 'mchoi12', 'I/X9qw88rcQ/O5c/gYWM7hEvIvxIReIkDnljBqhZ/VY+/bZQ1H/lmRNOB21xlEsmQUS7d/h7lOvpqTNCR9YYskByJ0DeVyNW', 'Mark', 'Choi', 'mark.choi@icf.com', null, 2, 'T', 0, parseDateTime('2018-10-05 08:46:06', 'YYYY-MM-DD HH:mm:ss'), 'sysadmin', parseDateTime('2019-08-06 10:05:39', 'YYYY-MM-DD HH:mm:ss'), 'sysadmin', null, null, null, null, 2, 'F', parseDateTime('2018-10-05 09:56:30', 'YYYY-MM-DD HH:mm:ss'), 'F');
INSERT INTO PUBLIC.SITEUSER (SITEUSERID, USERNAME, PASSWORD, FIRSTNAME, LASTNAME, EMAILADDRESS, PHONENUMBER, PRIMARYUSERROLEID, EMAILNOTIFICATION, LOCKED, CREATEDDATE, CREATEDBY, UPDATEDATE, UPDATEBY, DESCRIPTION, TIMELOCKED, PWCHANGEKEY, REGIONID, STATEID, ISDELETED, PWCHANGEDDATE, PWTEMPORARY) VALUES (1163, 'mchoi13', 'q1ZtzoJbWM/5OEfuCXzh0ybBYmdKr4ZdI8HTU4CzlBzFwwKX7Ikij2b1o5Daoa3Zof2k0unDPwKWDBEoxEmQANGaufHHGGoK', 'Mark', 'Choi', 'mark.choi@icf.com', null, 3, 'T', 0, parseDateTime('2018-10-05 08:47:28', 'YYYY-MM-DD HH:mm:ss'), 'sysadmin', parseDateTime('2020-04-03 15:14:49', 'YYYY-MM-DD HH:mm:ss'), 'sysadmin', null, null, null, 1, null, 'F', parseDateTime('2020-04-03 12:22:33', 'YYYY-MM-DD HH:mm:ss'), 'F');
INSERT INTO PUBLIC.SITEUSER (SITEUSERID, USERNAME, PASSWORD, FIRSTNAME, LASTNAME, EMAILADDRESS, PHONENUMBER, PRIMARYUSERROLEID, EMAILNOTIFICATION, LOCKED, CREATEDDATE, CREATEDBY, UPDATEDATE, UPDATEBY, DESCRIPTION, TIMELOCKED, PWCHANGEKEY, REGIONID, STATEID, ISDELETED, PWCHANGEDDATE, PWTEMPORARY) VALUES (1182, 'emailtest', 'wK4snAzi9Go/fRI2cpwjgsSSB9FKKqXykIgnuOX9i4rHMd4Zo6rAjL0v5oWq0VZLXpgz5AB5so2Z0B6vP8S2JKsGg+/7DFlN', 'EmailTest', 'RhodeIsland', 'ranju25@yahoo.com', null, 4, 'F', 0, parseDateTime('2018-10-19 10:50:23', 'YYYY-MM-DD HH:mm:ss'), 'sysadmin', parseDateTime('2019-11-21 21:04:21', 'YYYY-MM-DD HH:mm:ss'), 'sysadmin', null, null, 'FDF1F296BC35ED', null, 47, 'F', parseDateTime('2019-11-21 21:03:45', 'YYYY-MM-DD HH:mm:ss'), 'F');
INSERT INTO PUBLIC.SITEUSER (SITEUSERID, USERNAME, PASSWORD, FIRSTNAME, LASTNAME, EMAILADDRESS, PHONENUMBER, PRIMARYUSERROLEID, EMAILNOTIFICATION, LOCKED, CREATEDDATE, CREATEDBY, UPDATEDATE, UPDATEBY, DESCRIPTION, TIMELOCKED, PWCHANGEKEY, REGIONID, STATEID, ISDELETED, PWCHANGEDDATE, PWTEMPORARY) VALUES (1183, 'emailtestwisconsin', 'KpAIHFWaVud6limqdI0WxgDqhfH05DplDCZw6yLEm3jmw0UZ1NavNrmpU/Pok4zO6qGVRF3kiFRrHqrKAAUD8n97F7by8zcO', 'EmailTest', 'Wisconsin', 'rsaroch@icfconsulting.com', null, 4, 'T', 0, parseDateTime('2018-10-19 11:57:08', 'YYYY-MM-DD HH:mm:ss'), 'sysadmin', parseDateTime('2018-10-19 11:57:37', 'YYYY-MM-DD HH:mm:ss'), 'sysadmin', null, null, 'B1CED5FD0808B3', null, 58, 'F', parseDateTime('2018-10-19 11:58:22', 'YYYY-MM-DD HH:mm:ss'), 'F');
INSERT INTO PUBLIC.SITEUSER (SITEUSERID, USERNAME, PASSWORD, FIRSTNAME, LASTNAME, EMAILADDRESS, PHONENUMBER, PRIMARYUSERROLEID, EMAILNOTIFICATION, LOCKED, CREATEDDATE, CREATEDBY, UPDATEDATE, UPDATEBY, DESCRIPTION, TIMELOCKED, PWCHANGEKEY, REGIONID, STATEID, ISDELETED, PWCHANGEDDATE, PWTEMPORARY) VALUES (1202, 'cbuser1', null, 'cbuser1', 'p@w0rd!@', 'ranju.saroch@icf.com', '7039343000', 2, 'F', 0, parseDateTime('2019-07-26 10:09:27', 'YYYY-MM-DD HH:mm:ss'), 'sysadmin', parseDateTime('2019-07-26 10:09:27', 'YYYY-MM-DD HH:mm:ss'), 'sysadmin', null, null, null, null, null, 'F', parseDateTime('2019-07-26 10:09:26', 'YYYY-MM-DD HH:mm:ss'), 'T');
INSERT INTO PUBLIC.SITEUSER (SITEUSERID, USERNAME, PASSWORD, FIRSTNAME, LASTNAME, EMAILADDRESS, PHONENUMBER, PRIMARYUSERROLEID, EMAILNOTIFICATION, LOCKED, CREATEDDATE, CREATEDBY, UPDATEDATE, UPDATEBY, DESCRIPTION, TIMELOCKED, PWCHANGEKEY, REGIONID, STATEID, ISDELETED, PWCHANGEDDATE, PWTEMPORARY) VALUES (1242, 'mutsuoadmin', '8dDFJjGY4ng3/3LenIbKAADbAbyxtXt5yOvy/PvdlDGsgBaKgc6VBbIV7zHiVrQe7wwk2xIjbBteEx5ob7l/GFAUKAKQuLhX', 'mutsuo', 'admin', 'mutsuo.ishijima@icfi.com', '777', 1, 'T', 0, parseDateTime('2019-10-01 15:11:46', 'YYYY-MM-DD HH:mm:ss'), 'sysadmin', parseDateTime('2021-03-04 14:19:05', 'YYYY-MM-DD HH:mm:ss'), 'mutsuoadmin', null, null, null, null, null, 'F', parseDateTime('2021-06-20 11:44:39', 'YYYY-MM-DD HH:mm:ss'), 'F');
INSERT INTO PUBLIC.SITEUSER (SITEUSERID, USERNAME, PASSWORD, FIRSTNAME, LASTNAME, EMAILADDRESS, PHONENUMBER, PRIMARYUSERROLEID, EMAILNOTIFICATION, LOCKED, CREATEDDATE, CREATEDBY, UPDATEDATE, UPDATEBY, DESCRIPTION, TIMELOCKED, PWCHANGEKEY, REGIONID, STATEID, ISDELETED, PWCHANGEDDATE, PWTEMPORARY) VALUES (1262, 'test.region@test.com', null, 'Test', 'Regional', 'test.region@test.com', null, 3, 'F', 0, parseDateTime('2019-10-22 13:53:06', 'YYYY-MM-DD HH:mm:ss'), 'sysadmin', parseDateTime('2019-10-22 13:53:06', 'YYYY-MM-DD HH:mm:ss'), 'sysadmin', null, null, null, 1, null, 'F', parseDateTime('2019-10-22 13:53:05', 'YYYY-MM-DD HH:mm:ss'), 'T');
INSERT INTO PUBLIC.SITEUSER (SITEUSERID, USERNAME, PASSWORD, FIRSTNAME, LASTNAME, EMAILADDRESS, PHONENUMBER, PRIMARYUSERROLEID, EMAILNOTIFICATION, LOCKED, CREATEDDATE, CREATEDBY, UPDATEDATE, UPDATEBY, DESCRIPTION, TIMELOCKED, PWCHANGEKEY, REGIONID, STATEID, ISDELETED, PWCHANGEDDATE, PWTEMPORARY) VALUES (1302, 'ALStateUser', 'y5AAvurFTkwDjDfegAJbSLLmsG3tDK+jgBFZnwHbwOdg7LTV0Y/J1uLAKP+wXPA5t0209/hs/EIIJDUuqnMw5Hhy1QO3zbPC', 'Alabama', 'Test1234', 'ranju.saroch@icf.com', '7038698526', 4, 'F', 0, parseDateTime('2019-11-20 11:05:31', 'YYYY-MM-DD HH:mm:ss'), 'sysadmin', parseDateTime('2021-04-29 21:23:41', 'YYYY-MM-DD HH:mm:ss'), 'sysadmin', null, null, null, 1, 1, 'F', parseDateTime('2021-06-30 11:56:19', 'YYYY-MM-DD HH:mm:ss'), 'F');
INSERT INTO PUBLIC.SITEUSER (SITEUSERID, USERNAME, PASSWORD, FIRSTNAME, LASTNAME, EMAILADDRESS, PHONENUMBER, PRIMARYUSERROLEID, EMAILNOTIFICATION, LOCKED, CREATEDDATE, CREATEDBY, UPDATEDATE, UPDATEBY, DESCRIPTION, TIMELOCKED, PWCHANGEKEY, REGIONID, STATEID, ISDELETED, PWCHANGEDDATE, PWTEMPORARY) VALUES (1303, 'ramatestuser', '5fr7l6GuAgTa3BiMCPIA1rCU2JJOHXhXr3GhvH9Hp/uaqewp9BR1PK53EWhjahqszOb74F6JRlAeKAXSbrOlPCZHVksEeMYz', 'ramatest', 'test', 'rama.ghattu@icf.com', null, 4, 'F', 0, parseDateTime('2019-11-20 13:23:04', 'YYYY-MM-DD HH:mm:ss'), 'sysadmin', parseDateTime('2019-11-20 13:38:02', 'YYYY-MM-DD HH:mm:ss'), 'sysadmin', null, null, null, 2, 55, 'F', parseDateTime('2019-11-21 14:06:08', 'YYYY-MM-DD HH:mm:ss'), 'F');
INSERT INTO PUBLIC.SITEUSER (SITEUSERID, USERNAME, PASSWORD, FIRSTNAME, LASTNAME, EMAILADDRESS, PHONENUMBER, PRIMARYUSERROLEID, EMAILNOTIFICATION, LOCKED, CREATEDDATE, CREATEDBY, UPDATEDATE, UPDATEBY, DESCRIPTION, TIMELOCKED, PWCHANGEKEY, REGIONID, STATEID, ISDELETED, PWCHANGEDDATE, PWTEMPORARY) VALUES (1322, 'Ramatesting', '04PQ/5ZFLKQxn7CA1YQBbY2z/BWL1pv/7/AFcZ8J0M53aMTkXdmlL5cD3hPaFpgtfG+3zxFmXcyMI1pKOCgDcx0uxA4hZOkG', 'Rama', 'Test', 'rama.ghattu@icf.com', null, 4, 'F', 0, parseDateTime('2019-11-21 12:12:28', 'YYYY-MM-DD HH:mm:ss'), 'sysadmin', parseDateTime('2019-11-21 12:12:28', 'YYYY-MM-DD HH:mm:ss'), 'sysadmin', null, null, null, null, 55, 'F', parseDateTime('2019-11-21 12:13:38', 'YYYY-MM-DD HH:mm:ss'), 'F');
INSERT INTO PUBLIC.SITEUSER (SITEUSERID, USERNAME, PASSWORD, FIRSTNAME, LASTNAME, EMAILADDRESS, PHONENUMBER, PRIMARYUSERROLEID, EMAILNOTIFICATION, LOCKED, CREATEDDATE, CREATEDBY, UPDATEDATE, UPDATEBY, DESCRIPTION, TIMELOCKED, PWCHANGEKEY, REGIONID, STATEID, ISDELETED, PWCHANGEDDATE, PWTEMPORARY) VALUES (1323, 'ramatestuser1', 'cok09A4KXOLiU9o804Kgh5fzLpadyZFnsmBCpIv5oeUNWrci1xrCfCGggLiqu+MBnP7JSu17eKlUMPYMOh38rLkHwnNYXnjV', 'Rama', 'Test1', 'test@testing.com', null, 4, 'F', 0, parseDateTime('2019-11-21 13:19:28', 'YYYY-MM-DD HH:mm:ss'), 'sysadmin', parseDateTime('2019-12-05 08:40:25', 'YYYY-MM-DD HH:mm:ss'), 'sysadmin', null, null, null, null, 55, 'F', parseDateTime('2019-12-05 08:40:25', 'YYYY-MM-DD HH:mm:ss'), 'F');
INSERT INTO PUBLIC.SITEUSER (SITEUSERID, USERNAME, PASSWORD, FIRSTNAME, LASTNAME, EMAILADDRESS, PHONENUMBER, PRIMARYUSERROLEID, EMAILNOTIFICATION, LOCKED, CREATEDDATE, CREATEDBY, UPDATEDATE, UPDATEBY, DESCRIPTION, TIMELOCKED, PWCHANGEKEY, REGIONID, STATEID, ISDELETED, PWCHANGEDDATE, PWTEMPORARY) VALUES (1342, 'mutsuoadmin2', 'rvlZ+fSQimvD1CcdTU0+ye3mzaXSZZqq7SPEFgwAgGfxJ0T+QtZIZdOkoykf4WansK2HeElPambP4Em/otSPUCctpXSZyGs7', 'mutsuo', 'admin2', 'mutsuo.ishijima@icfi.com', '1111111111', 1, 'F', 0, parseDateTime('2019-11-26 10:37:43', 'YYYY-MM-DD HH:mm:ss'), 'mutsuoadmin', parseDateTime('2019-11-26 10:37:43', 'YYYY-MM-DD HH:mm:ss'), 'mutsuoadmin', null, null, null, null, null, 'T', parseDateTime('2020-05-13 12:16:36', 'YYYY-MM-DD HH:mm:ss'), 'F');
INSERT INTO PUBLIC.SITEUSER (SITEUSERID, USERNAME, PASSWORD, FIRSTNAME, LASTNAME, EMAILADDRESS, PHONENUMBER, PRIMARYUSERROLEID, EMAILNOTIFICATION, LOCKED, CREATEDDATE, CREATEDBY, UPDATEDATE, UPDATEBY, DESCRIPTION, TIMELOCKED, PWCHANGEKEY, REGIONID, STATEID, ISDELETED, PWCHANGEDDATE, PWTEMPORARY) VALUES (1343, 'mutsuocalifornia', 'ZbYsnPyT7A6tBsWFGNFHRyp5rF2xYVQsmI58AhAtHjTYBkLhimPNslnOL1UE52c6hVTekWPodrhWjjdRftqjIiuPcucHfxpq', 'mutsuo', 'california', 'mutsuo.ishijima@icfi.com', '1111111111', 4, 'F', 0, parseDateTime('2019-11-26 12:00:43', 'YYYY-MM-DD HH:mm:ss'), 'mutsuoadmin', parseDateTime('2021-02-26 12:17:45', 'YYYY-MM-DD HH:mm:ss'), 'mutsuocalifornia', null, null, null, 9, 6, 'F', parseDateTime('2021-07-01 09:24:01', 'YYYY-MM-DD HH:mm:ss'), 'F');
INSERT INTO PUBLIC.SITEUSER (SITEUSERID, USERNAME, PASSWORD, FIRSTNAME, LASTNAME, EMAILADDRESS, PHONENUMBER, PRIMARYUSERROLEID, EMAILNOTIFICATION, LOCKED, CREATEDDATE, CREATEDBY, UPDATEDATE, UPDATEBY, DESCRIPTION, TIMELOCKED, PWCHANGEKEY, REGIONID, STATEID, ISDELETED, PWCHANGEDDATE, PWTEMPORARY) VALUES (1382, 'mchoi14', 'dWdaf+8xKLI3DFv0B1emqiDFcJKfya3EKBve3IpxdPSBZ5LOfarOMet+LG+3OlySDf9X3kW4IHzvuTgoer6V2dx6sCClU2oC', 'Mark', 'Choi', 'mark.choi@icf.com', null, 4, 'F', 0, parseDateTime('2019-12-23 13:13:06', 'YYYY-MM-DD HH:mm:ss'), 'sysadmin', parseDateTime('2019-12-23 13:13:06', 'YYYY-MM-DD HH:mm:ss'), 'sysadmin', null, null, null, null, 11, 'F', parseDateTime('2019-12-23 13:13:06', 'YYYY-MM-DD HH:mm:ss'), 'T');
INSERT INTO PUBLIC.SITEUSER (SITEUSERID, USERNAME, PASSWORD, FIRSTNAME, LASTNAME, EMAILADDRESS, PHONENUMBER, PRIMARYUSERROLEID, EMAILNOTIFICATION, LOCKED, CREATEDDATE, CREATEDBY, UPDATEDATE, UPDATEBY, DESCRIPTION, TIMELOCKED, PWCHANGEKEY, REGIONID, STATEID, ISDELETED, PWCHANGEDDATE, PWTEMPORARY) VALUES (1402, 'NESTateUSer', 'afeQ6ArDe1A2n5AZAdhTQzHFKinz/gYByxlC94oT608mkHIvary7LloxYArngwmY5qPw5Ky4L/vsCq0OWCcYdrwIM+f0oLBx', 'NEStateUser', 'Manager', 'ranju.saroch@icfii.com', '7039343000', 4, 'F', 0, parseDateTime('2020-01-22 10:28:39', 'YYYY-MM-DD HH:mm:ss'), 'sysadmin', parseDateTime('2021-02-09 21:44:16', 'YYYY-MM-DD HH:mm:ss'), 'sysadmin', null, null, null, null, 33, 'F', parseDateTime('2020-01-22 10:29:05', 'YYYY-MM-DD HH:mm:ss'), 'F');
INSERT INTO PUBLIC.SITEUSER (SITEUSERID, USERNAME, PASSWORD, FIRSTNAME, LASTNAME, EMAILADDRESS, PHONENUMBER, PRIMARYUSERROLEID, EMAILNOTIFICATION, LOCKED, CREATEDDATE, CREATEDBY, UPDATEDATE, UPDATEBY, DESCRIPTION, TIMELOCKED, PWCHANGEKEY, REGIONID, STATEID, ISDELETED, PWCHANGEDDATE, PWTEMPORARY) VALUES (1422, 'OKTestUser', 'NkoR2uiPkcPkvUJnbYM20DtewJEhVtmKsMRAI13Ycq/DfE8AAwGq6bL/SxxRv92U26/NrAia2k8t0MMpgWokR12FcZFg8HaI', 'TestUser', 'okhlama', 'ranju.saroch@icf.com', '7039343000', 4, 'F', 0, parseDateTime('2020-02-17 16:27:13', 'YYYY-MM-DD HH:mm:ss'), 'sysadmin', parseDateTime('2020-02-17 16:27:13', 'YYYY-MM-DD HH:mm:ss'), 'sysadmin', null, null, null, null, 42, 'F', parseDateTime('2020-02-17 16:27:59', 'YYYY-MM-DD HH:mm:ss'), 'F');
INSERT INTO PUBLIC.SITEUSER (SITEUSERID, USERNAME, PASSWORD, FIRSTNAME, LASTNAME, EMAILADDRESS, PHONENUMBER, PRIMARYUSERROLEID, EMAILNOTIFICATION, LOCKED, CREATEDDATE, CREATEDBY, UPDATEDATE, UPDATEBY, DESCRIPTION, TIMELOCKED, PWCHANGEKEY, REGIONID, STATEID, ISDELETED, PWCHANGEDDATE, PWTEMPORARY) VALUES (1442, 'mchoi15', 'GOtCqyWCvVXTR90NnzYBkFcbF+NBVP1/oXfXDUbK1Fu24fVag+1T2Et9cW4kMJOPvHK1DID1zV4BhZ79ujsokRnXewUFuqvC', 'Mark', 'Choi', 'mark.choi@icf.com', null, 4, 'F', 0, parseDateTime('2020-02-25 20:14:00', 'YYYY-MM-DD HH:mm:ss'), 'sysadmin', parseDateTime('2020-02-25 20:14:00', 'YYYY-MM-DD HH:mm:ss'), 'sysadmin', null, null, null, null, 7, 'F', parseDateTime('2020-02-25 20:14:00', 'YYYY-MM-DD HH:mm:ss'), 'T');
INSERT INTO PUBLIC.SITEUSER (SITEUSERID, USERNAME, PASSWORD, FIRSTNAME, LASTNAME, EMAILADDRESS, PHONENUMBER, PRIMARYUSERROLEID, EMAILNOTIFICATION, LOCKED, CREATEDDATE, CREATEDBY, UPDATEDATE, UPDATEBY, DESCRIPTION, TIMELOCKED, PWCHANGEKEY, REGIONID, STATEID, ISDELETED, PWCHANGEDDATE, PWTEMPORARY) VALUES (1462, 'dpatrick', 'EWLds6amJDsQ9BY7PWfDHkeC6WLd+1kj+ne+hA0iwwLRXgEtkgWUnnL1IYjR//UBBz4kc1aGVCNoFrA/P1Ze0dcKSJhdeZza', 'Dona', 'Patrick', 'dona.patrick@icfnext.com', null, 4, 'F', 0, parseDateTime('2020-02-27 09:24:55', 'YYYY-MM-DD HH:mm:ss'), 'sysadmin', parseDateTime('2020-02-27 09:24:55', 'YYYY-MM-DD HH:mm:ss'), 'sysadmin', null, null, null, null, 7, 'F', parseDateTime('2020-06-02 09:53:24', 'YYYY-MM-DD HH:mm:ss'), 'F');
INSERT INTO PUBLIC.SITEUSER (SITEUSERID, USERNAME, PASSWORD, FIRSTNAME, LASTNAME, EMAILADDRESS, PHONENUMBER, PRIMARYUSERROLEID, EMAILNOTIFICATION, LOCKED, CREATEDDATE, CREATEDBY, UPDATEDATE, UPDATEBY, DESCRIPTION, TIMELOCKED, PWCHANGEKEY, REGIONID, STATEID, ISDELETED, PWCHANGEDDATE, PWTEMPORARY) VALUES (1463, 'dpatrickCB', 'dZnml+DqAmXREwbRPVl8DxC9s/XCVziPVXjmG6/lkYTIDhEhUBgSLG72X8rkqlgJpkW1eMy6LptbtfMgceMH6N9XdB8OFmYY', 'Dona', 'Patrick', 'dona.patrick@icfnext.com', null, 2, 'F', 0, parseDateTime('2020-02-27 15:35:29', 'YYYY-MM-DD HH:mm:ss'), 'sysadmin', parseDateTime('2020-02-27 15:35:29', 'YYYY-MM-DD HH:mm:ss'), 'sysadmin', null, null, null, null, null, 'F', parseDateTime('2020-03-03 10:31:27', 'YYYY-MM-DD HH:mm:ss'), 'F');
INSERT INTO PUBLIC.SITEUSER (SITEUSERID, USERNAME, PASSWORD, FIRSTNAME, LASTNAME, EMAILADDRESS, PHONENUMBER, PRIMARYUSERROLEID, EMAILNOTIFICATION, LOCKED, CREATEDDATE, CREATEDBY, UPDATEDATE, UPDATEBY, DESCRIPTION, TIMELOCKED, PWCHANGEKEY, REGIONID, STATEID, ISDELETED, PWCHANGEDDATE, PWTEMPORARY) VALUES (1464, 'dpatrickreg1', 'KYeGRlMYn+7De6zpO+DMuHYKqzu5FkZbgMhByQd+ccQRc1VCAIAdLMBiCrHR+66u2PrYk3eHWTKYV9J2zHSba46d3R4+wRfq', 'Dona', 'Patrick', 'dona.patrick@icfnext.com', null, 3, 'F', 0, parseDateTime('2020-02-27 15:36:35', 'YYYY-MM-DD HH:mm:ss'), 'sysadmin', parseDateTime('2020-02-27 15:36:35', 'YYYY-MM-DD HH:mm:ss'), 'sysadmin', null, null, null, 1, null, 'F', parseDateTime('2020-06-02 09:32:02', 'YYYY-MM-DD HH:mm:ss'), 'F');
INSERT INTO PUBLIC.SITEUSER (SITEUSERID, USERNAME, PASSWORD, FIRSTNAME, LASTNAME, EMAILADDRESS, PHONENUMBER, PRIMARYUSERROLEID, EMAILNOTIFICATION, LOCKED, CREATEDDATE, CREATEDBY, UPDATEDATE, UPDATEBY, DESCRIPTION, TIMELOCKED, PWCHANGEKEY, REGIONID, STATEID, ISDELETED, PWCHANGEDDATE, PWTEMPORARY) VALUES (1482, 'mchoi16', 'Xu4BBkj4Yv5dsJnn9oPE+dq1v/0JF7/mZwjGo8ba2OEjaMSiPi27RXFdYVKzsyhXqfs99vz18fPhH6gdvlOD6Ra7RRoQtcVC', 'Mark', 'Choi', 'mark.choi@icf.com', null, 4, 'F', 0, parseDateTime('2020-04-22 21:15:34', 'YYYY-MM-DD HH:mm:ss'), 'sysadmin', parseDateTime('2020-04-22 21:17:27', 'YYYY-MM-DD HH:mm:ss'), 'sysadmin', null, null, null, null, 47, 'F', parseDateTime('2020-08-17 17:44:42', 'YYYY-MM-DD HH:mm:ss'), 'F');
INSERT INTO PUBLIC.SITEUSER (SITEUSERID, USERNAME, PASSWORD, FIRSTNAME, LASTNAME, EMAILADDRESS, PHONENUMBER, PRIMARYUSERROLEID, EMAILNOTIFICATION, LOCKED, CREATEDDATE, CREATEDBY, UPDATEDATE, UPDATEBY, DESCRIPTION, TIMELOCKED, PWCHANGEKEY, REGIONID, STATEID, ISDELETED, PWCHANGEDDATE, PWTEMPORARY) VALUES (1542, 'NCWDMS', 'JR+C4xIhPH8zQ7nx1zCIPPn3b1M0jRRJTnrwk9m859UfoMBXr0iwYeiohTuIAFgcSAj380Qs1hOlcuAkQnufQM69q5/Ml+Zx', 'NCWDMS', 'User', 'jay.park@icf.com', null, 1, 'F', 0, parseDateTime('2020-12-01 12:35:27', 'YYYY-MM-DD HH:mm:ss'), 'sysadmin', parseDateTime('2020-12-01 12:35:27', 'YYYY-MM-DD HH:mm:ss'), 'sysadmin', null, null, null, null, null, 'F', parseDateTime('2020-12-01 12:35:27', 'YYYY-MM-DD HH:mm:ss'), 'T');
INSERT INTO PUBLIC.SITEUSER (SITEUSERID, USERNAME, PASSWORD, FIRSTNAME, LASTNAME, EMAILADDRESS, PHONENUMBER, PRIMARYUSERROLEID, EMAILNOTIFICATION, LOCKED, CREATEDDATE, CREATEDBY, UPDATEDATE, UPDATEBY, DESCRIPTION, TIMELOCKED, PWCHANGEKEY, REGIONID, STATEID, ISDELETED, PWCHANGEDDATE, PWTEMPORARY) VALUES (1562, 'ARStateUser', '0oMEApYpRIewueSj+dSbsLrZCQRb0oVQ+KJXIw08qGplBaCbN8WZQxxvEawxH5TA0q/EPpa56ttUCkR75gztwMWFsNzGK7pc', 'Ranju', 'Saroch', 'ranju.saroch@icfi.com', null, 4, 'F', 0, parseDateTime('2021-02-09 21:17:18', 'YYYY-MM-DD HH:mm:ss'), 'sysadmin', parseDateTime('2021-04-23 18:00:11', 'YYYY-MM-DD HH:mm:ss'), 'sysadmin', null, null, null, null, 5, 'F', parseDateTime('2021-04-23 17:53:26', 'YYYY-MM-DD HH:mm:ss'), 'F');
INSERT INTO PUBLIC.SITEUSER (SITEUSERID, USERNAME, PASSWORD, FIRSTNAME, LASTNAME, EMAILADDRESS, PHONENUMBER, PRIMARYUSERROLEID, EMAILNOTIFICATION, LOCKED, CREATEDDATE, CREATEDBY, UPDATEDATE, UPDATEBY, DESCRIPTION, TIMELOCKED, PWCHANGEKEY, REGIONID, STATEID, ISDELETED, PWCHANGEDDATE, PWTEMPORARY) VALUES (1563, 'hnadella884p', 'Ex3lcyrb5EUQ/2Gc7aqH+GB8nwBGQK2HfaYNtFrLYNaVmbw80XQ7mg6dDQ96KBcynyaCxZcE2GiGtTPFDWmM5jVviqBthhnB', 'Hardhik', 'Nadella', 'Venkatnadella13@gmail.com', null, 1, 'F', 0, parseDateTime('2021-02-10 18:08:14', 'YYYY-MM-DD HH:mm:ss'), 'sysadmin', parseDateTime('2021-02-10 18:08:14', 'YYYY-MM-DD HH:mm:ss'), 'sysadmin', null, null, null, null, null, 'F', parseDateTime('2021-02-10 18:08:13', 'YYYY-MM-DD HH:mm:ss'), 'T');
INSERT INTO PUBLIC.SITEUSER (SITEUSERID, USERNAME, PASSWORD, FIRSTNAME, LASTNAME, EMAILADDRESS, PHONENUMBER, PRIMARYUSERROLEID, EMAILNOTIFICATION, LOCKED, CREATEDDATE, CREATEDBY, UPDATEDATE, UPDATEBY, DESCRIPTION, TIMELOCKED, PWCHANGEKEY, REGIONID, STATEID, ISDELETED, PWCHANGEDDATE, PWTEMPORARY) VALUES (1622, 'hnadella', 'LTPpXKU5Sm1qPX+1VjVhIV6aj3n9rSSeIGl/HaiF01LdjT//MUJFcmRsjvWzDMgyCmdrlxZHiks0oWPutAdBnH9GOwIInN2H', 'Venkat1', 'Nadella', 'Venkatnadella13@gmail.com', null, 4, 'F', 0, parseDateTime('2021-02-26 12:41:27', 'YYYY-MM-DD HH:mm:ss'), 'sysadmin', parseDateTime('2021-02-26 12:41:27', 'YYYY-MM-DD HH:mm:ss'), 'sysadmin', null, null, null, null, 47, 'F', parseDateTime('2021-02-26 13:46:44', 'YYYY-MM-DD HH:mm:ss'), 'F');
INSERT INTO PUBLIC.SITEUSER (SITEUSERID, USERNAME, PASSWORD, FIRSTNAME, LASTNAME, EMAILADDRESS, PHONENUMBER, PRIMARYUSERROLEID, EMAILNOTIFICATION, LOCKED, CREATEDDATE, CREATEDBY, UPDATEDATE, UPDATEBY, DESCRIPTION, TIMELOCKED, PWCHANGEKEY, REGIONID, STATEID, ISDELETED, PWCHANGEDDATE, PWTEMPORARY) VALUES (1602, 'Vnadella', 'EQHyE9Qq30HTGA/fU6WAY7Qz1o9VW3yHUPdIlAh9+pFzqIw8WlXSb6jivJdA8LxrIV774nLnE1Vm7HxY1JGeHAWv6a36Y2eQ', 'Venkat', 'Nadella', '54544@icf.com', null, 4, 'F', 0, parseDateTime('2021-02-23 20:54:18', 'YYYY-MM-DD HH:mm:ss'), 'sysadmin', parseDateTime('2021-02-23 20:54:18', 'YYYY-MM-DD HH:mm:ss'), 'sysadmin', null, TO_TIMESTAMP('2021-06-10 13:38:34.069000', 'YYYY-MM-DD HH:mm:ss.FF6'), null, null, 2, 'F', parseDateTime('2021-02-23 20:55:26', 'YYYY-MM-DD HH:mm:ss'), 'F');
INSERT INTO PUBLIC.SITEUSER (SITEUSERID, USERNAME, PASSWORD, FIRSTNAME, LASTNAME, EMAILADDRESS, PHONENUMBER, PRIMARYUSERROLEID, EMAILNOTIFICATION, LOCKED, CREATEDDATE, CREATEDBY, UPDATEDATE, UPDATEBY, DESCRIPTION, TIMELOCKED, PWCHANGEKEY, REGIONID, STATEID, ISDELETED, PWCHANGEDDATE, PWTEMPORARY) VALUES (1623, 'test13', '5OMzQMu2nMTTrFUjT+owySVkBZUV1Ta3XfRKDVNTuC2iMk4GA4Ls8GsZFUPqI+7EQBYNfDAg3HfEQ0HFxadcQnlc+aupCCg6', 'test', 'test', 'Venkatnadella13@gmail.com', null, 4, 'F', 0, parseDateTime('2021-02-26 15:02:13', 'YYYY-MM-DD HH:mm:ss'), 'sysadmin', parseDateTime('2021-02-26 15:02:13', 'YYYY-MM-DD HH:mm:ss'), 'sysadmin', null, null, null, null, 58, 'F', parseDateTime('2021-02-26 15:02:41', 'YYYY-MM-DD HH:mm:ss'), 'F');
INSERT INTO PUBLIC.SITEUSER (SITEUSERID, USERNAME, PASSWORD, FIRSTNAME, LASTNAME, EMAILADDRESS, PHONENUMBER, PRIMARYUSERROLEID, EMAILNOTIFICATION, LOCKED, CREATEDDATE, CREATEDBY, UPDATEDATE, UPDATEBY, DESCRIPTION, TIMELOCKED, PWCHANGEKEY, REGIONID, STATEID, ISDELETED, PWCHANGEDDATE, PWTEMPORARY) VALUES (1624, 'akstateUser', 'eEzi0MzN50y3x0MiZNLNkG99TF00hnLbmP0fPE9TV/JmjmBhVw+NmS5ytJBolLHlCGiJK8drea4ZYisQ+XIqBaBMi0PlX4yV', 'Alaska', 'StateUser', 'test@test.com', null, 4, 'F', 0, parseDateTime('2021-02-26 15:15:52', 'YYYY-MM-DD HH:mm:ss'), 'sysadmin', parseDateTime('2021-03-16 11:26:30', 'YYYY-MM-DD HH:mm:ss'), 'sysadmin', null, null, null, null, 2, 'F', parseDateTime('2021-03-16 11:26:30', 'YYYY-MM-DD HH:mm:ss'), 'F');
INSERT INTO PUBLIC.SITEUSER (SITEUSERID, USERNAME, PASSWORD, FIRSTNAME, LASTNAME, EMAILADDRESS, PHONENUMBER, PRIMARYUSERROLEID, EMAILNOTIFICATION, LOCKED, CREATEDDATE, CREATEDBY, UPDATEDATE, UPDATEBY, DESCRIPTION, TIMELOCKED, PWCHANGEKEY, REGIONID, STATEID, ISDELETED, PWCHANGEDDATE, PWTEMPORARY) VALUES (1625, 'test3', 'NOuriDQfrvF4CY5baq8CKijANhspZuubXfZ3swEPRbCPVfusSsEtTJZcGG9PFl3U3RYdDVNf8J1lAchj0s4ROaXDXT9uLC4g', 'mutsuo', 'cb', 'mutsuo.ishijima@icfi.com', '111-111-1111', 4, 'F', 0, parseDateTime('2021-02-26 17:43:28', 'YYYY-MM-DD HH:mm:ss'), 'mutsuoadmin', parseDateTime('2021-03-04 14:17:32', 'YYYY-MM-DD HH:mm:ss'), 'mutsuoadmin', null, null, null, 9, 6, 'F', parseDateTime('2021-02-26 17:43:28', 'YYYY-MM-DD HH:mm:ss'), 'F');
INSERT INTO PUBLIC.SITEUSER (SITEUSERID, USERNAME, PASSWORD, FIRSTNAME, LASTNAME, EMAILADDRESS, PHONENUMBER, PRIMARYUSERROLEID, EMAILNOTIFICATION, LOCKED, CREATEDDATE, CREATEDBY, UPDATEDATE, UPDATEBY, DESCRIPTION, TIMELOCKED, PWCHANGEKEY, REGIONID, STATEID, ISDELETED, PWCHANGEDDATE, PWTEMPORARY) VALUES (1882, 'RegionSpec1', null, 'Regional', 'Specialist 1', 'wynton.jones@icf.com', null, 3, 'T', 0, parseDateTime('2021-06-14 14:31:09', 'YYYY-MM-DD HH:mm:ss'), 'wjones', parseDateTime('2021-06-14 14:32:02', 'YYYY-MM-DD HH:mm:ss'), 'wjones', null, null, null, 1, null, 'F', parseDateTime('2021-06-14 14:31:09', 'YYYY-MM-DD HH:mm:ss'), 'T');
INSERT INTO PUBLIC.SITEUSER (SITEUSERID, USERNAME, PASSWORD, FIRSTNAME, LASTNAME, EMAILADDRESS, PHONENUMBER, PRIMARYUSERROLEID, EMAILNOTIFICATION, LOCKED, CREATEDDATE, CREATEDBY, UPDATEDATE, UPDATEBY, DESCRIPTION, TIMELOCKED, PWCHANGEKEY, REGIONID, STATEID, ISDELETED, PWCHANGEDDATE, PWTEMPORARY) VALUES (1902, 'tdonald', 'AXBo1b4r7rdKVbsgvnp3IEIpJ6grFZ5Z9xki8ksR4v6Ji7nxW88TpIjzUh0cQsvbY+V7SXPFPcTB2V8l+4DC5dpneVPxGXxU', 'Ted', 'Donald', 'ted.donald@icf.com', null, 1, 'T', 0, parseDateTime('2021-06-15 14:31:10', 'YYYY-MM-DD HH:mm:ss'), 'wjones', parseDateTime('2021-06-15 14:31:46', 'YYYY-MM-DD HH:mm:ss'), 'wjones', null, null, null, null, null, 'F', parseDateTime('2021-06-16 17:44:04', 'YYYY-MM-DD HH:mm:ss'), 'F');
INSERT INTO PUBLIC.SITEUSER (SITEUSERID, USERNAME, PASSWORD, FIRSTNAME, LASTNAME, EMAILADDRESS, PHONENUMBER, PRIMARYUSERROLEID, EMAILNOTIFICATION, LOCKED, CREATEDDATE, CREATEDBY, UPDATEDATE, UPDATEBY, DESCRIPTION, TIMELOCKED, PWCHANGEKEY, REGIONID, STATEID, ISDELETED, PWCHANGEDDATE, PWTEMPORARY) VALUES (1922, 'tdonald-al-mgr', 'BmfVSw8jr6kzTIjBBcX495hXYyudKkZAkfTL0ADhirBtpHn0l+T4W+CcJEArwBKrgvaemHxtUiGDPhab02awCdzeK8NLLthR', 'Alabama', 'State-Mgr', 'ted.donald@icf.com', null, 4, 'F', 0, parseDateTime('2021-06-30 12:43:45', 'YYYY-MM-DD HH:mm:ss'), 'tdonald', parseDateTime('2021-06-30 12:43:45', 'YYYY-MM-DD HH:mm:ss'), 'tdonald', null, null, null, null, 1, 'F', parseDateTime('2021-06-30 11:44:43', 'YYYY-MM-DD HH:mm:ss'), 'F');
INSERT INTO PUBLIC.SITEUSER (SITEUSERID, USERNAME, PASSWORD, FIRSTNAME, LASTNAME, EMAILADDRESS, PHONENUMBER, PRIMARYUSERROLEID, EMAILNOTIFICATION, LOCKED, CREATEDDATE, CREATEDBY, UPDATEDATE, UPDATEBY, DESCRIPTION, TIMELOCKED, PWCHANGEKEY, REGIONID, STATEID, ISDELETED, PWCHANGEDDATE, PWTEMPORARY) VALUES (1923, 'tdonald-ca-auth', '583r7pozy9Uc8S0gWKPNXb+ZNrj2IPa6IUcwv8fdQK47xg6ZcPMzZvXNmKyidFHTIErsd8vmlc2TpCd92J/AvYr9sNDzTV9F', 'California', 'State-Auth', 'ted.donald@icf.com', null, 4, 'F', 0, parseDateTime('2021-06-30 13:04:33', 'YYYY-MM-DD HH:mm:ss'), 'tdonald', parseDateTime('2021-06-30 13:04:33', 'YYYY-MM-DD HH:mm:ss'), 'tdonald', null, null, null, null, 6, 'F', parseDateTime('2021-06-30 12:05:25', 'YYYY-MM-DD HH:mm:ss'), 'F');
INSERT INTO PUBLIC.SITEUSER (SITEUSERID, USERNAME, PASSWORD, FIRSTNAME, LASTNAME, EMAILADDRESS, PHONENUMBER, PRIMARYUSERROLEID, EMAILNOTIFICATION, LOCKED, CREATEDDATE, CREATEDBY, UPDATEDATE, UPDATEBY, DESCRIPTION, TIMELOCKED, PWCHANGEKEY, REGIONID, STATEID, ISDELETED, PWCHANGEDDATE, PWTEMPORARY) VALUES (1842, 'mkilleen', 'z0QkoFM7GIO8dhGoLwO7RgYI2ENln/bJlevvg2ZOIKGqKIUKiOZ7hdH55dbXr8qDllA1HCzGqLCMSX9sIzHlgkksJW4gE1iN', 'Michael', 'Killeen', 'mkilleen.icf@gmail.com', null, 1, 'T', 0, parseDateTime('2021-06-07 13:58:38', 'YYYY-MM-DD HH:mm:ss'), 'wjones', parseDateTime('2021-06-07 13:58:38', 'YYYY-MM-DD HH:mm:ss'), 'wjones', null, null, null, null, null, 'F', parseDateTime('2021-08-08 20:40:28', 'YYYY-MM-DD HH:mm:ss'), 'F');
INSERT INTO PUBLIC.SITEUSER (SITEUSERID, USERNAME, PASSWORD, FIRSTNAME, LASTNAME, EMAILADDRESS, PHONENUMBER, PRIMARYUSERROLEID, EMAILNOTIFICATION, LOCKED, CREATEDDATE, CREATEDBY, UPDATEDATE, UPDATEBY, DESCRIPTION, TIMELOCKED, PWCHANGEKEY, REGIONID, STATEID, ISDELETED, PWCHANGEDDATE, PWTEMPORARY) VALUES (2022, 'tdonald-ca-mgr', 'H2w1AIIZ8C9n+gQ8nrq4WBQtoBIGjUVjmg604OMVSDPGE/IuH2sBZWX62TChKo5jAuwOKn3ZS6qHG/EDLIjlR6HqWJtuRPQM', 'Colin', 'California', 'ted.donald@icf.com', null, 4, 'F', 0, parseDateTime('2021-07-22 13:23:22', 'YYYY-MM-DD HH:mm:ss'), 'tdonald', parseDateTime('2021-07-22 13:23:22', 'YYYY-MM-DD HH:mm:ss'), 'tdonald', null, null, null, null, 6, 'F', parseDateTime('2021-07-22 13:24:14', 'YYYY-MM-DD HH:mm:ss'), 'F');
INSERT INTO PUBLIC.SITEUSER (SITEUSERID, USERNAME, PASSWORD, FIRSTNAME, LASTNAME, EMAILADDRESS, PHONENUMBER, PRIMARYUSERROLEID, EMAILNOTIFICATION, LOCKED, CREATEDDATE, CREATEDBY, UPDATEDATE, UPDATEBY, DESCRIPTION, TIMELOCKED, PWCHANGEKEY, REGIONID, STATEID, ISDELETED, PWCHANGEDDATE, PWTEMPORARY) VALUES (2043, 'Email_opt_out', 'J12l4jBTWYHQd+ipnlqhdcu/gEaBsiIkW/nn3JgYGPA2fMwQwgNv3vTh0r3entYPQMnMUFhZYjawf6DR4J4NOThGMpbyR7A8', 'Cali', 'Cali', 'wynton.jones@icf.com', null, 4, 'F', 0, parseDateTime('2021-07-23 10:57:01', 'YYYY-MM-DD HH:mm:ss'), 'wjones', parseDateTime('2021-07-23 10:57:01', 'YYYY-MM-DD HH:mm:ss'), 'wjones', null, null, null, null, 6, 'F', parseDateTime('2021-07-23 10:59:19', 'YYYY-MM-DD HH:mm:ss'), 'F');
INSERT INTO PUBLIC.SITEUSER (SITEUSERID, USERNAME, PASSWORD, FIRSTNAME, LASTNAME, EMAILADDRESS, PHONENUMBER, PRIMARYUSERROLEID, EMAILNOTIFICATION, LOCKED, CREATEDDATE, CREATEDBY, UPDATEDATE, UPDATEBY, DESCRIPTION, TIMELOCKED, PWCHANGEKEY, REGIONID, STATEID, ISDELETED, PWCHANGEDDATE, PWTEMPORARY) VALUES (1642, 'vnadella1', '0Z0i6jDUzMFnC7e+0YxvUOLxY8qrq9h7anvdR9KiNvF19V49VRcZecE3jISwPpCgxTKqeed3qq4knfxPU4Le+B69trpcATe+', 'Venkat', 'Nadella', 'Venkatnadella13@gmail.com', null, 1, 'F', 0, parseDateTime('2021-03-18 16:05:30', 'YYYY-MM-DD HH:mm:ss'), 'sysadmin', parseDateTime('2021-03-18 16:05:30', 'YYYY-MM-DD HH:mm:ss'), 'sysadmin', null, null, null, null, null, 'F', parseDateTime('2021-03-18 16:06:01', 'YYYY-MM-DD HH:mm:ss'), 'F');
INSERT INTO PUBLIC.SITEUSER (SITEUSERID, USERNAME, PASSWORD, FIRSTNAME, LASTNAME, EMAILADDRESS, PHONENUMBER, PRIMARYUSERROLEID, EMAILNOTIFICATION, LOCKED, CREATEDDATE, CREATEDBY, UPDATEDATE, UPDATEBY, DESCRIPTION, TIMELOCKED, PWCHANGEKEY, REGIONID, STATEID, ISDELETED, PWCHANGEDDATE, PWTEMPORARY) VALUES (1982, 'mkilleenak', 'Y6UJwX486A+zRVBdQF66gZOaYIsVf2f/7jOxh9g7OZHeT4YURUo1G9W6Fs0PAfW6H9UpAi2tf7XF8sAq87v7PByHdsQbd8Uu', 'Mike', 'Killeen', 'mkilleen.icf1@gmail.com', null, 4, 'T', 0, parseDateTime('2021-07-19 15:07:13', 'YYYY-MM-DD HH:mm:ss'), 'mkilleen', parseDateTime('2021-07-20 12:23:58', 'YYYY-MM-DD HH:mm:ss'), 'mkilleen', null, null, '8B51C35FD70D7B', null, 2, 'F', parseDateTime('2021-07-20 12:23:58', 'YYYY-MM-DD HH:mm:ss'), 'F');
INSERT INTO PUBLIC.SITEUSER (SITEUSERID, USERNAME, PASSWORD, FIRSTNAME, LASTNAME, EMAILADDRESS, PHONENUMBER, PRIMARYUSERROLEID, EMAILNOTIFICATION, LOCKED, CREATEDDATE, CREATEDBY, UPDATEDATE, UPDATEBY, DESCRIPTION, TIMELOCKED, PWCHANGEKEY, REGIONID, STATEID, ISDELETED, PWCHANGEDDATE, PWTEMPORARY) VALUES (1984, 'mkilleenaz', 'y9LQo49yjXEJ+biX4lvV1PuO67b11las9PdRkiggVleDsnbEc7FwemNkpvVNt9g8izz7yKyHSGCIIRkm/CNR+6gofFCoDB/I', 'Michael', 'Killeen', 'mkilleen.icf1@gmail.com', '8043663394', 4, 'T', 0, parseDateTime('2021-07-19 16:16:38', 'YYYY-MM-DD HH:mm:ss'), 'mkilleen', parseDateTime('2021-07-20 12:25:25', 'YYYY-MM-DD HH:mm:ss'), 'mkilleen', null, null, '421B7CF30771DD', null, 4, 'F', parseDateTime('2021-07-20 12:25:25', 'YYYY-MM-DD HH:mm:ss'), 'F');
INSERT INTO PUBLIC.SITEUSER (SITEUSERID, USERNAME, PASSWORD, FIRSTNAME, LASTNAME, EMAILADDRESS, PHONENUMBER, PRIMARYUSERROLEID, EMAILNOTIFICATION, LOCKED, CREATEDDATE, CREATEDBY, UPDATEDATE, UPDATEBY, DESCRIPTION, TIMELOCKED, PWCHANGEKEY, REGIONID, STATEID, ISDELETED, PWCHANGEDDATE, PWTEMPORARY) VALUES (1662, 'wjones', 'v2Pzl3CyTFrDqIiWa/YP7rHyc7Wn1cxlSs4nFBOqqoN2YqLJL2xNaqkvBJa7gKhF7If1G+dGtE2HNA4oBK8xSEIt/YTZTYs4', 'Wynton', 'Jones', 'wynton.jones@icf.com', null, 1, 'T', 0, parseDateTime('2021-03-31 13:30:22', 'YYYY-MM-DD HH:mm:ss'), 'sysadmin', parseDateTime('2021-05-04 07:03:00', 'YYYY-MM-DD HH:mm:ss'), 'wjones', null, null, null, null, null, 'F', parseDateTime('2021-08-02 07:33:16', 'YYYY-MM-DD HH:mm:ss'), 'F');
INSERT INTO PUBLIC.SITEUSER (SITEUSERID, USERNAME, PASSWORD, FIRSTNAME, LASTNAME, EMAILADDRESS, PHONENUMBER, PRIMARYUSERROLEID, EMAILNOTIFICATION, LOCKED, CREATEDDATE, CREATEDBY, UPDATEDATE, UPDATEBY, DESCRIPTION, TIMELOCKED, PWCHANGEKEY, REGIONID, STATEID, ISDELETED, PWCHANGEDDATE, PWTEMPORARY) VALUES (1682, 'hvnadella', 'BzFDXBPakY7Cri/N1RvMxQhwW4JaTb3hcYpP+Rnfx1yMCtpWmb3klKOXDms/H6kNLxaxxsQDlS8qqCaKKuS4BufjXkqb/caG', 'Venkat', 'Nadella', 'hardhik.nadella@icf.com', null, 1, 'F', 0, parseDateTime('2021-04-01 10:31:53', 'YYYY-MM-DD HH:mm:ss'), 'sysadmin', parseDateTime('2021-04-01 10:38:57', 'YYYY-MM-DD HH:mm:ss'), 'sysadmin', null, null, null, null, null, 'F', parseDateTime('2021-04-01 10:31:53', 'YYYY-MM-DD HH:mm:ss'), 'T');
INSERT INTO PUBLIC.SITEUSER (SITEUSERID, USERNAME, PASSWORD, FIRSTNAME, LASTNAME, EMAILADDRESS, PHONENUMBER, PRIMARYUSERROLEID, EMAILNOTIFICATION, LOCKED, CREATEDDATE, CREATEDBY, UPDATEDATE, UPDATEBY, DESCRIPTION, TIMELOCKED, PWCHANGEKEY, REGIONID, STATEID, ISDELETED, PWCHANGEDDATE, PWTEMPORARY) VALUES (1684, 'nytdtest1', null, 'nytd', 'test1', 'nytd.test1@gmail.com', null, 3, 'F', 0, parseDateTime('2021-04-01 19:20:10', 'YYYY-MM-DD HH:mm:ss'), 'mutsuoadmin', parseDateTime('2021-07-27 11:35:12', 'YYYY-MM-DD HH:mm:ss'), 'wjones', null, null, null, 10, null, 'F', parseDateTime('2021-04-01 19:20:10', 'YYYY-MM-DD HH:mm:ss'), 'T');
INSERT INTO PUBLIC.SITEUSER (SITEUSERID, USERNAME, PASSWORD, FIRSTNAME, LASTNAME, EMAILADDRESS, PHONENUMBER, PRIMARYUSERROLEID, EMAILNOTIFICATION, LOCKED, CREATEDDATE, CREATEDBY, UPDATEDATE, UPDATEBY, DESCRIPTION, TIMELOCKED, PWCHANGEKEY, REGIONID, STATEID, ISDELETED, PWCHANGEDDATE, PWTEMPORARY) VALUES (1686, 'nytdtest3', null, 'nytd', 'test3', 'nytd.test3@gmail.com', null, 2, 'F', 0, parseDateTime('2021-04-01 19:22:07', 'YYYY-MM-DD HH:mm:ss'), 'mutsuoadmin', parseDateTime('2021-04-01 19:22:07', 'YYYY-MM-DD HH:mm:ss'), 'mutsuoadmin', null, null, null, null, null, 'F', parseDateTime('2021-04-01 19:22:07', 'YYYY-MM-DD HH:mm:ss'), 'T');
INSERT INTO PUBLIC.SITEUSER (SITEUSERID, USERNAME, PASSWORD, FIRSTNAME, LASTNAME, EMAILADDRESS, PHONENUMBER, PRIMARYUSERROLEID, EMAILNOTIFICATION, LOCKED, CREATEDDATE, CREATEDBY, UPDATEDATE, UPDATEBY, DESCRIPTION, TIMELOCKED, PWCHANGEKEY, REGIONID, STATEID, ISDELETED, PWCHANGEDDATE, PWTEMPORARY) VALUES (1687, 'nytdtest3-2nd', null, 'nytd', 'test3-2nd', 'nytd.test3@gmail.com', null, 3, 'F', 0, parseDateTime('2021-04-01 19:24:14', 'YYYY-MM-DD HH:mm:ss'), 'mutsuoadmin', parseDateTime('2021-04-01 19:24:14', 'YYYY-MM-DD HH:mm:ss'), 'mutsuoadmin', null, null, null, 1, null, 'F', parseDateTime('2021-04-01 19:24:14', 'YYYY-MM-DD HH:mm:ss'), 'T');
INSERT INTO PUBLIC.SITEUSER (SITEUSERID, USERNAME, PASSWORD, FIRSTNAME, LASTNAME, EMAILADDRESS, PHONENUMBER, PRIMARYUSERROLEID, EMAILNOTIFICATION, LOCKED, CREATEDDATE, CREATEDBY, UPDATEDATE, UPDATEBY, DESCRIPTION, TIMELOCKED, PWCHANGEKEY, REGIONID, STATEID, ISDELETED, PWCHANGEDDATE, PWTEMPORARY) VALUES (1688, 'RIstate', '4Sf0LqlzTu9JXfVGDibRHe+hAoKLBB5kAZD9AwXXyjzMXNdFOiWOIpsvqIJ428CEwHSglU6YWzBHL6ziRvG0u8klsMgr4Vry', 'RI', 'StateTest', 'Wynton.jones@icf.com', '7576195777', 4, 'T', 0, parseDateTime('2021-04-02 15:08:45', 'YYYY-MM-DD HH:mm:ss'), 'wjones', parseDateTime('2021-04-27 16:16:31', 'YYYY-MM-DD HH:mm:ss'), 'sysadmin', null, null, null, null, 47, 'T', parseDateTime('2021-04-02 15:10:11', 'YYYY-MM-DD HH:mm:ss'), 'F');
INSERT INTO PUBLIC.SITEUSER (SITEUSERID, USERNAME, PASSWORD, FIRSTNAME, LASTNAME, EMAILADDRESS, PHONENUMBER, PRIMARYUSERROLEID, EMAILNOTIFICATION, LOCKED, CREATEDDATE, CREATEDBY, UPDATEDATE, UPDATEBY, DESCRIPTION, TIMELOCKED, PWCHANGEKEY, REGIONID, STATEID, ISDELETED, PWCHANGEDDATE, PWTEMPORARY) VALUES (2082, 'test0987', 'LJRHxuSKNgopGoei2TSlYcMXbt7+b8jgTnLXkXCaMlgXBsUrfsiWzaJ8XtPxsVNn7F/KRKCDNdvOe7qZcbdSfbDVj/cCiGWM', 'test123', 'test123', 'wynton.jones@icf.com', null, 2, 'F', 0, parseDateTime('2021-07-28 17:22:10', 'YYYY-MM-DD HH:mm:ss'), 'wjones', parseDateTime('2021-07-28 17:23:33', 'YYYY-MM-DD HH:mm:ss'), 'wjones', null, null, null, null, null, 'F', parseDateTime('2021-07-28 17:22:44', 'YYYY-MM-DD HH:mm:ss'), 'F');
INSERT INTO PUBLIC.SITEUSER (SITEUSERID, USERNAME, PASSWORD, FIRSTNAME, LASTNAME, EMAILADDRESS, PHONENUMBER, PRIMARYUSERROLEID, EMAILNOTIFICATION, LOCKED, CREATEDDATE, CREATEDBY, UPDATEDATE, UPDATEBY, DESCRIPTION, TIMELOCKED, PWCHANGEKEY, REGIONID, STATEID, ISDELETED, PWCHANGEDDATE, PWTEMPORARY) VALUES (2083, 'mkilleencb', null, 'Mike', 'Killeen', 'mkilleenicfcb@gmail.com', null, 3, 'T', 0, parseDateTime('2021-07-29 09:40:17', 'YYYY-MM-DD HH:mm:ss'), 'mkilleen', parseDateTime('2021-07-29 12:37:10', 'YYYY-MM-DD HH:mm:ss'), 'wjones', null, null, null, 1, null, 'F', parseDateTime('2021-07-29 09:40:17', 'YYYY-MM-DD HH:mm:ss'), 'T');
INSERT INTO PUBLIC.SITEUSER (SITEUSERID, USERNAME, PASSWORD, FIRSTNAME, LASTNAME, EMAILADDRESS, PHONENUMBER, PRIMARYUSERROLEID, EMAILNOTIFICATION, LOCKED, CREATEDDATE, CREATEDBY, UPDATEDATE, UPDATEBY, DESCRIPTION, TIMELOCKED, PWCHANGEKEY, REGIONID, STATEID, ISDELETED, PWCHANGEDDATE, PWTEMPORARY) VALUES (1822, 'CaliState', 's2A75D2shZcPZN4+M8z5qdGZfohCBgU/suDwkV7Yu39vUpmP664svanPCFxBbTAvU80but4lnTkRRgd5V5dadIlJbeqjHy5W', 'California', 'Sate', 'wynton.jones@icf.com', null, 4, 'F', 0, parseDateTime('2021-06-01 17:21:47', 'YYYY-MM-DD HH:mm:ss'), 'wjones', parseDateTime('2021-07-23 11:01:30', 'YYYY-MM-DD HH:mm:ss'), 'wjones', null, null, null, null, 6, 'F', parseDateTime('2021-08-04 07:27:31', 'YYYY-MM-DD HH:mm:ss'), 'F');
INSERT INTO PUBLIC.SITEUSER (SITEUSERID, USERNAME, PASSWORD, FIRSTNAME, LASTNAME, EMAILADDRESS, PHONENUMBER, PRIMARYUSERROLEID, EMAILNOTIFICATION, LOCKED, CREATEDDATE, CREATEDBY, UPDATEDATE, UPDATEBY, DESCRIPTION, TIMELOCKED, PWCHANGEKEY, REGIONID, STATEID, ISDELETED, PWCHANGEDDATE, PWTEMPORARY) VALUES (1862, 'mkilleenal', 'gRlEDeZbp0G2qSRd1To7lJF6LGw68ZQR1sNdsiuuXn4MGpooFaavLtv5KIVejF2HlemOfGTvgFvOUARdINL2D8c9xoeWf2eO', 'Michael', 'Killeen', 'michael.killeen1@icf.com', null, 4, 'T', 0, parseDateTime('2021-06-10 17:51:33', 'YYYY-MM-DD HH:mm:ss'), 'mkilleen', parseDateTime('2021-06-10 17:51:33', 'YYYY-MM-DD HH:mm:ss'), 'mkilleen', null, null, null, null, 1, 'F', parseDateTime('2021-06-10 17:52:39', 'YYYY-MM-DD HH:mm:ss'), 'F');
INSERT INTO PUBLIC.SITEUSER (SITEUSERID, USERNAME, PASSWORD, FIRSTNAME, LASTNAME, EMAILADDRESS, PHONENUMBER, PRIMARYUSERROLEID, EMAILNOTIFICATION, LOCKED, CREATEDDATE, CREATEDBY, UPDATEDATE, UPDATEBY, DESCRIPTION, TIMELOCKED, PWCHANGEKEY, REGIONID, STATEID, ISDELETED, PWCHANGEDDATE, PWTEMPORARY) VALUES (1863, 'mkilleenca', 'LPN5ObeNCDq+eqr7rEr6M273vzAlkuGYJqN+Y8UE0r8iyjJk5p9CrhJYmuW8gaz1ScwJNYn1VyiRJ1JFXmLcioxnGIaaBEAc', 'Michael', 'Killeen', 'michael.killeen2@icf.com', null, 4, 'T', 0, parseDateTime('2021-06-10 17:53:51', 'YYYY-MM-DD HH:mm:ss'), 'mkilleen', parseDateTime('2021-06-10 17:53:51', 'YYYY-MM-DD HH:mm:ss'), 'mkilleen', null, null, null, null, 6, 'F', parseDateTime('2021-06-10 17:55:55', 'YYYY-MM-DD HH:mm:ss'), 'F');
INSERT INTO PUBLIC.SITEUSER (SITEUSERID, USERNAME, PASSWORD, FIRSTNAME, LASTNAME, EMAILADDRESS, PHONENUMBER, PRIMARYUSERROLEID, EMAILNOTIFICATION, LOCKED, CREATEDDATE, CREATEDBY, UPDATEDATE, UPDATEBY, DESCRIPTION, TIMELOCKED, PWCHANGEKEY, REGIONID, STATEID, ISDELETED, PWCHANGEDDATE, PWTEMPORARY) VALUES (2002, 'ORstateUser1', 'EndykjyvvX4ipK8w7Rx4n3y19+ARniTOzjFX6OTWEYVYO3Q5DYJdkk6WpJy4fZH/jG1ZRcugmaYyem2SQ2nY+RiZwt8sXp7l', 'ORstateUser', 'test', 'ranju.saroch@icf.com', null, 4, 'F', 0, parseDateTime('2021-07-20 15:58:20', 'YYYY-MM-DD HH:mm:ss'), 'sysadmin', parseDateTime('2021-07-20 16:02:29', 'YYYY-MM-DD HH:mm:ss'), 'sysadmin', null, null, null, null, 43, 'F', parseDateTime('2021-07-20 16:02:53', 'YYYY-MM-DD HH:mm:ss'), 'F');
INSERT INTO PUBLIC.SITEUSER (SITEUSERID, USERNAME, PASSWORD, FIRSTNAME, LASTNAME, EMAILADDRESS, PHONENUMBER, PRIMARYUSERROLEID, EMAILNOTIFICATION, LOCKED, CREATEDDATE, CREATEDBY, UPDATEDATE, UPDATEBY, DESCRIPTION, TIMELOCKED, PWCHANGEKEY, REGIONID, STATEID, ISDELETED, PWCHANGEDDATE, PWTEMPORARY) VALUES (2062, 'Fed_user_6', null, 'Region', '6', 'wynton.jones@icf.com', null, 3, 'F', 0, parseDateTime('2021-07-26 08:23:05', 'YYYY-MM-DD HH:mm:ss'), 'wjones', parseDateTime('2021-07-26 08:23:05', 'YYYY-MM-DD HH:mm:ss'), 'wjones', null, null, null, 6, null, 'F', parseDateTime('2021-07-26 08:23:05', 'YYYY-MM-DD HH:mm:ss'), 'T');
INSERT INTO PUBLIC.SITEUSER (SITEUSERID, USERNAME, PASSWORD, FIRSTNAME, LASTNAME, EMAILADDRESS, PHONENUMBER, PRIMARYUSERROLEID, EMAILNOTIFICATION, LOCKED, CREATEDDATE, CREATEDBY, UPDATEDATE, UPDATEBY, DESCRIPTION, TIMELOCKED, PWCHANGEKEY, REGIONID, STATEID, ISDELETED, PWCHANGEDDATE, PWTEMPORARY) VALUES (2084, 'mkilleenfed', null, 'Mike', 'Killeen', 'mkilleenicffed@gmail.com', null, 2, 'T', 0, parseDateTime('2021-07-29 16:17:14', 'YYYY-MM-DD HH:mm:ss'), 'mkilleen', parseDateTime('2021-07-29 16:17:14', 'YYYY-MM-DD HH:mm:ss'), 'mkilleen', null, null, null, null, null, 'F', parseDateTime('2021-07-29 16:17:13', 'YYYY-MM-DD HH:mm:ss'), 'T');
INSERT INTO PUBLIC.SITEUSER (SITEUSERID, USERNAME, PASSWORD, FIRSTNAME, LASTNAME, EMAILADDRESS, PHONENUMBER, PRIMARYUSERROLEID, EMAILNOTIFICATION, LOCKED, CREATEDDATE, CREATEDBY, UPDATEDATE, UPDATEBY, DESCRIPTION, TIMELOCKED, PWCHANGEKEY, REGIONID, STATEID, ISDELETED, PWCHANGEDDATE, PWTEMPORARY) VALUES (2122, 'mkilleenmn', 'e7xfQSOJX2yLl9ncry1n2OY8fGWh0Ahjr6rF0NC7+rmNcCyFbZR9EFkvkBOhygX2F6hmO36yhCSg+n94ZlNLECTow/zSwo0E', 'Michael', 'Killeen', 'mkilleenmn@gmail.com', null, 4, 'T', 0, parseDateTime('2021-08-09 09:19:34', 'YYYY-MM-DD HH:mm:ss'), 'mkilleen', parseDateTime('2021-08-09 09:19:34', 'YYYY-MM-DD HH:mm:ss'), 'mkilleen', null, null, null, null, 24, 'F', parseDateTime('2021-08-09 09:20:16', 'YYYY-MM-DD HH:mm:ss'), 'F');
INSERT INTO PUBLIC.SITEUSER (SITEUSERID, USERNAME, PASSWORD, FIRSTNAME, LASTNAME, EMAILADDRESS, PHONENUMBER, PRIMARYUSERROLEID, EMAILNOTIFICATION, LOCKED, CREATEDDATE, CREATEDBY, UPDATEDATE, UPDATEBY, DESCRIPTION, TIMELOCKED, PWCHANGEKEY, REGIONID, STATEID, ISDELETED, PWCHANGEDDATE, PWTEMPORARY) VALUES (2123, 'mkilleenms', 'rRc3GOXXe2BJAqzKBOb6ER5p2+6N2HYNTapQu2j1qErl/Ydn8L3Q+itEhAeqbu9wJowI0sm4HLin7fCQpnZC6F8RHqyAuO77', 'Michael', 'Killeen', 'mkilleenms@gmail.com', null, 4, 'T', 0, parseDateTime('2021-08-09 09:32:17', 'YYYY-MM-DD HH:mm:ss'), 'mkilleen', parseDateTime('2021-08-09 09:32:17', 'YYYY-MM-DD HH:mm:ss'), 'mkilleen', null, null, null, null, 27, 'F', parseDateTime('2021-08-09 09:32:46', 'YYYY-MM-DD HH:mm:ss'), 'F');
INSERT INTO PUBLIC.SITEUSER (SITEUSERID, USERNAME, PASSWORD, FIRSTNAME, LASTNAME, EMAILADDRESS, PHONENUMBER, PRIMARYUSERROLEID, EMAILNOTIFICATION, LOCKED, CREATEDDATE, CREATEDBY, UPDATEDATE, UPDATEBY, DESCRIPTION, TIMELOCKED, PWCHANGEKEY, REGIONID, STATEID, ISDELETED, PWCHANGEDDATE, PWTEMPORARY) VALUES (2124, 'mkilleencn', 'qar83/+0rWSxafnus+QyL7n5OEcFLRnVAJkmv+WBg7JXEwkWkbyartMG6APKyH1yMbGI9lBXH+R4R7C8HlJ7Lmskv+SJLE2y', 'Michael', 'Killeen', 'mkilleencn@gmail.com', null, 4, 'T', 0, parseDateTime('2021-08-09 09:36:05', 'YYYY-MM-DD HH:mm:ss'), 'mkilleen', parseDateTime('2021-08-09 09:36:05', 'YYYY-MM-DD HH:mm:ss'), 'mkilleen', null, null, null, null, 9, 'F', parseDateTime('2021-08-09 09:36:33', 'YYYY-MM-DD HH:mm:ss'), 'F');
INSERT INTO PUBLIC.SITEUSER (SITEUSERID, USERNAME, PASSWORD, FIRSTNAME, LASTNAME, EMAILADDRESS, PHONENUMBER, PRIMARYUSERROLEID, EMAILNOTIFICATION, LOCKED, CREATEDDATE, CREATEDBY, UPDATEDATE, UPDATEBY, DESCRIPTION, TIMELOCKED, PWCHANGEKEY, REGIONID, STATEID, ISDELETED, PWCHANGEDDATE, PWTEMPORARY) VALUES (2125, 'az_state', 'O1MQQrWnK3SVr6ffsGyVrKn9Xi8YE1VkIM/jh6VvuWNnQZgGzWQ/ZQPBKSB4EDauDLqIe/fU2sqFx6Xu3bAUS/t3kqO3MGnb', 'Arizona', 'State', 'wynton.jones@icf.com', null, 4, 'F', 0, parseDateTime('2021-08-11 11:33:13', 'YYYY-MM-DD HH:mm:ss'), 'wjones', parseDateTime('2021-08-11 11:33:13', 'YYYY-MM-DD HH:mm:ss'), 'wjones', null, null, null, null, 4, 'F', parseDateTime('2021-08-11 11:34:41', 'YYYY-MM-DD HH:mm:ss'), 'F');
INSERT INTO PUBLIC.SITEUSER (SITEUSERID, USERNAME, PASSWORD, FIRSTNAME, LASTNAME, EMAILADDRESS, PHONENUMBER, PRIMARYUSERROLEID, EMAILNOTIFICATION, LOCKED, CREATEDDATE, CREATEDBY, UPDATEDATE, UPDATEBY, DESCRIPTION, TIMELOCKED, PWCHANGEKEY, REGIONID, STATEID, ISDELETED, PWCHANGEDDATE, PWTEMPORARY) VALUES (2126, 'RI_state', 'zgqpJAU09kFr6sE81z4MxJnTOnBUM78jbQYiLM/kuWaMUxEHAwneq1xhoOJqAyVvkAAlYCWRKMAhLt+sZ2slX9+ht4ls+UsH', 'Rhode', 'Island', 'wynton.jones@icf.com', null, 4, 'F', 0, parseDateTime('2021-08-11 11:37:16', 'YYYY-MM-DD HH:mm:ss'), 'wjones', parseDateTime('2021-08-11 11:37:16', 'YYYY-MM-DD HH:mm:ss'), 'wjones', null, null, null, null, 47, 'F', parseDateTime('2021-08-11 11:37:32', 'YYYY-MM-DD HH:mm:ss'), 'F');
INSERT INTO PUBLIC.SITEUSER (SITEUSERID, USERNAME, PASSWORD, FIRSTNAME, LASTNAME, EMAILADDRESS, PHONENUMBER, PRIMARYUSERROLEID, EMAILNOTIFICATION, LOCKED, CREATEDDATE, CREATEDBY, UPDATEDATE, UPDATEBY, DESCRIPTION, TIMELOCKED, PWCHANGEKEY, REGIONID, STATEID, ISDELETED, PWCHANGEDDATE, PWTEMPORARY) VALUES (1723, 'wyntonj_acf', '6zDhUrFNF+aqX16bFOtuFiYRUiPQnHSl1ifLpW4lLSmnTywgY1jCXEjfDT2eW/wqSb8nGxQKhTCfEGJtKZV3/xww7wch7+MJ', 'Wynton', 'Jones', 'wynton.jones@acf.hhs.gov', null, 4, 'T', 0, parseDateTime('2021-04-28 10:55:58', 'YYYY-MM-DD HH:mm:ss'), 'sysadmin', parseDateTime('2021-04-28 10:56:28', 'YYYY-MM-DD HH:mm:ss'), 'sysadmin', null, null, null, null, 13, 'F', parseDateTime('2021-04-28 10:55:58', 'YYYY-MM-DD HH:mm:ss'), 'T');
INSERT INTO PUBLIC.SITEUSER (SITEUSERID, USERNAME, PASSWORD, FIRSTNAME, LASTNAME, EMAILADDRESS, PHONENUMBER, PRIMARYUSERROLEID, EMAILNOTIFICATION, LOCKED, CREATEDDATE, CREATEDBY, UPDATEDATE, UPDATEBY, DESCRIPTION, TIMELOCKED, PWCHANGEKEY, REGIONID, STATEID, ISDELETED, PWCHANGEDDATE, PWTEMPORARY) VALUES (1722, 'wjones_acf1', 'uvj7qofEWfRl3mUx6LIuc2kaDtfM5LgBy7IloiqwRBDShS2kb8Jwsy94F8cB3nm4Cxipqmzwdutu/PRGNFHFWL2qEwc3v1+G', 'W', 'Jones', 'wynton.jones@gmail.com', null, 4, 'T', 0, parseDateTime('2021-04-28 07:43:26', 'YYYY-MM-DD HH:mm:ss'), 'sysadmin', parseDateTime('2021-05-11 19:43:08', 'YYYY-MM-DD HH:mm:ss'), 'sysadmin', null, null, 'F5468BF4AEA414', null, 26, 'F', parseDateTime('2021-04-28 07:44:45', 'YYYY-MM-DD HH:mm:ss'), 'F');
INSERT INTO PUBLIC.SITEUSER (SITEUSERID, USERNAME, PASSWORD, FIRSTNAME, LASTNAME, EMAILADDRESS, PHONENUMBER, PRIMARYUSERROLEID, EMAILNOTIFICATION, LOCKED, CREATEDDATE, CREATEDBY, UPDATEDATE, UPDATEBY, DESCRIPTION, TIMELOCKED, PWCHANGEKEY, REGIONID, STATEID, ISDELETED, PWCHANGEDDATE, PWTEMPORARY) VALUES (1942, 'tdonald-state-plain', 'sd/4goFGuCiSiv6jkJcLMbuCkW7oroKjny2raoKS2LT9gWsSRXrSMzTRy/51VEMEZZRPkyWRwtOljiSZ5y+WkZddoNMUIDLx', 'State', 'NotManager-NotAuth', 'ted.donald@icf.com', null, 4, 'F', 0, parseDateTime('2021-07-01 10:00:23', 'YYYY-MM-DD HH:mm:ss'), 'tdonald', parseDateTime('2021-07-01 10:00:23', 'YYYY-MM-DD HH:mm:ss'), 'tdonald', null, null, null, null, 6, 'F', parseDateTime('2021-07-01 10:00:57', 'YYYY-MM-DD HH:mm:ss'), 'F');
INSERT INTO PUBLIC.SITEUSER (SITEUSERID, USERNAME, PASSWORD, FIRSTNAME, LASTNAME, EMAILADDRESS, PHONENUMBER, PRIMARYUSERROLEID, EMAILNOTIFICATION, LOCKED, CREATEDDATE, CREATEDBY, UPDATEDATE, UPDATEBY, DESCRIPTION, TIMELOCKED, PWCHANGEKEY, REGIONID, STATEID, ISDELETED, PWCHANGEDDATE, PWTEMPORARY) VALUES (1962, 'wis_manager', 'UyZO3PTPWQEK3HqMpY2/x/i6MgToCELsvr4yJjDAMmJuUc4DRNIrfIWNc7cdVza3SArrLY0F/C2zhgE9GivMQrNYzjUBt0gu', 'Wisconsin', 'Test Manager', 'wynton.jones@icf.com', null, 4, 'F', 0, parseDateTime('2021-07-08 14:54:53', 'YYYY-MM-DD HH:mm:ss'), 'wjones', parseDateTime('2021-07-08 14:54:53', 'YYYY-MM-DD HH:mm:ss'), 'wjones', null, null, null, null, 58, 'F', parseDateTime('2021-07-08 14:57:40', 'YYYY-MM-DD HH:mm:ss'), 'F');
INSERT INTO PUBLIC.SITEUSER (SITEUSERID, USERNAME, PASSWORD, FIRSTNAME, LASTNAME, EMAILADDRESS, PHONENUMBER, PRIMARYUSERROLEID, EMAILNOTIFICATION, LOCKED, CREATEDDATE, CREATEDBY, UPDATEDATE, UPDATEBY, DESCRIPTION, TIMELOCKED, PWCHANGEKEY, REGIONID, STATEID, ISDELETED, PWCHANGEDDATE, PWTEMPORARY) VALUES (1963, 'wis_no_role', 'w+tisDPB1k9XVKaRMX6Haoof6s4Wt+vtymZuzA1kTiqLoLfz10k3jWlaw/Rx/BceUrRjsyxM1ZgYZttMI50QovzlghQJRFUe', 'Wisconsin', 'State', 'wynton.jones@icf.com', null, 4, 'F', 0, parseDateTime('2021-07-08 14:56:53', 'YYYY-MM-DD HH:mm:ss'), 'wjones', parseDateTime('2021-07-08 14:56:53', 'YYYY-MM-DD HH:mm:ss'), 'wjones', null, null, null, null, 58, 'F', parseDateTime('2021-07-08 15:09:36', 'YYYY-MM-DD HH:mm:ss'), 'F');
INSERT INTO PUBLIC.SITEUSER (SITEUSERID, USERNAME, PASSWORD, FIRSTNAME, LASTNAME, EMAILADDRESS, PHONENUMBER, PRIMARYUSERROLEID, EMAILNOTIFICATION, LOCKED, CREATEDDATE, CREATEDBY, UPDATEDATE, UPDATEBY, DESCRIPTION, TIMELOCKED, PWCHANGEKEY, REGIONID, STATEID, ISDELETED, PWCHANGEDDATE, PWTEMPORARY) VALUES (1964, 'Cali_no_role', 'OZ10GmLpBWsI3xC4RmC4TAX5EcoaLkOixgYhjyC+ZSmzxsvCfkSVFejb0yXNhPNOh2o6J1l/x+UO1ReZDEn9wOAW7bXUq0o0', 'California', 'State', 'wynton.jones@icf.com', null, 4, 'F', 0, parseDateTime('2021-07-08 17:04:34', 'YYYY-MM-DD HH:mm:ss'), 'wjones', parseDateTime('2021-07-08 17:04:34', 'YYYY-MM-DD HH:mm:ss'), 'wjones', null, null, null, null, 6, 'F', parseDateTime('2021-07-08 17:05:16', 'YYYY-MM-DD HH:mm:ss'), 'F');
INSERT INTO PUBLIC.SITEUSER (SITEUSERID, USERNAME, PASSWORD, FIRSTNAME, LASTNAME, EMAILADDRESS, PHONENUMBER, PRIMARYUSERROLEID, EMAILNOTIFICATION, LOCKED, CREATEDDATE, CREATEDBY, UPDATEDATE, UPDATEBY, DESCRIPTION, TIMELOCKED, PWCHANGEKEY, REGIONID, STATEID, ISDELETED, PWCHANGEDDATE, PWTEMPORARY) VALUES (1965, 'vermont_test', 'wnbwygOuEnIFP4bXf1WkIZ/ydDKtfH37w4u9/ejeUjApWrNyGFbuBKhdgW3+3D71dDCwGFrLNGoIvzN1GxAGf3uqoDQnYzYF', 'Vermont', 'State', 'wynton.jones@icf.com', null, 4, 'F', 0, parseDateTime('2021-07-08 17:16:39', 'YYYY-MM-DD HH:mm:ss'), 'wjones', parseDateTime('2021-07-08 17:16:39', 'YYYY-MM-DD HH:mm:ss'), 'wjones', null, null, null, null, 53, 'F', parseDateTime('2021-07-08 17:19:43', 'YYYY-MM-DD HH:mm:ss'), 'F');
INSERT INTO PUBLIC.SITEUSER (SITEUSERID, USERNAME, PASSWORD, FIRSTNAME, LASTNAME, EMAILADDRESS, PHONENUMBER, PRIMARYUSERROLEID, EMAILNOTIFICATION, LOCKED, CREATEDDATE, CREATEDBY, UPDATEDATE, UPDATEBY, DESCRIPTION, TIMELOCKED, PWCHANGEKEY, REGIONID, STATEID, ISDELETED, PWCHANGEDDATE, PWTEMPORARY) VALUES (1966, 'vermont_no_role', '4xFO33Vj4U8L2lRcsEZhRCzDFAy+xONP8A0I+zZYWcUBTdc1mqwNYf/osA68sf9pMvyxFJ3tlGSwyLNph6kunsuHZk+9EhCw', 'Vermont', 'State', 'wynton.jones@icf.com', null, 4, 'F', 0, parseDateTime('2021-07-08 17:17:38', 'YYYY-MM-DD HH:mm:ss'), 'wjones', parseDateTime('2021-07-08 17:17:38', 'YYYY-MM-DD HH:mm:ss'), 'wjones', null, null, null, null, 53, 'F', parseDateTime('2021-07-08 17:18:30', 'YYYY-MM-DD HH:mm:ss'), 'F');
INSERT INTO PUBLIC.SITEUSER (SITEUSERID, USERNAME, PASSWORD, FIRSTNAME, LASTNAME, EMAILADDRESS, PHONENUMBER, PRIMARYUSERROLEID, EMAILNOTIFICATION, LOCKED, CREATEDDATE, CREATEDBY, UPDATEDATE, UPDATEBY, DESCRIPTION, TIMELOCKED, PWCHANGEKEY, REGIONID, STATEID, ISDELETED, PWCHANGEDDATE, PWTEMPORARY) VALUES (1967, 'alabama_no_role', 'yOhxpbmSnA4AYHZyp3EbE7KtvPEj/7HfFfJiClwQAn5dk4Re6Q24zWNc2ziAEpnZFL0CjY8qSpMcck0qoZODoE28zEp1WSln', 'alabama', 'State', 'wynton.jones@icf.com', null, 4, 'F', 0, parseDateTime('2021-07-08 17:23:26', 'YYYY-MM-DD HH:mm:ss'), 'wjones', parseDateTime('2021-07-08 17:23:26', 'YYYY-MM-DD HH:mm:ss'), 'wjones', null, null, null, null, 1, 'F', parseDateTime('2021-07-08 17:24:42', 'YYYY-MM-DD HH:mm:ss'), 'F');
INSERT INTO PUBLIC.SITEUSER (SITEUSERID, USERNAME, PASSWORD, FIRSTNAME, LASTNAME, EMAILADDRESS, PHONENUMBER, PRIMARYUSERROLEID, EMAILNOTIFICATION, LOCKED, CREATEDDATE, CREATEDBY, UPDATEDATE, UPDATEBY, DESCRIPTION, TIMELOCKED, PWCHANGEKEY, REGIONID, STATEID, ISDELETED, PWCHANGEDDATE, PWTEMPORARY) VALUES (2102, 'jpillai', 'aD6Pug7DdLcrZhEV+L8RtQW3II8gV6/9ezmu8IJ5D6JaUD6KNeBQLlMWBd4IhE5NPnByCq9EPKEuDe2XNZTjKCtd2G+fOCG3', 'Jyoti', 'Pillai', 'jyoti.pillai@icf.com', null, 1, 'T', 0, parseDateTime('2021-08-06 12:14:10', 'YYYY-MM-DD HH:mm:ss'), 'wjones', parseDateTime('2021-08-06 12:21:06', 'YYYY-MM-DD HH:mm:ss'), 'wjones', null, null, null, null, null, 'F', parseDateTime('2021-08-06 12:15:39', 'YYYY-MM-DD HH:mm:ss'), 'F');
INSERT INTO PUBLIC.SITEUSER (SITEUSERID, USERNAME, PASSWORD, FIRSTNAME, LASTNAME, EMAILADDRESS, PHONENUMBER, PRIMARYUSERROLEID, EMAILNOTIFICATION, LOCKED, CREATEDDATE, CREATEDBY, UPDATEDATE, UPDATEBY, DESCRIPTION, TIMELOCKED, PWCHANGEKEY, REGIONID, STATEID, ISDELETED, PWCHANGEDDATE, PWTEMPORARY) VALUES (1742, 'michael-sysadmin', '8dDFJjGY4ng3/3LenIbKAADbAbyxtXt5yOvy/PvdlDGsgBaKgc6VBbIV7zHiVrQe7wwk2xIjbBteEx5ob7l/GFAUKAKQuLhX', 'Michael', 'Ingley', 'michael.ingley@icf.com', null, 1, 'T', 0, parseDateTime('2021-04-29 16:03:39', 'YYYY-MM-DD HH:mm:ss'), 'sysadmin', parseDateTime('2021-05-05 14:41:45', 'YYYY-MM-DD HH:mm:ss'), 'michael-sysadmin', null, null, null, null, null, 'F', parseDateTime('2021-06-29 13:33:16', 'YYYY-MM-DD HH:mm:ss'), 'F');
INSERT INTO PUBLIC.SITEUSER (SITEUSERID, USERNAME, PASSWORD, FIRSTNAME, LASTNAME, EMAILADDRESS, PHONENUMBER, PRIMARYUSERROLEID, EMAILNOTIFICATION, LOCKED, CREATEDDATE, CREATEDBY, UPDATEDATE, UPDATEBY, DESCRIPTION, TIMELOCKED, PWCHANGEKEY, REGIONID, STATEID, ISDELETED, PWCHANGEDDATE, PWTEMPORARY) VALUES (1762, 'test-AL', 'udN5lyS4WmHead8V87CDUjppmWThVsWEXHaLc00H+oZbZ7cInkAH0Jt7dTNJfnRZLiNOzjqnqiQmlbDlavojTzA265PwP8IO', 'test', 'test', 'michael.ingley@icf.com', null, 4, 'F', 0, parseDateTime('2021-04-30 14:25:26', 'YYYY-MM-DD HH:mm:ss'), 'michael-sysadmin', parseDateTime('2021-07-20 08:48:34', 'YYYY-MM-DD HH:mm:ss'), 'michael-sysadmin', null, null, null, null, 1, 'F', parseDateTime('2021-07-20 08:48:34', 'YYYY-MM-DD HH:mm:ss'), 'F');
INSERT INTO PUBLIC.SITEUSER (SITEUSERID, USERNAME, PASSWORD, FIRSTNAME, LASTNAME, EMAILADDRESS, PHONENUMBER, PRIMARYUSERROLEID, EMAILNOTIFICATION, LOCKED, CREATEDDATE, CREATEDBY, UPDATEDATE, UPDATEBY, DESCRIPTION, TIMELOCKED, PWCHANGEKEY, REGIONID, STATEID, ISDELETED, PWCHANGEDDATE, PWTEMPORARY) VALUES (1782, 'Alabama_test', '3zUjlBelWRN86AqkMv33TCp6gFnwL2FIpaKwPpOHuYxJsPNyfuQnox2w3qyH1cnH1k8KH9LBMwrMepeNo9ag1+QqeuDZrNph', 'Alabama', 'Test State', 'wynton.jones@icf.com', null, 4, 'T', 0, parseDateTime('2021-05-03 11:15:23', 'YYYY-MM-DD HH:mm:ss'), 'sysadmin', parseDateTime('2021-07-06 09:04:45', 'YYYY-MM-DD HH:mm:ss'), 'wjones', null, null, null, null, 1, 'F', parseDateTime('2021-07-06 07:32:18', 'YYYY-MM-DD HH:mm:ss'), 'F');
INSERT INTO PUBLIC.SITEUSER (SITEUSERID, USERNAME, PASSWORD, FIRSTNAME, LASTNAME, EMAILADDRESS, PHONENUMBER, PRIMARYUSERROLEID, EMAILNOTIFICATION, LOCKED, CREATEDDATE, CREATEDBY, UPDATEDATE, UPDATEBY, DESCRIPTION, TIMELOCKED, PWCHANGEKEY, REGIONID, STATEID, ISDELETED, PWCHANGEDDATE, PWTEMPORARY) VALUES (1802, 'alaska_test', 'coIbDJW4G70ZfDyM/8j6SpJuU86XRLBi/iZQSE43YYT35BT8lADWRbHkTpCfsHwaavZhQFis4R7bJBjbCpI95rN4vA2yLlJF', 'Alaska', 'State User', 'wynton.jones@icf.com', null, 4, 'T', 0, parseDateTime('2021-05-11 12:32:37', 'YYYY-MM-DD HH:mm:ss'), 'sysadmin', parseDateTime('2021-05-11 12:37:23', 'YYYY-MM-DD HH:mm:ss'), 'alaska_test', null, null, null, null, 2, 'F', parseDateTime('2021-05-11 12:34:46', 'YYYY-MM-DD HH:mm:ss'), 'F');
INSERT INTO PUBLIC.SITEUSER (SITEUSERID, USERNAME, PASSWORD, FIRSTNAME, LASTNAME, EMAILADDRESS, PHONENUMBER, PRIMARYUSERROLEID, EMAILNOTIFICATION, LOCKED, CREATEDDATE, CREATEDBY, UPDATEDATE, UPDATEBY, DESCRIPTION, TIMELOCKED, PWCHANGEKEY, REGIONID, STATEID, ISDELETED, PWCHANGEDDATE, PWTEMPORARY) VALUES (1803, 'histateuser', 'g5GYYcUa0uiAVAzm/epksMp5uoSQ2CxAoTPehqsSqOAqj4dtDcUuCfVfh4ZYqom22G3ttFqYqhMrTjBs0vz2kMRqbuz9kpmm', 'histateuser', 'staeuser', 'ranju.saroch@icf.com', null, 4, 'F', 0, parseDateTime('2021-05-12 11:51:20', 'YYYY-MM-DD HH:mm:ss'), 'sysadmin', parseDateTime('2021-08-05 15:06:36', 'YYYY-MM-DD HH:mm:ss'), 'sysadmin', null, null, null, null, 16, 'F', parseDateTime('2021-08-05 15:06:36', 'YYYY-MM-DD HH:mm:ss'), 'F');
INSERT INTO PUBLIC.SITEUSER (SITEUSERID, USERNAME, PASSWORD, FIRSTNAME, LASTNAME, EMAILADDRESS, PHONENUMBER, PRIMARYUSERROLEID, EMAILNOTIFICATION, LOCKED, CREATEDDATE, CREATEDBY, UPDATEDATE, UPDATEBY, DESCRIPTION, TIMELOCKED, PWCHANGEKEY, REGIONID, STATEID, ISDELETED, PWCHANGEDDATE, PWTEMPORARY) VALUES (1843, 'ALNava', 'VzumYXLMC7dC+f0kAD0ixi+lOSjg/aQjSnuoPrzs3uBD1pgqm5+ZaiXjkZJWDjgmKAiSevdl5hXhE8BZhxArd72g0gkAKVlU', 'Nava', 'Mallela', 'navakrishnachaitanya.mallela@icf.com', null, 4, 'F', 0, parseDateTime('2021-06-07 19:32:38', 'YYYY-MM-DD HH:mm:ss'), 'developer', parseDateTime('2021-06-07 19:32:38', 'YYYY-MM-DD HH:mm:ss'), 'developer', null, null, null, null, 1, 'F', parseDateTime('2021-06-07 19:33:15', 'YYYY-MM-DD HH:mm:ss'), 'F');
INSERT INTO PUBLIC.SITEUSER (SITEUSERID, USERNAME, PASSWORD, FIRSTNAME, LASTNAME, EMAILADDRESS, PHONENUMBER, PRIMARYUSERROLEID, EMAILNOTIFICATION, LOCKED, CREATEDDATE, CREATEDBY, UPDATEDATE, UPDATEBY, DESCRIPTION, TIMELOCKED, PWCHANGEKEY, REGIONID, STATEID, ISDELETED, PWCHANGEDDATE, PWTEMPORARY) VALUES (1844, 'NavaSA', 'STwF1l4Ts/RBGS+cNMwaaT1PwL8lrlh91rGN1PURgsTYLJArh6YjX0kfymMipY0/U6yUKPhID8zJ5C0yn8Ooxb6dSbsopzRN', 'Nava', 'Mallela', 'navakrishnachaitanya.mallela@icf.com', null, 1, 'F', 0, parseDateTime('2021-06-07 19:55:20', 'YYYY-MM-DD HH:mm:ss'), 'developer', parseDateTime('2021-06-07 19:55:20', 'YYYY-MM-DD HH:mm:ss'), 'developer', null, null, null, null, null, 'F', parseDateTime('2021-06-07 19:55:42', 'YYYY-MM-DD HH:mm:ss'), 'F');
INSERT INTO PUBLIC.SITEUSER (SITEUSERID, USERNAME, PASSWORD, FIRSTNAME, LASTNAME, EMAILADDRESS, PHONENUMBER, PRIMARYUSERROLEID, EMAILNOTIFICATION, LOCKED, CREATEDDATE, CREATEDBY, UPDATEDATE, UPDATEBY, DESCRIPTION, TIMELOCKED, PWCHANGEKEY, REGIONID, STATEID, ISDELETED, PWCHANGEDDATE, PWTEMPORARY) VALUES (2085, 'mkilleencb2', null, 'Mike', 'Killeen', 'mkilleenicfcb2@gmail.com', null, 2, 'T', 0, parseDateTime('2021-07-29 19:18:48', 'YYYY-MM-DD HH:mm:ss'), 'mkilleen', parseDateTime('2021-07-29 19:18:48', 'YYYY-MM-DD HH:mm:ss'), 'mkilleen', null, null, null, null, null, 'F', parseDateTime('2021-07-29 19:18:48', 'YYYY-MM-DD HH:mm:ss'), 'T');

INSERT INTO PUBLIC.SITEUSERSECONDARYROLE (SITEUSERSECONDARYROLEID, SITEUSERID, SECONDARYUSERROLEID, CREATEDDATE, CREATEDBY, UPDATEDATE, UPDATEBY, DESCRIPTION) VALUES (21, 41, 3, null, null, null, null, null);
INSERT INTO PUBLIC.SITEUSERSECONDARYROLE (SITEUSERSECONDARYROLEID, SITEUSERID, SECONDARYUSERROLEID, CREATEDDATE, CREATEDBY, UPDATEDATE, UPDATEBY, DESCRIPTION) VALUES (22, 41, 2, null, null, null, null, null);
INSERT INTO PUBLIC.SITEUSERSECONDARYROLE (SITEUSERSECONDARYROLEID, SITEUSERID, SECONDARYUSERROLEID, CREATEDDATE, CREATEDBY, UPDATEDATE, UPDATEBY, DESCRIPTION) VALUES (161, 181, 1, null, null, null, null, null);
INSERT INTO PUBLIC.SITEUSERSECONDARYROLE (SITEUSERSECONDARYROLEID, SITEUSERID, SECONDARYUSERROLEID, CREATEDDATE, CREATEDBY, UPDATEDATE, UPDATEBY, DESCRIPTION) VALUES (162, 181, 2, null, null, null, null, null);
INSERT INTO PUBLIC.SITEUSERSECONDARYROLE (SITEUSERSECONDARYROLEID, SITEUSERID, SECONDARYUSERROLEID, CREATEDDATE, CREATEDBY, UPDATEDATE, UPDATEBY, DESCRIPTION) VALUES (66, 66, 2, null, null, null, null, null);
INSERT INTO PUBLIC.SITEUSERSECONDARYROLE (SITEUSERSECONDARYROLEID, SITEUSERID, SECONDARYUSERROLEID, CREATEDDATE, CREATEDBY, UPDATEDATE, UPDATEBY, DESCRIPTION) VALUES (73, 95, 2, null, null, null, null, null);
INSERT INTO PUBLIC.SITEUSERSECONDARYROLE (SITEUSERSECONDARYROLEID, SITEUSERID, SECONDARYUSERROLEID, CREATEDDATE, CREATEDBY, UPDATEDATE, UPDATEBY, DESCRIPTION) VALUES (163, 181, 3, null, null, null, null, null);
INSERT INTO PUBLIC.SITEUSERSECONDARYROLE (SITEUSERSECONDARYROLEID, SITEUSERID, SECONDARYUSERROLEID, CREATEDDATE, CREATEDBY, UPDATEDATE, UPDATEBY, DESCRIPTION) VALUES (181, 1, 1, null, null, null, null, null);
INSERT INTO PUBLIC.SITEUSERSECONDARYROLE (SITEUSERSECONDARYROLEID, SITEUSERID, SECONDARYUSERROLEID, CREATEDDATE, CREATEDBY, UPDATEDATE, UPDATEBY, DESCRIPTION) VALUES (261, 281, 3, null, null, null, null, null);
INSERT INTO PUBLIC.SITEUSERSECONDARYROLE (SITEUSERSECONDARYROLEID, SITEUSERID, SECONDARYUSERROLEID, CREATEDDATE, CREATEDBY, UPDATEDATE, UPDATEBY, DESCRIPTION) VALUES (321, 341, 3, null, null, null, null, null);
INSERT INTO PUBLIC.SITEUSERSECONDARYROLE (SITEUSERSECONDARYROLEID, SITEUSERID, SECONDARYUSERROLEID, CREATEDDATE, CREATEDBY, UPDATEDATE, UPDATEBY, DESCRIPTION) VALUES (341, 361, 3, null, null, null, null, null);
INSERT INTO PUBLIC.SITEUSERSECONDARYROLE (SITEUSERSECONDARYROLEID, SITEUSERID, SECONDARYUSERROLEID, CREATEDDATE, CREATEDBY, UPDATEDATE, UPDATEBY, DESCRIPTION) VALUES (362, 382, 3, null, null, null, null, null);
INSERT INTO PUBLIC.SITEUSERSECONDARYROLE (SITEUSERSECONDARYROLEID, SITEUSERID, SECONDARYUSERROLEID, CREATEDDATE, CREATEDBY, UPDATEDATE, UPDATEBY, DESCRIPTION) VALUES (421, 441, 3, null, null, null, null, null);
INSERT INTO PUBLIC.SITEUSERSECONDARYROLE (SITEUSERSECONDARYROLEID, SITEUSERID, SECONDARYUSERROLEID, CREATEDDATE, CREATEDBY, UPDATEDATE, UPDATEBY, DESCRIPTION) VALUES (422, 442, 3, null, null, null, null, null);
INSERT INTO PUBLIC.SITEUSERSECONDARYROLE (SITEUSERSECONDARYROLEID, SITEUSERID, SECONDARYUSERROLEID, CREATEDDATE, CREATEDBY, UPDATEDATE, UPDATEBY, DESCRIPTION) VALUES (521, 1, 3, null, null, null, null, null);
INSERT INTO PUBLIC.SITEUSERSECONDARYROLE (SITEUSERSECONDARYROLEID, SITEUSERID, SECONDARYUSERROLEID, CREATEDDATE, CREATEDBY, UPDATEDATE, UPDATEBY, DESCRIPTION) VALUES (522, 1, 2, null, null, null, null, null);
INSERT INTO PUBLIC.SITEUSERSECONDARYROLE (SITEUSERSECONDARYROLEID, SITEUSERID, SECONDARYUSERROLEID, CREATEDDATE, CREATEDBY, UPDATEDATE, UPDATEBY, DESCRIPTION) VALUES (23, 42, 3, null, null, null, null, null);
INSERT INTO PUBLIC.SITEUSERSECONDARYROLE (SITEUSERSECONDARYROLEID, SITEUSERID, SECONDARYUSERROLEID, CREATEDDATE, CREATEDBY, UPDATEDATE, UPDATEBY, DESCRIPTION) VALUES (101, 121, 2, null, null, null, null, null);
INSERT INTO PUBLIC.SITEUSERSECONDARYROLE (SITEUSERSECONDARYROLEID, SITEUSERID, SECONDARYUSERROLEID, CREATEDDATE, CREATEDBY, UPDATEDATE, UPDATEBY, DESCRIPTION) VALUES (284, 304, 3, null, null, null, null, null);
INSERT INTO PUBLIC.SITEUSERSECONDARYROLE (SITEUSERSECONDARYROLEID, SITEUSERID, SECONDARYUSERROLEID, CREATEDDATE, CREATEDBY, UPDATEDATE, UPDATEBY, DESCRIPTION) VALUES (24, 42, 2, null, null, null, null, null);
INSERT INTO PUBLIC.SITEUSERSECONDARYROLE (SITEUSERSECONDARYROLEID, SITEUSERID, SECONDARYUSERROLEID, CREATEDDATE, CREATEDBY, UPDATEDATE, UPDATEBY, DESCRIPTION) VALUES (301, 321, 3, null, null, null, null, null);
INSERT INTO PUBLIC.SITEUSERSECONDARYROLE (SITEUSERSECONDARYROLEID, SITEUSERID, SECONDARYUSERROLEID, CREATEDDATE, CREATEDBY, UPDATEDATE, UPDATEBY, DESCRIPTION) VALUES (330, 348, 3, null, null, null, null, null);
INSERT INTO PUBLIC.SITEUSERSECONDARYROLE (SITEUSERSECONDARYROLEID, SITEUSERID, SECONDARYUSERROLEID, CREATEDDATE, CREATEDBY, UPDATEDATE, UPDATEBY, DESCRIPTION) VALUES (103, 122, 2, null, null, null, null, null);
INSERT INTO PUBLIC.SITEUSERSECONDARYROLE (SITEUSERSECONDARYROLEID, SITEUSERID, SECONDARYUSERROLEID, CREATEDDATE, CREATEDBY, UPDATEDATE, UPDATEBY, DESCRIPTION) VALUES (107, 123, 1, null, null, null, null, null);
INSERT INTO PUBLIC.SITEUSERSECONDARYROLE (SITEUSERSECONDARYROLEID, SITEUSERID, SECONDARYUSERROLEID, CREATEDDATE, CREATEDBY, UPDATEDATE, UPDATEBY, DESCRIPTION) VALUES (104, 122, 1, null, null, null, null, null);
INSERT INTO PUBLIC.SITEUSERSECONDARYROLE (SITEUSERSECONDARYROLEID, SITEUSERID, SECONDARYUSERROLEID, CREATEDDATE, CREATEDBY, UPDATEDATE, UPDATEBY, DESCRIPTION) VALUES (105, 122, 3, null, null, null, null, null);
INSERT INTO PUBLIC.SITEUSERSECONDARYROLE (SITEUSERSECONDARYROLEID, SITEUSERID, SECONDARYUSERROLEID, CREATEDDATE, CREATEDBY, UPDATEDATE, UPDATEBY, DESCRIPTION) VALUES (106, 123, 3, null, null, null, null, null);
INSERT INTO PUBLIC.SITEUSERSECONDARYROLE (SITEUSERSECONDARYROLEID, SITEUSERID, SECONDARYUSERROLEID, CREATEDDATE, CREATEDBY, UPDATEDATE, UPDATEBY, DESCRIPTION) VALUES (108, 123, 2, null, null, null, null, null);
INSERT INTO PUBLIC.SITEUSERSECONDARYROLE (SITEUSERSECONDARYROLEID, SITEUSERID, SECONDARYUSERROLEID, CREATEDDATE, CREATEDBY, UPDATEDATE, UPDATEBY, DESCRIPTION) VALUES (109, 124, 1, null, null, null, null, null);
INSERT INTO PUBLIC.SITEUSERSECONDARYROLE (SITEUSERSECONDARYROLEID, SITEUSERID, SECONDARYUSERROLEID, CREATEDDATE, CREATEDBY, UPDATEDATE, UPDATEBY, DESCRIPTION) VALUES (110, 124, 3, null, null, null, null, null);
INSERT INTO PUBLIC.SITEUSERSECONDARYROLE (SITEUSERSECONDARYROLEID, SITEUSERID, SECONDARYUSERROLEID, CREATEDDATE, CREATEDBY, UPDATEDATE, UPDATEBY, DESCRIPTION) VALUES (164, 182, 1, null, null, null, null, null);
INSERT INTO PUBLIC.SITEUSERSECONDARYROLE (SITEUSERSECONDARYROLEID, SITEUSERID, SECONDARYUSERROLEID, CREATEDDATE, CREATEDBY, UPDATEDATE, UPDATEBY, DESCRIPTION) VALUES (165, 182, 2, null, null, null, null, null);
INSERT INTO PUBLIC.SITEUSERSECONDARYROLE (SITEUSERSECONDARYROLEID, SITEUSERID, SECONDARYUSERROLEID, CREATEDDATE, CREATEDBY, UPDATEDATE, UPDATEBY, DESCRIPTION) VALUES (283, 303, 3, null, null, null, null, null);
INSERT INTO PUBLIC.SITEUSERSECONDARYROLE (SITEUSERSECONDARYROLEID, SITEUSERID, SECONDARYUSERROLEID, CREATEDDATE, CREATEDBY, UPDATEDATE, UPDATEBY, DESCRIPTION) VALUES (361, 381, 3, null, null, null, null, null);
INSERT INTO PUBLIC.SITEUSERSECONDARYROLE (SITEUSERSECONDARYROLEID, SITEUSERID, SECONDARYUSERROLEID, CREATEDDATE, CREATEDBY, UPDATEDATE, UPDATEBY, DESCRIPTION) VALUES (604, 481, 2, null, null, null, null, null);
INSERT INTO PUBLIC.SITEUSERSECONDARYROLE (SITEUSERSECONDARYROLEID, SITEUSERID, SECONDARYUSERROLEID, CREATEDDATE, CREATEDBY, UPDATEDATE, UPDATEBY, DESCRIPTION) VALUES (605, 481, 3, null, null, null, null, null);
INSERT INTO PUBLIC.SITEUSERSECONDARYROLE (SITEUSERSECONDARYROLEID, SITEUSERID, SECONDARYUSERROLEID, CREATEDDATE, CREATEDBY, UPDATEDATE, UPDATEBY, DESCRIPTION) VALUES (72, 94, 2, null, null, null, null, null);
INSERT INTO PUBLIC.SITEUSERSECONDARYROLE (SITEUSERSECONDARYROLEID, SITEUSERID, SECONDARYUSERROLEID, CREATEDDATE, CREATEDBY, UPDATEDATE, UPDATEBY, DESCRIPTION) VALUES (121, 141, 3, null, null, null, null, null);
INSERT INTO PUBLIC.SITEUSERSECONDARYROLE (SITEUSERSECONDARYROLEID, SITEUSERID, SECONDARYUSERROLEID, CREATEDDATE, CREATEDBY, UPDATEDATE, UPDATEBY, DESCRIPTION) VALUES (143, 162, 3, null, null, null, null, null);
INSERT INTO PUBLIC.SITEUSERSECONDARYROLE (SITEUSERSECONDARYROLEID, SITEUSERID, SECONDARYUSERROLEID, CREATEDDATE, CREATEDBY, UPDATEDATE, UPDATEBY, DESCRIPTION) VALUES (144, 162, 1, null, null, null, null, null);
INSERT INTO PUBLIC.SITEUSERSECONDARYROLE (SITEUSERSECONDARYROLEID, SITEUSERID, SECONDARYUSERROLEID, CREATEDDATE, CREATEDBY, UPDATEDATE, UPDATEBY, DESCRIPTION) VALUES (145, 162, 2, null, null, null, null, null);
INSERT INTO PUBLIC.SITEUSERSECONDARYROLE (SITEUSERSECONDARYROLEID, SITEUSERID, SECONDARYUSERROLEID, CREATEDDATE, CREATEDBY, UPDATEDATE, UPDATEBY, DESCRIPTION) VALUES (281, 301, 3, null, null, null, null, null);
INSERT INTO PUBLIC.SITEUSERSECONDARYROLE (SITEUSERSECONDARYROLEID, SITEUSERID, SECONDARYUSERROLEID, CREATEDDATE, CREATEDBY, UPDATEDATE, UPDATEBY, DESCRIPTION) VALUES (282, 302, 3, null, null, null, null, null);
INSERT INTO PUBLIC.SITEUSERSECONDARYROLE (SITEUSERSECONDARYROLEID, SITEUSERID, SECONDARYUSERROLEID, CREATEDDATE, CREATEDBY, UPDATEDATE, UPDATEBY, DESCRIPTION) VALUES (285, 305, 3, null, null, null, null, null);
INSERT INTO PUBLIC.SITEUSERSECONDARYROLE (SITEUSERSECONDARYROLEID, SITEUSERID, SECONDARYUSERROLEID, CREATEDDATE, CREATEDBY, UPDATEDATE, UPDATEBY, DESCRIPTION) VALUES (322, 342, 3, null, null, null, null, null);
INSERT INTO PUBLIC.SITEUSERSECONDARYROLE (SITEUSERSECONDARYROLEID, SITEUSERID, SECONDARYUSERROLEID, CREATEDDATE, CREATEDBY, UPDATEDATE, UPDATEBY, DESCRIPTION) VALUES (323, 343, 3, null, null, null, null, null);
INSERT INTO PUBLIC.SITEUSERSECONDARYROLE (SITEUSERSECONDARYROLEID, SITEUSERID, SECONDARYUSERROLEID, CREATEDDATE, CREATEDBY, UPDATEDATE, UPDATEBY, DESCRIPTION) VALUES (364, 384, 3, null, null, null, null, null);
INSERT INTO PUBLIC.SITEUSERSECONDARYROLE (SITEUSERSECONDARYROLEID, SITEUSERID, SECONDARYUSERROLEID, CREATEDDATE, CREATEDBY, UPDATEDATE, UPDATEBY, DESCRIPTION) VALUES (423, 443, 3, null, null, null, null, null);
INSERT INTO PUBLIC.SITEUSERSECONDARYROLE (SITEUSERSECONDARYROLEID, SITEUSERID, SECONDARYUSERROLEID, CREATEDDATE, CREATEDBY, UPDATEDATE, UPDATEBY, DESCRIPTION) VALUES (424, 444, 3, null, null, null, null, null);
INSERT INTO PUBLIC.SITEUSERSECONDARYROLE (SITEUSERSECONDARYROLEID, SITEUSERID, SECONDARYUSERROLEID, CREATEDDATE, CREATEDBY, UPDATEDATE, UPDATEBY, DESCRIPTION) VALUES (425, 445, 3, null, null, null, null, null);
INSERT INTO PUBLIC.SITEUSERSECONDARYROLE (SITEUSERSECONDARYROLEID, SITEUSERID, SECONDARYUSERROLEID, CREATEDDATE, CREATEDBY, UPDATEDATE, UPDATEBY, DESCRIPTION) VALUES (426, 446, 3, null, null, null, null, null);
INSERT INTO PUBLIC.SITEUSERSECONDARYROLE (SITEUSERSECONDARYROLEID, SITEUSERID, SECONDARYUSERROLEID, CREATEDDATE, CREATEDBY, UPDATEDATE, UPDATEBY, DESCRIPTION) VALUES (621, 501, 2, null, null, null, null, null);
INSERT INTO PUBLIC.SITEUSERSECONDARYROLE (SITEUSERSECONDARYROLEID, SITEUSERID, SECONDARYUSERROLEID, CREATEDDATE, CREATEDBY, UPDATEDATE, UPDATEBY, DESCRIPTION) VALUES (622, 501, 3, null, null, null, null, null);
INSERT INTO PUBLIC.SITEUSERSECONDARYROLE (SITEUSERSECONDARYROLEID, SITEUSERID, SECONDARYUSERROLEID, CREATEDDATE, CREATEDBY, UPDATEDATE, UPDATEBY, DESCRIPTION) VALUES (61, 87, 2, null, null, null, null, null);
INSERT INTO PUBLIC.SITEUSERSECONDARYROLE (SITEUSERSECONDARYROLEID, SITEUSERID, SECONDARYUSERROLEID, CREATEDDATE, CREATEDBY, UPDATEDATE, UPDATEBY, DESCRIPTION) VALUES (481, 21, 2, null, null, null, null, null);
INSERT INTO PUBLIC.SITEUSERSECONDARYROLE (SITEUSERSECONDARYROLEID, SITEUSERID, SECONDARYUSERROLEID, CREATEDDATE, CREATEDBY, UPDATEDATE, UPDATEBY, DESCRIPTION) VALUES (141, 161, 3, null, null, null, null, null);
INSERT INTO PUBLIC.SITEUSERSECONDARYROLE (SITEUSERSECONDARYROLEID, SITEUSERID, SECONDARYUSERROLEID, CREATEDDATE, CREATEDBY, UPDATEDATE, UPDATEBY, DESCRIPTION) VALUES (142, 161, 2, null, null, null, null, null);
INSERT INTO PUBLIC.SITEUSERSECONDARYROLE (SITEUSERSECONDARYROLEID, SITEUSERID, SECONDARYUSERROLEID, CREATEDDATE, CREATEDBY, UPDATEDATE, UPDATEBY, DESCRIPTION) VALUES (146, 163, 1, null, null, null, null, null);
INSERT INTO PUBLIC.SITEUSERSECONDARYROLE (SITEUSERSECONDARYROLEID, SITEUSERID, SECONDARYUSERROLEID, CREATEDDATE, CREATEDBY, UPDATEDATE, UPDATEBY, DESCRIPTION) VALUES (147, 163, 3, null, null, null, null, null);
INSERT INTO PUBLIC.SITEUSERSECONDARYROLE (SITEUSERSECONDARYROLEID, SITEUSERID, SECONDARYUSERROLEID, CREATEDDATE, CREATEDBY, UPDATEDATE, UPDATEBY, DESCRIPTION) VALUES (148, 163, 2, null, null, null, null, null);
INSERT INTO PUBLIC.SITEUSERSECONDARYROLE (SITEUSERSECONDARYROLEID, SITEUSERID, SECONDARYUSERROLEID, CREATEDDATE, CREATEDBY, UPDATEDATE, UPDATEBY, DESCRIPTION) VALUES (331, 349, 3, null, null, null, null, null);
INSERT INTO PUBLIC.SITEUSERSECONDARYROLE (SITEUSERSECONDARYROLEID, SITEUSERID, SECONDARYUSERROLEID, CREATEDDATE, CREATEDBY, UPDATEDATE, UPDATEBY, DESCRIPTION) VALUES (332, 349, 2, null, null, null, null, null);
INSERT INTO PUBLIC.SITEUSERSECONDARYROLE (SITEUSERSECONDARYROLEID, SITEUSERID, SECONDARYUSERROLEID, CREATEDDATE, CREATEDBY, UPDATEDATE, UPDATEBY, DESCRIPTION) VALUES (363, 383, 3, null, null, null, null, null);
INSERT INTO PUBLIC.SITEUSERSECONDARYROLE (SITEUSERSECONDARYROLEID, SITEUSERID, SECONDARYUSERROLEID, CREATEDDATE, CREATEDBY, UPDATEDATE, UPDATEBY, DESCRIPTION) VALUES (41, 61, 2, null, null, null, null, null);
INSERT INTO PUBLIC.SITEUSERSECONDARYROLE (SITEUSERSECONDARYROLEID, SITEUSERID, SECONDARYUSERROLEID, CREATEDDATE, CREATEDBY, UPDATEDATE, UPDATEBY, DESCRIPTION) VALUES (81, 101, 3, null, null, null, null, null);
INSERT INTO PUBLIC.SITEUSERSECONDARYROLE (SITEUSERSECONDARYROLEID, SITEUSERID, SECONDARYUSERROLEID, CREATEDDATE, CREATEDBY, UPDATEDATE, UPDATEBY, DESCRIPTION) VALUES (82, 101, 2, null, null, null, null, null);
INSERT INTO PUBLIC.SITEUSERSECONDARYROLE (SITEUSERSECONDARYROLEID, SITEUSERID, SECONDARYUSERROLEID, CREATEDDATE, CREATEDBY, UPDATEDATE, UPDATEBY, DESCRIPTION) VALUES (201, 221, 3, null, null, null, null, null);
INSERT INTO PUBLIC.SITEUSERSECONDARYROLE (SITEUSERSECONDARYROLEID, SITEUSERID, SECONDARYUSERROLEID, CREATEDDATE, CREATEDBY, UPDATEDATE, UPDATEBY, DESCRIPTION) VALUES (221, 241, 3, null, null, null, null, null);
INSERT INTO PUBLIC.SITEUSERSECONDARYROLE (SITEUSERSECONDARYROLEID, SITEUSERID, SECONDARYUSERROLEID, CREATEDDATE, CREATEDBY, UPDATEDATE, UPDATEBY, DESCRIPTION) VALUES (241, 261, 3, null, null, null, null, null);
INSERT INTO PUBLIC.SITEUSERSECONDARYROLE (SITEUSERSECONDARYROLEID, SITEUSERID, SECONDARYUSERROLEID, CREATEDDATE, CREATEDBY, UPDATEDATE, UPDATEBY, DESCRIPTION) VALUES (324, 344, 3, null, null, null, null, null);
INSERT INTO PUBLIC.SITEUSERSECONDARYROLE (SITEUSERSECONDARYROLEID, SITEUSERID, SECONDARYUSERROLEID, CREATEDDATE, CREATEDBY, UPDATEDATE, UPDATEBY, DESCRIPTION) VALUES (325, 344, 2, null, null, null, null, null);
INSERT INTO PUBLIC.SITEUSERSECONDARYROLE (SITEUSERSECONDARYROLEID, SITEUSERID, SECONDARYUSERROLEID, CREATEDDATE, CREATEDBY, UPDATEDATE, UPDATEBY, DESCRIPTION) VALUES (326, 345, 3, null, null, null, null, null);
INSERT INTO PUBLIC.SITEUSERSECONDARYROLE (SITEUSERSECONDARYROLEID, SITEUSERID, SECONDARYUSERROLEID, CREATEDDATE, CREATEDBY, UPDATEDATE, UPDATEBY, DESCRIPTION) VALUES (327, 346, 3, null, null, null, null, null);
INSERT INTO PUBLIC.SITEUSERSECONDARYROLE (SITEUSERSECONDARYROLEID, SITEUSERID, SECONDARYUSERROLEID, CREATEDDATE, CREATEDBY, UPDATEDATE, UPDATEBY, DESCRIPTION) VALUES (328, 347, 3, null, null, null, null, null);
INSERT INTO PUBLIC.SITEUSERSECONDARYROLE (SITEUSERSECONDARYROLEID, SITEUSERID, SECONDARYUSERROLEID, CREATEDDATE, CREATEDBY, UPDATEDATE, UPDATEBY, DESCRIPTION) VALUES (329, 347, 2, null, null, null, null, null);
INSERT INTO PUBLIC.SITEUSERSECONDARYROLE (SITEUSERSECONDARYROLEID, SITEUSERID, SECONDARYUSERROLEID, CREATEDDATE, CREATEDBY, UPDATEDATE, UPDATEBY, DESCRIPTION) VALUES (381, 401, 1, null, null, null, null, null);
INSERT INTO PUBLIC.SITEUSERSECONDARYROLE (SITEUSERSECONDARYROLEID, SITEUSERID, SECONDARYUSERROLEID, CREATEDDATE, CREATEDBY, UPDATEDATE, UPDATEBY, DESCRIPTION) VALUES (382, 402, 2, null, null, null, null, null);
INSERT INTO PUBLIC.SITEUSERSECONDARYROLE (SITEUSERSECONDARYROLEID, SITEUSERID, SECONDARYUSERROLEID, CREATEDDATE, CREATEDBY, UPDATEDATE, UPDATEBY, DESCRIPTION) VALUES (401, 421, 3, null, null, null, null, null);
INSERT INTO PUBLIC.SITEUSERSECONDARYROLE (SITEUSERSECONDARYROLEID, SITEUSERID, SECONDARYUSERROLEID, CREATEDDATE, CREATEDBY, UPDATEDATE, UPDATEBY, DESCRIPTION) VALUES (501, 21, 3, null, null, null, null, null);
INSERT INTO PUBLIC.SITEUSERSECONDARYROLE (SITEUSERSECONDARYROLEID, SITEUSERID, SECONDARYUSERROLEID, CREATEDDATE, CREATEDBY, UPDATEDATE, UPDATEBY, DESCRIPTION) VALUES (761, 621, 2, null, null, null, null, null);
INSERT INTO PUBLIC.SITEUSERSECONDARYROLE (SITEUSERSECONDARYROLEID, SITEUSERID, SECONDARYUSERROLEID, CREATEDDATE, CREATEDBY, UPDATEDATE, UPDATEBY, DESCRIPTION) VALUES (764, 625, 2, null, null, null, null, null);
INSERT INTO PUBLIC.SITEUSERSECONDARYROLE (SITEUSERSECONDARYROLEID, SITEUSERID, SECONDARYUSERROLEID, CREATEDDATE, CREATEDBY, UPDATEDATE, UPDATEBY, DESCRIPTION) VALUES (765, 625, 3, null, null, null, null, null);
INSERT INTO PUBLIC.SITEUSERSECONDARYROLE (SITEUSERSECONDARYROLEID, SITEUSERID, SECONDARYUSERROLEID, CREATEDDATE, CREATEDBY, UPDATEDATE, UPDATEBY, DESCRIPTION) VALUES (902, 762, 3, null, null, null, null, null);
INSERT INTO PUBLIC.SITEUSERSECONDARYROLE (SITEUSERSECONDARYROLEID, SITEUSERID, SECONDARYUSERROLEID, CREATEDDATE, CREATEDBY, UPDATEDATE, UPDATEBY, DESCRIPTION) VALUES (903, 762, 2, null, null, null, null, null);
INSERT INTO PUBLIC.SITEUSERSECONDARYROLE (SITEUSERSECONDARYROLEID, SITEUSERID, SECONDARYUSERROLEID, CREATEDDATE, CREATEDBY, UPDATEDATE, UPDATEBY, DESCRIPTION) VALUES (1122, 1002, 2, null, null, null, null, null);
INSERT INTO PUBLIC.SITEUSERSECONDARYROLE (SITEUSERSECONDARYROLEID, SITEUSERID, SECONDARYUSERROLEID, CREATEDDATE, CREATEDBY, UPDATEDATE, UPDATEBY, DESCRIPTION) VALUES (1142, 1022, 2, null, null, null, null, null);
INSERT INTO PUBLIC.SITEUSERSECONDARYROLE (SITEUSERSECONDARYROLEID, SITEUSERID, SECONDARYUSERROLEID, CREATEDDATE, CREATEDBY, UPDATEDATE, UPDATEBY, DESCRIPTION) VALUES (1143, 1022, 3, null, null, null, null, null);
INSERT INTO PUBLIC.SITEUSERSECONDARYROLE (SITEUSERSECONDARYROLEID, SITEUSERID, SECONDARYUSERROLEID, CREATEDDATE, CREATEDBY, UPDATEDATE, UPDATEBY, DESCRIPTION) VALUES (1203, 1083, 1, null, null, null, null, null);
INSERT INTO PUBLIC.SITEUSERSECONDARYROLE (SITEUSERSECONDARYROLEID, SITEUSERID, SECONDARYUSERROLEID, CREATEDDATE, CREATEDBY, UPDATEDATE, UPDATEBY, DESCRIPTION) VALUES (1226, 1103, 2, null, null, null, null, null);
INSERT INTO PUBLIC.SITEUSERSECONDARYROLE (SITEUSERSECONDARYROLEID, SITEUSERID, SECONDARYUSERROLEID, CREATEDDATE, CREATEDBY, UPDATEDATE, UPDATEBY, DESCRIPTION) VALUES (1227, 1103, 3, null, null, null, null, null);
INSERT INTO PUBLIC.SITEUSERSECONDARYROLE (SITEUSERSECONDARYROLEID, SITEUSERID, SECONDARYUSERROLEID, CREATEDDATE, CREATEDBY, UPDATEDATE, UPDATEBY, DESCRIPTION) VALUES (683, 563, 1, null, null, null, null, null);
INSERT INTO PUBLIC.SITEUSERSECONDARYROLE (SITEUSERSECONDARYROLEID, SITEUSERID, SECONDARYUSERROLEID, CREATEDDATE, CREATEDBY, UPDATEDATE, UPDATEBY, DESCRIPTION) VALUES (714, 580, 2, null, null, null, null, null);
INSERT INTO PUBLIC.SITEUSERSECONDARYROLE (SITEUSERSECONDARYROLEID, SITEUSERID, SECONDARYUSERROLEID, CREATEDDATE, CREATEDBY, UPDATEDATE, UPDATEBY, DESCRIPTION) VALUES (715, 580, 3, null, null, null, null, null);
INSERT INTO PUBLIC.SITEUSERSECONDARYROLE (SITEUSERSECONDARYROLEID, SITEUSERID, SECONDARYUSERROLEID, CREATEDDATE, CREATEDBY, UPDATEDATE, UPDATEBY, DESCRIPTION) VALUES (907, 782, 2, null, null, null, null, null);
INSERT INTO PUBLIC.SITEUSERSECONDARYROLE (SITEUSERSECONDARYROLEID, SITEUSERID, SECONDARYUSERROLEID, CREATEDDATE, CREATEDBY, UPDATEDATE, UPDATEBY, DESCRIPTION) VALUES (908, 782, 3, null, null, null, null, null);
INSERT INTO PUBLIC.SITEUSERSECONDARYROLE (SITEUSERSECONDARYROLEID, SITEUSERID, SECONDARYUSERROLEID, CREATEDDATE, CREATEDBY, UPDATEDATE, UPDATEBY, DESCRIPTION) VALUES (1222, 1102, 1, null, null, null, null, null);
INSERT INTO PUBLIC.SITEUSERSECONDARYROLE (SITEUSERSECONDARYROLEID, SITEUSERID, SECONDARYUSERROLEID, CREATEDDATE, CREATEDBY, UPDATEDATE, UPDATEBY, DESCRIPTION) VALUES (1225, 886, 3, null, null, null, null, null);
INSERT INTO PUBLIC.SITEUSERSECONDARYROLE (SITEUSERSECONDARYROLEID, SITEUSERID, SECONDARYUSERROLEID, CREATEDDATE, CREATEDBY, UPDATEDATE, UPDATEBY, DESCRIPTION) VALUES (713, 579, 1, null, null, null, null, null);
INSERT INTO PUBLIC.SITEUSERSECONDARYROLE (SITEUSERSECONDARYROLEID, SITEUSERID, SECONDARYUSERROLEID, CREATEDDATE, CREATEDBY, UPDATEDATE, UPDATEBY, DESCRIPTION) VALUES (703, 570, 1, null, null, null, null, null);
INSERT INTO PUBLIC.SITEUSERSECONDARYROLE (SITEUSERSECONDARYROLEID, SITEUSERID, SECONDARYUSERROLEID, CREATEDDATE, CREATEDBY, UPDATEDATE, UPDATEBY, DESCRIPTION) VALUES (906, 522, 3, null, null, null, null, null);
INSERT INTO PUBLIC.SITEUSERSECONDARYROLE (SITEUSERSECONDARYROLEID, SITEUSERID, SECONDARYUSERROLEID, CREATEDDATE, CREATEDBY, UPDATEDATE, UPDATEBY, DESCRIPTION) VALUES (705, 571, 2, null, null, null, null, null);
INSERT INTO PUBLIC.SITEUSERSECONDARYROLE (SITEUSERSECONDARYROLEID, SITEUSERID, SECONDARYUSERROLEID, CREATEDDATE, CREATEDBY, UPDATEDATE, UPDATEBY, DESCRIPTION) VALUES (706, 571, 1, null, null, null, null, null);
INSERT INTO PUBLIC.SITEUSERSECONDARYROLE (SITEUSERSECONDARYROLEID, SITEUSERID, SECONDARYUSERROLEID, CREATEDDATE, CREATEDBY, UPDATEDATE, UPDATEBY, DESCRIPTION) VALUES (707, 571, 3, null, null, null, null, null);
INSERT INTO PUBLIC.SITEUSERSECONDARYROLE (SITEUSERSECONDARYROLEID, SITEUSERID, SECONDARYUSERROLEID, CREATEDDATE, CREATEDBY, UPDATEDATE, UPDATEBY, DESCRIPTION) VALUES (716, 581, 3, null, null, null, null, null);
INSERT INTO PUBLIC.SITEUSERSECONDARYROLE (SITEUSERSECONDARYROLEID, SITEUSERID, SECONDARYUSERROLEID, CREATEDDATE, CREATEDBY, UPDATEDATE, UPDATEBY, DESCRIPTION) VALUES (717, 581, 2, null, null, null, null, null);
INSERT INTO PUBLIC.SITEUSERSECONDARYROLE (SITEUSERSECONDARYROLEID, SITEUSERID, SECONDARYUSERROLEID, CREATEDDATE, CREATEDBY, UPDATEDATE, UPDATEBY, DESCRIPTION) VALUES (723, 584, 2, null, null, null, null, null);
INSERT INTO PUBLIC.SITEUSERSECONDARYROLE (SITEUSERSECONDARYROLEID, SITEUSERID, SECONDARYUSERROLEID, CREATEDDATE, CREATEDBY, UPDATEDATE, UPDATEBY, DESCRIPTION) VALUES (719, 573, 2, null, null, null, null, null);
INSERT INTO PUBLIC.SITEUSERSECONDARYROLE (SITEUSERSECONDARYROLEID, SITEUSERID, SECONDARYUSERROLEID, CREATEDDATE, CREATEDBY, UPDATEDATE, UPDATEBY, DESCRIPTION) VALUES (720, 573, 3, null, null, null, null, null);
INSERT INTO PUBLIC.SITEUSERSECONDARYROLE (SITEUSERSECONDARYROLEID, SITEUSERID, SECONDARYUSERROLEID, CREATEDDATE, CREATEDBY, UPDATEDATE, UPDATEBY, DESCRIPTION) VALUES (721, 583, 3, null, null, null, null, null);
INSERT INTO PUBLIC.SITEUSERSECONDARYROLE (SITEUSERSECONDARYROLEID, SITEUSERID, SECONDARYUSERROLEID, CREATEDDATE, CREATEDBY, UPDATEDATE, UPDATEBY, DESCRIPTION) VALUES (722, 583, 2, null, null, null, null, null);
INSERT INTO PUBLIC.SITEUSERSECONDARYROLE (SITEUSERSECONDARYROLEID, SITEUSERID, SECONDARYUSERROLEID, CREATEDDATE, CREATEDBY, UPDATEDATE, UPDATEBY, DESCRIPTION) VALUES (724, 584, 3, null, null, null, null, null);
INSERT INTO PUBLIC.SITEUSERSECONDARYROLE (SITEUSERSECONDARYROLEID, SITEUSERID, SECONDARYUSERROLEID, CREATEDDATE, CREATEDBY, UPDATEDATE, UPDATEBY, DESCRIPTION) VALUES (725, 585, 3, null, null, null, null, null);
INSERT INTO PUBLIC.SITEUSERSECONDARYROLE (SITEUSERSECONDARYROLEID, SITEUSERID, SECONDARYUSERROLEID, CREATEDDATE, CREATEDBY, UPDATEDATE, UPDATEBY, DESCRIPTION) VALUES (726, 585, 2, null, null, null, null, null);
INSERT INTO PUBLIC.SITEUSERSECONDARYROLE (SITEUSERSECONDARYROLEID, SITEUSERID, SECONDARYUSERROLEID, CREATEDDATE, CREATEDBY, UPDATEDATE, UPDATEBY, DESCRIPTION) VALUES (742, 602, 3, null, null, null, null, null);
INSERT INTO PUBLIC.SITEUSERSECONDARYROLE (SITEUSERSECONDARYROLEID, SITEUSERID, SECONDARYUSERROLEID, CREATEDDATE, CREATEDBY, UPDATEDATE, UPDATEBY, DESCRIPTION) VALUES (842, 702, 3, null, null, null, null, null);
INSERT INTO PUBLIC.SITEUSERSECONDARYROLE (SITEUSERSECONDARYROLEID, SITEUSERID, SECONDARYUSERROLEID, CREATEDDATE, CREATEDBY, UPDATEDATE, UPDATEBY, DESCRIPTION) VALUES (843, 702, 2, null, null, null, null, null);
INSERT INTO PUBLIC.SITEUSERSECONDARYROLE (SITEUSERSECONDARYROLEID, SITEUSERID, SECONDARYUSERROLEID, CREATEDDATE, CREATEDBY, UPDATEDATE, UPDATEBY, DESCRIPTION) VALUES (844, 703, 2, null, null, null, null, null);
INSERT INTO PUBLIC.SITEUSERSECONDARYROLE (SITEUSERSECONDARYROLEID, SITEUSERID, SECONDARYUSERROLEID, CREATEDDATE, CREATEDBY, UPDATEDATE, UPDATEBY, DESCRIPTION) VALUES (845, 703, 3, null, null, null, null, null);
INSERT INTO PUBLIC.SITEUSERSECONDARYROLE (SITEUSERSECONDARYROLEID, SITEUSERID, SECONDARYUSERROLEID, CREATEDDATE, CREATEDBY, UPDATEDATE, UPDATEBY, DESCRIPTION) VALUES (1002, 902, 3, null, null, null, null, null);
INSERT INTO PUBLIC.SITEUSERSECONDARYROLE (SITEUSERSECONDARYROLEID, SITEUSERID, SECONDARYUSERROLEID, CREATEDDATE, CREATEDBY, UPDATEDATE, UPDATEBY, DESCRIPTION) VALUES (1022, 922, 2, null, null, null, null, null);
INSERT INTO PUBLIC.SITEUSERSECONDARYROLE (SITEUSERSECONDARYROLEID, SITEUSERID, SECONDARYUSERROLEID, CREATEDDATE, CREATEDBY, UPDATEDATE, UPDATEBY, DESCRIPTION) VALUES (1023, 922, 3, null, null, null, null, null);
INSERT INTO PUBLIC.SITEUSERSECONDARYROLE (SITEUSERSECONDARYROLEID, SITEUSERID, SECONDARYUSERROLEID, CREATEDDATE, CREATEDBY, UPDATEDATE, UPDATEBY, DESCRIPTION) VALUES (1082, 942, 1, null, null, null, null, null);
INSERT INTO PUBLIC.SITEUSERSECONDARYROLE (SITEUSERSECONDARYROLEID, SITEUSERID, SECONDARYUSERROLEID, CREATEDDATE, CREATEDBY, UPDATEDATE, UPDATEBY, DESCRIPTION) VALUES (1062, 942, 2, null, null, null, null, null);
INSERT INTO PUBLIC.SITEUSERSECONDARYROLE (SITEUSERSECONDARYROLEID, SITEUSERID, SECONDARYUSERROLEID, CREATEDDATE, CREATEDBY, UPDATEDATE, UPDATEBY, DESCRIPTION) VALUES (1063, 942, 3, null, null, null, null, null);
INSERT INTO PUBLIC.SITEUSERSECONDARYROLE (SITEUSERSECONDARYROLEID, SITEUSERID, SECONDARYUSERROLEID, CREATEDDATE, CREATEDBY, UPDATEDATE, UPDATEBY, DESCRIPTION) VALUES (1102, 982, 3, null, null, null, null, null);
INSERT INTO PUBLIC.SITEUSERSECONDARYROLE (SITEUSERSECONDARYROLEID, SITEUSERID, SECONDARYUSERROLEID, CREATEDDATE, CREATEDBY, UPDATEDATE, UPDATEBY, DESCRIPTION) VALUES (784, 645, 3, null, null, null, null, null);
INSERT INTO PUBLIC.SITEUSERSECONDARYROLE (SITEUSERSECONDARYROLEID, SITEUSERID, SECONDARYUSERROLEID, CREATEDDATE, CREATEDBY, UPDATEDATE, UPDATEBY, DESCRIPTION) VALUES (783, 643, 3, null, null, null, null, null);
INSERT INTO PUBLIC.SITEUSERSECONDARYROLE (SITEUSERSECONDARYROLEID, SITEUSERID, SECONDARYUSERROLEID, CREATEDDATE, CREATEDBY, UPDATEDATE, UPDATEBY, DESCRIPTION) VALUES (803, 663, 3, null, null, null, null, null);
INSERT INTO PUBLIC.SITEUSERSECONDARYROLE (SITEUSERSECONDARYROLEID, SITEUSERID, SECONDARYUSERROLEID, CREATEDDATE, CREATEDBY, UPDATEDATE, UPDATEBY, DESCRIPTION) VALUES (822, 682, 3, null, null, null, null, null);
INSERT INTO PUBLIC.SITEUSERSECONDARYROLE (SITEUSERSECONDARYROLEID, SITEUSERID, SECONDARYUSERROLEID, CREATEDDATE, CREATEDBY, UPDATEDATE, UPDATEBY, DESCRIPTION) VALUES (982, 882, 1, null, null, null, null, null);
INSERT INTO PUBLIC.SITEUSERSECONDARYROLE (SITEUSERSECONDARYROLEID, SITEUSERID, SECONDARYUSERROLEID, CREATEDDATE, CREATEDBY, UPDATEDATE, UPDATEBY, DESCRIPTION) VALUES (1083, 962, 2, null, null, null, null, null);
INSERT INTO PUBLIC.SITEUSERSECONDARYROLE (SITEUSERSECONDARYROLEID, SITEUSERID, SECONDARYUSERROLEID, CREATEDDATE, CREATEDBY, UPDATEDATE, UPDATEBY, DESCRIPTION) VALUES (1084, 962, 3, null, null, null, null, null);
INSERT INTO PUBLIC.SITEUSERSECONDARYROLE (SITEUSERSECONDARYROLEID, SITEUSERID, SECONDARYUSERROLEID, CREATEDDATE, CREATEDBY, UPDATEDATE, UPDATEBY, DESCRIPTION) VALUES (1162, 1042, 2, null, null, null, null, null);
INSERT INTO PUBLIC.SITEUSERSECONDARYROLE (SITEUSERSECONDARYROLEID, SITEUSERID, SECONDARYUSERROLEID, CREATEDDATE, CREATEDBY, UPDATEDATE, UPDATEBY, DESCRIPTION) VALUES (1164, 1042, 3, null, null, null, null, null);
INSERT INTO PUBLIC.SITEUSERSECONDARYROLE (SITEUSERSECONDARYROLEID, SITEUSERID, SECONDARYUSERROLEID, CREATEDDATE, CREATEDBY, UPDATEDATE, UPDATEBY, DESCRIPTION) VALUES (1242, 1122, 2, null, null, null, null, null);
INSERT INTO PUBLIC.SITEUSERSECONDARYROLE (SITEUSERSECONDARYROLEID, SITEUSERID, SECONDARYUSERROLEID, CREATEDDATE, CREATEDBY, UPDATEDATE, UPDATEBY, DESCRIPTION) VALUES (1243, 1122, 3, null, null, null, null, null);
INSERT INTO PUBLIC.SITEUSERSECONDARYROLE (SITEUSERSECONDARYROLEID, SITEUSERID, SECONDARYUSERROLEID, CREATEDDATE, CREATEDBY, UPDATEDATE, UPDATEBY, DESCRIPTION) VALUES (1363, 1242, 2, null, null, null, null, null);
INSERT INTO PUBLIC.SITEUSERSECONDARYROLE (SITEUSERSECONDARYROLEID, SITEUSERID, SECONDARYUSERROLEID, CREATEDDATE, CREATEDBY, UPDATEDATE, UPDATEBY, DESCRIPTION) VALUES (1382, 1262, 1, null, null, null, null, null);
INSERT INTO PUBLIC.SITEUSERSECONDARYROLE (SITEUSERSECONDARYROLEID, SITEUSERID, SECONDARYUSERROLEID, CREATEDDATE, CREATEDBY, UPDATEDATE, UPDATEBY, DESCRIPTION) VALUES (1284, 1163, 2, null, null, null, null, null);
INSERT INTO PUBLIC.SITEUSERSECONDARYROLE (SITEUSERSECONDARYROLEID, SITEUSERID, SECONDARYUSERROLEID, CREATEDDATE, CREATEDBY, UPDATEDATE, UPDATEBY, DESCRIPTION) VALUES (1285, 1163, 3, null, null, null, null, null);
INSERT INTO PUBLIC.SITEUSERSECONDARYROLE (SITEUSERSECONDARYROLEID, SITEUSERID, SECONDARYUSERROLEID, CREATEDDATE, CREATEDBY, UPDATEDATE, UPDATEBY, DESCRIPTION) VALUES (1362, 1242, 1, null, null, null, null, null);
INSERT INTO PUBLIC.SITEUSERSECONDARYROLE (SITEUSERSECONDARYROLEID, SITEUSERID, SECONDARYUSERROLEID, CREATEDDATE, CREATEDBY, UPDATEDATE, UPDATEBY, DESCRIPTION) VALUES (1383, 1262, 2, null, null, null, null, null);
INSERT INTO PUBLIC.SITEUSERSECONDARYROLE (SITEUSERSECONDARYROLEID, SITEUSERID, SECONDARYUSERROLEID, CREATEDDATE, CREATEDBY, UPDATEDATE, UPDATEBY, DESCRIPTION) VALUES (1384, 1262, 3, null, null, null, null, null);
INSERT INTO PUBLIC.SITEUSERSECONDARYROLE (SITEUSERSECONDARYROLEID, SITEUSERID, SECONDARYUSERROLEID, CREATEDDATE, CREATEDBY, UPDATEDATE, UPDATEBY, DESCRIPTION) VALUES (2042, 1922, 3, null, null, null, null, null);
INSERT INTO PUBLIC.SITEUSERSECONDARYROLE (SITEUSERSECONDARYROLEID, SITEUSERID, SECONDARYUSERROLEID, CREATEDDATE, CREATEDBY, UPDATEDATE, UPDATEBY, DESCRIPTION) VALUES (2043, 1923, 2, null, null, null, null, null);
INSERT INTO PUBLIC.SITEUSERSECONDARYROLE (SITEUSERSECONDARYROLEID, SITEUSERID, SECONDARYUSERROLEID, CREATEDDATE, CREATEDBY, UPDATEDATE, UPDATEBY, DESCRIPTION) VALUES (1702, 1542, 1, null, null, null, null, null);
INSERT INTO PUBLIC.SITEUSERSECONDARYROLE (SITEUSERSECONDARYROLEID, SITEUSERID, SECONDARYUSERROLEID, CREATEDDATE, CREATEDBY, UPDATEDATE, UPDATEBY, DESCRIPTION) VALUES (1742, 1602, 3, null, null, null, null, null);
INSERT INTO PUBLIC.SITEUSERSECONDARYROLE (SITEUSERSECONDARYROLEID, SITEUSERID, SECONDARYUSERROLEID, CREATEDDATE, CREATEDBY, UPDATEDATE, UPDATEBY, DESCRIPTION) VALUES (1743, 1602, 2, null, null, null, null, null);
INSERT INTO PUBLIC.SITEUSERSECONDARYROLE (SITEUSERSECONDARYROLEID, SITEUSERID, SECONDARYUSERROLEID, CREATEDDATE, CREATEDBY, UPDATEDATE, UPDATEBY, DESCRIPTION) VALUES (1764, 1625, 1, null, null, null, null, null);
INSERT INTO PUBLIC.SITEUSERSECONDARYROLE (SITEUSERSECONDARYROLEID, SITEUSERID, SECONDARYUSERROLEID, CREATEDDATE, CREATEDBY, UPDATEDATE, UPDATEBY, DESCRIPTION) VALUES (1922, 1662, 2, null, null, null, null, null);
INSERT INTO PUBLIC.SITEUSERSECONDARYROLE (SITEUSERSECONDARYROLEID, SITEUSERID, SECONDARYUSERROLEID, CREATEDDATE, CREATEDBY, UPDATEDATE, UPDATEBY, DESCRIPTION) VALUES (1923, 1662, 1, null, null, null, null, null);
INSERT INTO PUBLIC.SITEUSERSECONDARYROLE (SITEUSERSECONDARYROLEID, SITEUSERID, SECONDARYUSERROLEID, CREATEDDATE, CREATEDBY, UPDATEDATE, UPDATEBY, DESCRIPTION) VALUES (1924, 1662, 3, null, null, null, null, null);
INSERT INTO PUBLIC.SITEUSERSECONDARYROLE (SITEUSERSECONDARYROLEID, SITEUSERID, SECONDARYUSERROLEID, CREATEDDATE, CREATEDBY, UPDATEDATE, UPDATEBY, DESCRIPTION) VALUES (2062, 1962, 3, null, null, null, null, null);
INSERT INTO PUBLIC.SITEUSERSECONDARYROLE (SITEUSERSECONDARYROLEID, SITEUSERID, SECONDARYUSERROLEID, CREATEDDATE, CREATEDBY, UPDATEDATE, UPDATEBY, DESCRIPTION) VALUES (2063, 1965, 2, null, null, null, null, null);
INSERT INTO PUBLIC.SITEUSERSECONDARYROLE (SITEUSERSECONDARYROLEID, SITEUSERID, SECONDARYUSERROLEID, CREATEDDATE, CREATEDBY, UPDATEDATE, UPDATEBY, DESCRIPTION) VALUES (2082, 1982, 1, null, null, null, null, null);
INSERT INTO PUBLIC.SITEUSERSECONDARYROLE (SITEUSERSECONDARYROLEID, SITEUSERID, SECONDARYUSERROLEID, CREATEDDATE, CREATEDBY, UPDATEDATE, UPDATEBY, DESCRIPTION) VALUES (2084, 1982, 2, null, null, null, null, null);
INSERT INTO PUBLIC.SITEUSERSECONDARYROLE (SITEUSERSECONDARYROLEID, SITEUSERID, SECONDARYUSERROLEID, CREATEDDATE, CREATEDBY, UPDATEDATE, UPDATEBY, DESCRIPTION) VALUES (2085, 1982, 3, null, null, null, null, null);
INSERT INTO PUBLIC.SITEUSERSECONDARYROLE (SITEUSERSECONDARYROLEID, SITEUSERID, SECONDARYUSERROLEID, CREATEDDATE, CREATEDBY, UPDATEDATE, UPDATEBY, DESCRIPTION) VALUES (2086, 1984, 2, null, null, null, null, null);
INSERT INTO PUBLIC.SITEUSERSECONDARYROLE (SITEUSERSECONDARYROLEID, SITEUSERID, SECONDARYUSERROLEID, CREATEDDATE, CREATEDBY, UPDATEDATE, UPDATEBY, DESCRIPTION) VALUES (2087, 1984, 3, null, null, null, null, null);
INSERT INTO PUBLIC.SITEUSERSECONDARYROLE (SITEUSERSECONDARYROLEID, SITEUSERID, SECONDARYUSERROLEID, CREATEDDATE, CREATEDBY, UPDATEDATE, UPDATEBY, DESCRIPTION) VALUES (2142, 2042, 1, null, null, null, null, null);
INSERT INTO PUBLIC.SITEUSERSECONDARYROLE (SITEUSERSECONDARYROLEID, SITEUSERID, SECONDARYUSERROLEID, CREATEDDATE, CREATEDBY, UPDATEDATE, UPDATEBY, DESCRIPTION) VALUES (2164, 2084, 1, null, null, null, null, null);
INSERT INTO PUBLIC.SITEUSERSECONDARYROLE (SITEUSERSECONDARYROLEID, SITEUSERID, SECONDARYUSERROLEID, CREATEDDATE, CREATEDBY, UPDATEDATE, UPDATEBY, DESCRIPTION) VALUES (2182, 443, 2, null, null, null, null, null);
INSERT INTO PUBLIC.SITEUSERSECONDARYROLE (SITEUSERSECONDARYROLEID, SITEUSERID, SECONDARYUSERROLEID, CREATEDDATE, CREATEDBY, UPDATEDATE, UPDATEBY, DESCRIPTION) VALUES (2204, 2123, 2, null, null, null, null, null);
INSERT INTO PUBLIC.SITEUSERSECONDARYROLE (SITEUSERSECONDARYROLEID, SITEUSERID, SECONDARYUSERROLEID, CREATEDDATE, CREATEDBY, UPDATEDATE, UPDATEBY, DESCRIPTION) VALUES (2202, 2122, 2, null, null, null, null, null);
INSERT INTO PUBLIC.SITEUSERSECONDARYROLE (SITEUSERSECONDARYROLEID, SITEUSERID, SECONDARYUSERROLEID, CREATEDDATE, CREATEDBY, UPDATEDATE, UPDATEBY, DESCRIPTION) VALUES (2203, 2122, 3, null, null, null, null, null);
INSERT INTO PUBLIC.SITEUSERSECONDARYROLE (SITEUSERSECONDARYROLEID, SITEUSERID, SECONDARYUSERROLEID, CREATEDDATE, CREATEDBY, UPDATEDATE, UPDATEBY, DESCRIPTION) VALUES (2205, 2123, 3, null, null, null, null, null);
INSERT INTO PUBLIC.SITEUSERSECONDARYROLE (SITEUSERSECONDARYROLEID, SITEUSERID, SECONDARYUSERROLEID, CREATEDDATE, CREATEDBY, UPDATEDATE, UPDATEBY, DESCRIPTION) VALUES (2206, 2124, 2, null, null, null, null, null);
INSERT INTO PUBLIC.SITEUSERSECONDARYROLE (SITEUSERSECONDARYROLEID, SITEUSERID, SECONDARYUSERROLEID, CREATEDDATE, CREATEDBY, UPDATEDATE, UPDATEBY, DESCRIPTION) VALUES (2207, 2124, 3, null, null, null, null, null);
INSERT INTO PUBLIC.SITEUSERSECONDARYROLE (SITEUSERSECONDARYROLEID, SITEUSERID, SECONDARYUSERROLEID, CREATEDDATE, CREATEDBY, UPDATEDATE, UPDATEBY, DESCRIPTION) VALUES (2208, 2125, 2, null, null, null, null, null);
INSERT INTO PUBLIC.SITEUSERSECONDARYROLE (SITEUSERSECONDARYROLEID, SITEUSERID, SECONDARYUSERROLEID, CREATEDDATE, CREATEDBY, UPDATEDATE, UPDATEBY, DESCRIPTION) VALUES (2209, 2125, 3, null, null, null, null, null);
INSERT INTO PUBLIC.SITEUSERSECONDARYROLE (SITEUSERSECONDARYROLEID, SITEUSERID, SECONDARYUSERROLEID, CREATEDDATE, CREATEDBY, UPDATEDATE, UPDATEBY, DESCRIPTION) VALUES (2210, 2126, 2, null, null, null, null, null);
INSERT INTO PUBLIC.SITEUSERSECONDARYROLE (SITEUSERSECONDARYROLEID, SITEUSERID, SECONDARYUSERROLEID, CREATEDDATE, CREATEDBY, UPDATEDATE, UPDATEBY, DESCRIPTION) VALUES (2211, 2126, 3, null, null, null, null, null);
INSERT INTO PUBLIC.SITEUSERSECONDARYROLE (SITEUSERSECONDARYROLEID, SITEUSERID, SECONDARYUSERROLEID, CREATEDDATE, CREATEDBY, UPDATEDATE, UPDATEBY, DESCRIPTION) VALUES (1302, 1182, 2, null, null, null, null, null);
INSERT INTO PUBLIC.SITEUSERSECONDARYROLE (SITEUSERSECONDARYROLEID, SITEUSERID, SECONDARYUSERROLEID, CREATEDDATE, CREATEDBY, UPDATEDATE, UPDATEBY, DESCRIPTION) VALUES (1303, 1182, 3, null, null, null, null, null);
INSERT INTO PUBLIC.SITEUSERSECONDARYROLE (SITEUSERSECONDARYROLEID, SITEUSERID, SECONDARYUSERROLEID, CREATEDDATE, CREATEDBY, UPDATEDATE, UPDATEBY, DESCRIPTION) VALUES (1304, 1183, 2, null, null, null, null, null);
INSERT INTO PUBLIC.SITEUSERSECONDARYROLE (SITEUSERSECONDARYROLEID, SITEUSERID, SECONDARYUSERROLEID, CREATEDDATE, CREATEDBY, UPDATEDATE, UPDATEBY, DESCRIPTION) VALUES (1305, 1183, 3, null, null, null, null, null);
INSERT INTO PUBLIC.SITEUSERSECONDARYROLE (SITEUSERSECONDARYROLEID, SITEUSERID, SECONDARYUSERROLEID, CREATEDDATE, CREATEDBY, UPDATEDATE, UPDATEBY, DESCRIPTION) VALUES (2165, 2085, 1, null, null, null, null, null);
INSERT INTO PUBLIC.SITEUSERSECONDARYROLE (SITEUSERSECONDARYROLEID, SITEUSERID, SECONDARYUSERROLEID, CREATEDDATE, CREATEDBY, UPDATEDATE, UPDATEBY, DESCRIPTION) VALUES (1542, 541, 3, null, null, null, null, null);
INSERT INTO PUBLIC.SITEUSERSECONDARYROLE (SITEUSERSECONDARYROLEID, SITEUSERID, SECONDARYUSERROLEID, CREATEDDATE, CREATEDBY, UPDATEDATE, UPDATEBY, DESCRIPTION) VALUES (1444, 1242, 3, null, null, null, null, null);
INSERT INTO PUBLIC.SITEUSERSECONDARYROLE (SITEUSERSECONDARYROLEID, SITEUSERID, SECONDARYUSERROLEID, CREATEDDATE, CREATEDBY, UPDATEDATE, UPDATEBY, DESCRIPTION) VALUES (1802, 1562, 3, null, null, null, null, null);
INSERT INTO PUBLIC.SITEUSERSECONDARYROLE (SITEUSERSECONDARYROLEID, SITEUSERID, SECONDARYUSERROLEID, CREATEDDATE, CREATEDBY, UPDATEDATE, UPDATEBY, DESCRIPTION) VALUES (1983, 1843, 3, null, null, null, null, null);
INSERT INTO PUBLIC.SITEUSERSECONDARYROLE (SITEUSERSECONDARYROLEID, SITEUSERID, SECONDARYUSERROLEID, CREATEDDATE, CREATEDBY, UPDATEDATE, UPDATEBY, DESCRIPTION) VALUES (1984, 1843, 2, null, null, null, null, null);
INSERT INTO PUBLIC.SITEUSERSECONDARYROLE (SITEUSERSECONDARYROLEID, SITEUSERID, SECONDARYUSERROLEID, CREATEDDATE, CREATEDBY, UPDATEDATE, UPDATEBY, DESCRIPTION) VALUES (1263, 1143, 1, null, null, null, null, null);
INSERT INTO PUBLIC.SITEUSERSECONDARYROLE (SITEUSERSECONDARYROLEID, SITEUSERID, SECONDARYUSERROLEID, CREATEDDATE, CREATEDBY, UPDATEDATE, UPDATEBY, DESCRIPTION) VALUES (1423, 1302, 3, null, null, null, null, null);
INSERT INTO PUBLIC.SITEUSERSECONDARYROLE (SITEUSERSECONDARYROLEID, SITEUSERID, SECONDARYUSERROLEID, CREATEDDATE, CREATEDBY, UPDATEDATE, UPDATEBY, DESCRIPTION) VALUES (1443, 1323, 3, null, null, null, null, null);
INSERT INTO PUBLIC.SITEUSERSECONDARYROLE (SITEUSERSECONDARYROLEID, SITEUSERID, SECONDARYUSERROLEID, CREATEDDATE, CREATEDBY, UPDATEDATE, UPDATEBY, DESCRIPTION) VALUES (1462, 1342, 2, null, null, null, null, null);
INSERT INTO PUBLIC.SITEUSERSECONDARYROLE (SITEUSERSECONDARYROLEID, SITEUSERID, SECONDARYUSERROLEID, CREATEDDATE, CREATEDBY, UPDATEDATE, UPDATEBY, DESCRIPTION) VALUES (1422, 1302, 2, null, null, null, null, null);
INSERT INTO PUBLIC.SITEUSERSECONDARYROLE (SITEUSERSECONDARYROLEID, SITEUSERID, SECONDARYUSERROLEID, CREATEDDATE, CREATEDBY, UPDATEDATE, UPDATEBY, DESCRIPTION) VALUES (1426, 1303, 2, null, null, null, null, null);
INSERT INTO PUBLIC.SITEUSERSECONDARYROLE (SITEUSERSECONDARYROLEID, SITEUSERID, SECONDARYUSERROLEID, CREATEDDATE, CREATEDBY, UPDATEDATE, UPDATEBY, DESCRIPTION) VALUES (1442, 1322, 3, null, null, null, null, null);
INSERT INTO PUBLIC.SITEUSERSECONDARYROLE (SITEUSERSECONDARYROLEID, SITEUSERID, SECONDARYUSERROLEID, CREATEDDATE, CREATEDBY, UPDATEDATE, UPDATEBY, DESCRIPTION) VALUES (1463, 1342, 1, null, null, null, null, null);
INSERT INTO PUBLIC.SITEUSERSECONDARYROLE (SITEUSERSECONDARYROLEID, SITEUSERID, SECONDARYUSERROLEID, CREATEDDATE, CREATEDBY, UPDATEDATE, UPDATEBY, DESCRIPTION) VALUES (1464, 1342, 3, null, null, null, null, null);
INSERT INTO PUBLIC.SITEUSERSECONDARYROLE (SITEUSERSECONDARYROLEID, SITEUSERID, SECONDARYUSERROLEID, CREATEDDATE, CREATEDBY, UPDATEDATE, UPDATEBY, DESCRIPTION) VALUES (1465, 1343, 2, null, null, null, null, null);
INSERT INTO PUBLIC.SITEUSERSECONDARYROLE (SITEUSERSECONDARYROLEID, SITEUSERID, SECONDARYUSERROLEID, CREATEDDATE, CREATEDBY, UPDATEDATE, UPDATEBY, DESCRIPTION) VALUES (1466, 1343, 3, null, null, null, null, null);
INSERT INTO PUBLIC.SITEUSERSECONDARYROLE (SITEUSERSECONDARYROLEID, SITEUSERID, SECONDARYUSERROLEID, CREATEDDATE, CREATEDBY, UPDATEDATE, UPDATEBY, DESCRIPTION) VALUES (1582, 886, 2, null, null, null, null, null);
INSERT INTO PUBLIC.SITEUSERSECONDARYROLE (SITEUSERSECONDARYROLEID, SITEUSERID, SECONDARYUSERROLEID, CREATEDDATE, CREATEDBY, UPDATEDATE, UPDATEBY, DESCRIPTION) VALUES (1602, 1442, 3, null, null, null, null, null);
INSERT INTO PUBLIC.SITEUSERSECONDARYROLE (SITEUSERSECONDARYROLEID, SITEUSERID, SECONDARYUSERROLEID, CREATEDDATE, CREATEDBY, UPDATEDATE, UPDATEBY, DESCRIPTION) VALUES (1624, 1463, 1, null, null, null, null, null);
INSERT INTO PUBLIC.SITEUSERSECONDARYROLE (SITEUSERSECONDARYROLEID, SITEUSERID, SECONDARYUSERROLEID, CREATEDDATE, CREATEDBY, UPDATEDATE, UPDATEBY, DESCRIPTION) VALUES (1625, 1464, 1, null, null, null, null, null);
INSERT INTO PUBLIC.SITEUSERSECONDARYROLE (SITEUSERSECONDARYROLEID, SITEUSERID, SECONDARYUSERROLEID, CREATEDDATE, CREATEDBY, UPDATEDATE, UPDATEBY, DESCRIPTION) VALUES (1882, 1762, 2, null, null, null, null, null);
INSERT INTO PUBLIC.SITEUSERSECONDARYROLE (SITEUSERSECONDARYROLEID, SITEUSERID, SECONDARYUSERROLEID, CREATEDDATE, CREATEDBY, UPDATEDATE, UPDATEBY, DESCRIPTION) VALUES (1883, 1762, 3, null, null, null, null, null);
INSERT INTO PUBLIC.SITEUSERSECONDARYROLE (SITEUSERSECONDARYROLEID, SITEUSERID, SECONDARYUSERROLEID, CREATEDDATE, CREATEDBY, UPDATEDATE, UPDATEBY, DESCRIPTION) VALUES (1842, 1723, 3, null, null, null, null, null);
INSERT INTO PUBLIC.SITEUSERSECONDARYROLE (SITEUSERSECONDARYROLEID, SITEUSERID, SECONDARYUSERROLEID, CREATEDDATE, CREATEDBY, UPDATEDATE, UPDATEBY, DESCRIPTION) VALUES (1843, 1723, 2, null, null, null, null, null);
INSERT INTO PUBLIC.SITEUSERSECONDARYROLE (SITEUSERSECONDARYROLEID, SITEUSERID, SECONDARYUSERROLEID, CREATEDDATE, CREATEDBY, UPDATEDATE, UPDATEBY, DESCRIPTION) VALUES (1862, 1742, 1, null, null, null, null, null);
INSERT INTO PUBLIC.SITEUSERSECONDARYROLE (SITEUSERSECONDARYROLEID, SITEUSERID, SECONDARYUSERROLEID, CREATEDDATE, CREATEDBY, UPDATEDATE, UPDATEBY, DESCRIPTION) VALUES (2122, 2022, 3, null, null, null, null, null);
INSERT INTO PUBLIC.SITEUSERSECONDARYROLE (SITEUSERSECONDARYROLEID, SITEUSERID, SECONDARYUSERROLEID, CREATEDDATE, CREATEDBY, UPDATEDATE, UPDATEBY, DESCRIPTION) VALUES (1903, 1782, 3, null, null, null, null, null);
INSERT INTO PUBLIC.SITEUSERSECONDARYROLE (SITEUSERSECONDARYROLEID, SITEUSERID, SECONDARYUSERROLEID, CREATEDDATE, CREATEDBY, UPDATEDATE, UPDATEBY, DESCRIPTION) VALUES (1942, 1802, 3, null, null, null, null, null);
INSERT INTO PUBLIC.SITEUSERSECONDARYROLE (SITEUSERSECONDARYROLEID, SITEUSERID, SECONDARYUSERROLEID, CREATEDDATE, CREATEDBY, UPDATEDATE, UPDATEBY, DESCRIPTION) VALUES (1943, 1802, 2, null, null, null, null, null);
INSERT INTO PUBLIC.SITEUSERSECONDARYROLE (SITEUSERSECONDARYROLEID, SITEUSERID, SECONDARYUSERROLEID, CREATEDDATE, CREATEDBY, UPDATEDATE, UPDATEBY, DESCRIPTION) VALUES (1944, 1803, 3, null, null, null, null, null);
INSERT INTO PUBLIC.SITEUSERSECONDARYROLE (SITEUSERSECONDARYROLEID, SITEUSERID, SECONDARYUSERROLEID, CREATEDDATE, CREATEDBY, UPDATEDATE, UPDATEBY, DESCRIPTION) VALUES (1945, 1803, 2, null, null, null, null, null);
INSERT INTO PUBLIC.SITEUSERSECONDARYROLE (SITEUSERSECONDARYROLEID, SITEUSERID, SECONDARYUSERROLEID, CREATEDDATE, CREATEDBY, UPDATEDATE, UPDATEBY, DESCRIPTION) VALUES (2022, 1882, 1, null, null, null, null, null);
INSERT INTO PUBLIC.SITEUSERSECONDARYROLE (SITEUSERSECONDARYROLEID, SITEUSERID, SECONDARYUSERROLEID, CREATEDDATE, CREATEDBY, UPDATEDATE, UPDATEBY, DESCRIPTION) VALUES (2143, 2043, 2, null, null, null, null, null);
INSERT INTO PUBLIC.SITEUSERSECONDARYROLE (SITEUSERSECONDARYROLEID, SITEUSERID, SECONDARYUSERROLEID, CREATEDDATE, CREATEDBY, UPDATEDATE, UPDATEBY, DESCRIPTION) VALUES (2144, 2043, 3, null, null, null, null, null);
INSERT INTO PUBLIC.SITEUSERSECONDARYROLE (SITEUSERSECONDARYROLEID, SITEUSERID, SECONDARYUSERROLEID, CREATEDDATE, CREATEDBY, UPDATEDATE, UPDATEBY, DESCRIPTION) VALUES (2162, 2082, 1, null, null, null, null, null);
INSERT INTO PUBLIC.SITEUSERSECONDARYROLE (SITEUSERSECONDARYROLEID, SITEUSERID, SECONDARYUSERROLEID, CREATEDDATE, CREATEDBY, UPDATEDATE, UPDATEBY, DESCRIPTION) VALUES (2163, 2083, 1, null, null, null, null, null);
INSERT INTO PUBLIC.SITEUSERSECONDARYROLE (SITEUSERSECONDARYROLEID, SITEUSERID, SECONDARYUSERROLEID, CREATEDDATE, CREATEDBY, UPDATEDATE, UPDATEBY, DESCRIPTION) VALUES (1262, 1142, 1, null, null, null, null, null);
INSERT INTO PUBLIC.SITEUSERSECONDARYROLE (SITEUSERSECONDARYROLEID, SITEUSERID, SECONDARYUSERROLEID, CREATEDDATE, CREATEDBY, UPDATEDATE, UPDATEBY, DESCRIPTION) VALUES (1322, 1202, 1, null, null, null, null, null);
INSERT INTO PUBLIC.SITEUSERSECONDARYROLE (SITEUSERSECONDARYROLEID, SITEUSERID, SECONDARYUSERROLEID, CREATEDDATE, CREATEDBY, UPDATEDATE, UPDATEBY, DESCRIPTION) VALUES (1502, 1382, 2, null, null, null, null, null);
INSERT INTO PUBLIC.SITEUSERSECONDARYROLE (SITEUSERSECONDARYROLEID, SITEUSERID, SECONDARYUSERROLEID, CREATEDDATE, CREATEDBY, UPDATEDATE, UPDATEBY, DESCRIPTION) VALUES (1503, 1382, 3, null, null, null, null, null);
INSERT INTO PUBLIC.SITEUSERSECONDARYROLE (SITEUSERSECONDARYROLEID, SITEUSERID, SECONDARYUSERROLEID, CREATEDDATE, CREATEDBY, UPDATEDATE, UPDATEBY, DESCRIPTION) VALUES (1522, 1402, 2, null, null, null, null, null);
INSERT INTO PUBLIC.SITEUSERSECONDARYROLE (SITEUSERSECONDARYROLEID, SITEUSERID, SECONDARYUSERROLEID, CREATEDDATE, CREATEDBY, UPDATEDATE, UPDATEBY, DESCRIPTION) VALUES (1523, 1402, 3, null, null, null, null, null);
INSERT INTO PUBLIC.SITEUSERSECONDARYROLE (SITEUSERSECONDARYROLEID, SITEUSERID, SECONDARYUSERROLEID, CREATEDDATE, CREATEDBY, UPDATEDATE, UPDATEBY, DESCRIPTION) VALUES (1562, 1422, 3, null, null, null, null, null);
INSERT INTO PUBLIC.SITEUSERSECONDARYROLE (SITEUSERSECONDARYROLEID, SITEUSERID, SECONDARYUSERROLEID, CREATEDDATE, CREATEDBY, UPDATEDATE, UPDATEBY, DESCRIPTION) VALUES (1563, 1422, 2, null, null, null, null, null);
INSERT INTO PUBLIC.SITEUSERSECONDARYROLE (SITEUSERSECONDARYROLEID, SITEUSERID, SECONDARYUSERROLEID, CREATEDDATE, CREATEDBY, UPDATEDATE, UPDATEBY, DESCRIPTION) VALUES (1622, 1462, 3, null, null, null, null, null);
INSERT INTO PUBLIC.SITEUSERSECONDARYROLE (SITEUSERSECONDARYROLEID, SITEUSERID, SECONDARYUSERROLEID, CREATEDDATE, CREATEDBY, UPDATEDATE, UPDATEBY, DESCRIPTION) VALUES (1623, 1462, 2, null, null, null, null, null);
INSERT INTO PUBLIC.SITEUSERSECONDARYROLE (SITEUSERSECONDARYROLEID, SITEUSERID, SECONDARYUSERROLEID, CREATEDDATE, CREATEDBY, UPDATEDATE, UPDATEBY, DESCRIPTION) VALUES (1642, 1482, 3, null, null, null, null, null);
INSERT INTO PUBLIC.SITEUSERSECONDARYROLE (SITEUSERSECONDARYROLEID, SITEUSERID, SECONDARYUSERROLEID, CREATEDDATE, CREATEDBY, UPDATEDATE, UPDATEBY, DESCRIPTION) VALUES (1643, 1482, 2, null, null, null, null, null);
INSERT INTO PUBLIC.SITEUSERSECONDARYROLE (SITEUSERSECONDARYROLEID, SITEUSERID, SECONDARYUSERROLEID, CREATEDDATE, CREATEDBY, UPDATEDATE, UPDATEBY, DESCRIPTION) VALUES (1723, 1563, 1, null, null, null, null, null);
INSERT INTO PUBLIC.SITEUSERSECONDARYROLE (SITEUSERSECONDARYROLEID, SITEUSERID, SECONDARYUSERROLEID, CREATEDDATE, CREATEDBY, UPDATEDATE, UPDATEBY, DESCRIPTION) VALUES (1762, 1624, 2, null, null, null, null, null);
INSERT INTO PUBLIC.SITEUSERSECONDARYROLE (SITEUSERSECONDARYROLEID, SITEUSERID, SECONDARYUSERROLEID, CREATEDDATE, CREATEDBY, UPDATEDATE, UPDATEBY, DESCRIPTION) VALUES (1763, 1624, 3, null, null, null, null, null);
INSERT INTO PUBLIC.SITEUSERSECONDARYROLE (SITEUSERSECONDARYROLEID, SITEUSERID, SECONDARYUSERROLEID, CREATEDDATE, CREATEDBY, UPDATEDATE, UPDATEBY, DESCRIPTION) VALUES (1722, 1562, 2, null, null, null, null, null);
INSERT INTO PUBLIC.SITEUSERSECONDARYROLE (SITEUSERSECONDARYROLEID, SITEUSERID, SECONDARYUSERROLEID, CREATEDDATE, CREATEDBY, UPDATEDATE, UPDATEBY, DESCRIPTION) VALUES (1982, 1842, 1, null, null, null, null, null);
INSERT INTO PUBLIC.SITEUSERSECONDARYROLE (SITEUSERSECONDARYROLEID, SITEUSERID, SECONDARYUSERROLEID, CREATEDDATE, CREATEDBY, UPDATEDATE, UPDATEBY, DESCRIPTION) VALUES (2002, 1862, 3, null, null, null, null, null);
INSERT INTO PUBLIC.SITEUSERSECONDARYROLE (SITEUSERSECONDARYROLEID, SITEUSERID, SECONDARYUSERROLEID, CREATEDDATE, CREATEDBY, UPDATEDATE, UPDATEBY, DESCRIPTION) VALUES (1784, 1684, 1, null, null, null, null, null);
INSERT INTO PUBLIC.SITEUSERSECONDARYROLE (SITEUSERSECONDARYROLEID, SITEUSERID, SECONDARYUSERROLEID, CREATEDDATE, CREATEDBY, UPDATEDATE, UPDATEBY, DESCRIPTION) VALUES (1789, 1688, 2, null, null, null, null, null);
INSERT INTO PUBLIC.SITEUSERSECONDARYROLE (SITEUSERSECONDARYROLEID, SITEUSERID, SECONDARYUSERROLEID, CREATEDDATE, CREATEDBY, UPDATEDATE, UPDATEBY, DESCRIPTION) VALUES (1786, 1686, 1, null, null, null, null, null);
INSERT INTO PUBLIC.SITEUSERSECONDARYROLE (SITEUSERSECONDARYROLEID, SITEUSERID, SECONDARYUSERROLEID, CREATEDDATE, CREATEDBY, UPDATEDATE, UPDATEBY, DESCRIPTION) VALUES (1787, 1687, 1, null, null, null, null, null);
INSERT INTO PUBLIC.SITEUSERSECONDARYROLE (SITEUSERSECONDARYROLEID, SITEUSERID, SECONDARYUSERROLEID, CREATEDDATE, CREATEDBY, UPDATEDATE, UPDATEBY, DESCRIPTION) VALUES (1788, 1688, 3, null, null, null, null, null);
INSERT INTO PUBLIC.SITEUSERSECONDARYROLE (SITEUSERSECONDARYROLEID, SITEUSERID, SECONDARYUSERROLEID, CREATEDDATE, CREATEDBY, UPDATEDATE, UPDATEBY, DESCRIPTION) VALUES (1962, 1822, 2, null, null, null, null, null);
INSERT INTO PUBLIC.SITEUSERSECONDARYROLE (SITEUSERSECONDARYROLEID, SITEUSERID, SECONDARYUSERROLEID, CREATEDDATE, CREATEDBY, UPDATEDATE, UPDATEBY, DESCRIPTION) VALUES (1963, 1822, 3, null, null, null, null, null);
INSERT INTO PUBLIC.SITEUSERSECONDARYROLE (SITEUSERSECONDARYROLEID, SITEUSERID, SECONDARYUSERROLEID, CREATEDDATE, CREATEDBY, UPDATEDATE, UPDATEBY, DESCRIPTION) VALUES (2003, 1862, 2, null, null, null, null, null);
INSERT INTO PUBLIC.SITEUSERSECONDARYROLE (SITEUSERSECONDARYROLEID, SITEUSERID, SECONDARYUSERROLEID, CREATEDDATE, CREATEDBY, UPDATEDATE, UPDATEBY, DESCRIPTION) VALUES (2004, 1863, 3, null, null, null, null, null);
INSERT INTO PUBLIC.SITEUSERSECONDARYROLE (SITEUSERSECONDARYROLEID, SITEUSERID, SECONDARYUSERROLEID, CREATEDDATE, CREATEDBY, UPDATEDATE, UPDATEBY, DESCRIPTION) VALUES (2005, 1863, 2, null, null, null, null, null);
INSERT INTO PUBLIC.SITEUSERSECONDARYROLE (SITEUSERSECONDARYROLEID, SITEUSERID, SECONDARYUSERROLEID, CREATEDDATE, CREATEDBY, UPDATEDATE, UPDATEBY, DESCRIPTION) VALUES (2102, 2002, 3, null, null, null, null, null);
INSERT INTO PUBLIC.SITEUSERSECONDARYROLE (SITEUSERSECONDARYROLEID, SITEUSERID, SECONDARYUSERROLEID, CREATEDDATE, CREATEDBY, UPDATEDATE, UPDATEBY, DESCRIPTION) VALUES (2103, 2002, 2, null, null, null, null, null);